environment_name,module_name,pcg,site_name,entity,recipe_version,pcg_1,parameter_name,parameter_value,entity_1,link,operation,site,pcg_op
PROD CPU,TCB,ADL P282,CHENGDU6;SAIGON;CHENGDU;,A90_AFB00009,129,ADL P282,POST_LOT_TEST_PLAN,74_ADL_P282_TCB_DCP,A90_AFB00009,A90_TCB203,1204,A90,ADL P282_1204
PROD CPU,TCB,ADL P282,CHENGDU6;SAIGON;CHENGDU;,A90_AFB00010,129,ADL P282,POST_LOT_TEST_PLAN,74_ADL_P282_TCB_DCP,A90_AFB00010,A90_TCB203,1204,A90,ADL P282_1204
PROD CPU,TCB,ADL P282,CHENGDU6;SAIGON;CHENGDU;,A90_AFB00011,129,ADL P282,POST_LOT_TEST_PLAN,74_ADL_P282_TCB_DCP,A90_AFB00011,A90_TCB203,1204,A90,ADL P282_1204
PROD CPU,TCB,ADL P282,CHENGDU6;SAIGON;CHENGDU;,A90_AFB00012,129,ADL P282,POST_LOT_TEST_PLAN,74_ADL_P282_TCB_DCP,A90_AFB00012,A90_TCB203,1204,A90,ADL P282_1204
PROD CPU,TCB,ADL P282,CHENGDU6;SAIGON;CHENGDU;,A90_AFB00013,129,ADL P282,POST_LOT_TEST_PLAN,74_ADL_P282_TCB_DCP,A90_AFB00013,A90_TCB204,1204,A90,ADL P282_1204
PROD CPU,TCB,ADL P282,CHENGDU6;SAIGON;CHENGDU;,A90_AFB00014,129,ADL P282,POST_LOT_TEST_PLAN,74_ADL_P282_TCB_DCP,A90_AFB00014,A90_TCB204,1204,A90,ADL P282_1204
PROD CPU,TCB,ADL P282,CHENGDU6;SAIGON;CHENGDU;,A90_AFB00015,129,ADL P282,POST_LOT_TEST_PLAN,74_ADL_P282_TCB_DCP,A90_AFB00015,A90_TCB204,1204,A90,ADL P282_1204
PROD CPU,TCB,ADL P282,CHENGDU6;SAIGON;CHENGDU;,A90_AFB00016,129,ADL P282,POST_LOT_TEST_PLAN,74_ADL_P282_TCB_DCP,A90_AFB00016,A90_TCB204,1204,A90,ADL P282_1204
PROD CPU,TCB,ADL P282,CHENGDU6;SAIGON;CHENGDU;,A90_AFB00017,129,ADL P282,POST_LOT_TEST_PLAN,74_ADL_P282_TCB_DCP,A90_AFB00017,A90_TCB205,1204,A90,ADL P282_1204
PROD CPU,TCB,ADL P282,CHENGDU6;SAIGON;CHENGDU;,A90_AFB00018,129,ADL P282,POST_LOT_TEST_PLAN,74_ADL_P282_TCB_DCP,A90_AFB00018,A90_TCB205,1204,A90,ADL P282_1204
PROD CPU,TCB,ADL P282,CHENGDU6;SAIGON;CHENGDU;,A90_AFB00019,129,ADL P282,POST_LOT_TEST_PLAN,74_ADL_P282_TCB_DCP,A90_AFB00019,A90_TCB205,1204,A90,ADL P282_1204
PROD CPU,TCB,ADL P282,CHENGDU6;SAIGON;CHENGDU;,A90_AFB00020,129,ADL P282,POST_LOT_TEST_PLAN,74_ADL_P282_TCB_DCP,A90_AFB00020,A90_TCB205,1204,A90,ADL P282_1204
PROD CPU,TCB,ADL P282,CHENGDU6;SAIGON;CHENGDU;,A90_AFB00021,129,ADL P282,POST_LOT_TEST_PLAN,74_ADL_P282_TCB_DCP,A90_AFB00021,A90_TCB206,1204,A90,ADL P282_1204
PROD CPU,TCB,ADL P282,CHENGDU6;SAIGON;CHENGDU;,A90_AFB00022,129,ADL P282,POST_LOT_TEST_PLAN,74_ADL_P282_TCB_DCP,A90_AFB00022,A90_TCB206,1204,A90,ADL P282_1204
PROD CPU,TCB,ADL P282,CHENGDU6;SAIGON;CHENGDU;,A90_AFB00023,129,ADL P282,POST_LOT_TEST_PLAN,74_ADL_P282_TCB_DCP,A90_AFB00023,A90_TCB206,1204,A90,ADL P282_1204
PROD CPU,TCB,ADL P282,CHENGDU6;SAIGON;CHENGDU;,A90_AFB00024,129,ADL P282,POST_LOT_TEST_PLAN,74_ADL_P282_TCB_DCP,A90_AFB00024,A90_TCB206,1204,A90,ADL P282_1204
PROD CPU,TCB,ADL P282,CHENGDU6;SAIGON;CHENGDU;,A90_AFB00025,129,ADL P282,POST_LOT_TEST_PLAN,74_ADL_P282_TCB_DCP,A90_AFB00025,A90_TCB207,1204,A90,ADL P282_1204
PROD CPU,TCB,ADL P282,CHENGDU6;SAIGON;CHENGDU;,A90_AFB00026,129,ADL P282,POST_LOT_TEST_PLAN,74_ADL_P282_TCB_DCP,A90_AFB00026,A90_TCB207,1204,A90,ADL P282_1204
PROD CPU,TCB,ADL P282,CHENGDU6;SAIGON;CHENGDU;,A90_AFB00027,129,ADL P282,POST_LOT_TEST_PLAN,74_ADL_P282_TCB_DCP,A90_AFB00027,A90_TCB207,1204,A90,ADL P282_1204
PROD CPU,TCB,ADL P282,CHENGDU6;SAIGON;CHENGDU;,A90_AFB00028,129,ADL P282,POST_LOT_TEST_PLAN,74_ADL_P282_TCB_DCP,A90_AFB00028,A90_TCB207,1204,A90,ADL P282_1204
PROD CPU,TCB,ADL P282,CHENGDU6;SAIGON;CHENGDU;,A90_AFB00029,129,ADL P282,POST_LOT_TEST_PLAN,74_ADL_P282_TCB_DCP,A90_AFB00029,A90_TCB208,1204,A90,ADL P282_1204
PROD CPU,TCB,ADL P282,CHENGDU6;SAIGON;CHENGDU;,A90_AFB00030,129,ADL P282,POST_LOT_TEST_PLAN,74_ADL_P282_TCB_DCP,A90_AFB00030,A90_TCB208,1204,A90,ADL P282_1204
PROD CPU,TCB,ADL P282,CHENGDU6;SAIGON;CHENGDU;,A90_AFB00031,129,ADL P282,POST_LOT_TEST_PLAN,74_ADL_P282_TCB_DCP,A90_AFB00031,A90_TCB208,1204,A90,ADL P282_1204
PROD CPU,TCB,ADL P282,CHENGDU6;SAIGON;CHENGDU;,A90_AFB00032,129,ADL P282,POST_LOT_TEST_PLAN,74_ADL_P282_TCB_DCP,A90_AFB00032,A90_TCB208,1204,A90,ADL P282_1204
PROD CPU,TCB,ADL P282,CHENGDU6;SAIGON;CHENGDU;,A90_AFB00033,129,ADL P282,POST_LOT_TEST_PLAN,74_ADL_P282_TCB_DCP,A90_AFB00033,A90_TCB209,1204,A90,ADL P282_1204
PROD CPU,TCB,ADL P282,CHENGDU6;SAIGON;CHENGDU;,A90_AFB00034,129,ADL P282,POST_LOT_TEST_PLAN,74_ADL_P282_TCB_DCP,A90_AFB00034,A90_TCB209,1204,A90,ADL P282_1204
PROD CPU,TCB,ADL P282,CHENGDU6;SAIGON;CHENGDU;,A90_AFB00035,129,ADL P282,POST_LOT_TEST_PLAN,74_ADL_P282_TCB_DCP,A90_AFB00035,A90_TCB209,1204,A90,ADL P282_1204
PROD CPU,TCB,ADL P282,CHENGDU6;SAIGON;CHENGDU;,A90_AFB00036,129,ADL P282,POST_LOT_TEST_PLAN,74_ADL_P282_TCB_DCP,A90_AFB00036,A90_TCB209,1204,A90,ADL P282_1204
PROD CPU,TCB,ADL P282,CHENGDU6;SAIGON;CHENGDU;,A90_AFB00037,129,ADL P282,POST_LOT_TEST_PLAN,74_ADL_P282_TCB_DCP,A90_AFB00037,A90_TCB210,1204,A90,ADL P282_1204
PROD CPU,TCB,ADL P282,CHENGDU6;SAIGON;CHENGDU;,A90_AFB00038,129,ADL P282,POST_LOT_TEST_PLAN,74_ADL_P282_TCB_DCP,A90_AFB00038,A90_TCB210,1204,A90,ADL P282_1204
PROD CPU,TCB,ADL P282,CHENGDU6;SAIGON;CHENGDU;,A90_AFB00039,129,ADL P282,POST_LOT_TEST_PLAN,74_ADL_P282_TCB_DCP,A90_AFB00039,A90_TCB210,1204,A90,ADL P282_1204
PROD CPU,TCB,ADL P282,CHENGDU6;SAIGON;CHENGDU;,A90_AFB00040,129,ADL P282,POST_LOT_TEST_PLAN,74_ADL_P282_TCB_DCP,A90_AFB00040,A90_TCB210,1204,A90,ADL P282_1204
PROD CPU,TCB,ADL P282,CHENGDU6;SAIGON;CHENGDU;,A90_AFB00045,129,ADL P282,POST_LOT_TEST_PLAN,74_ADL_P282_TCB_DCP,A90_AFB00045,A90_TCB220,1204,A90,ADL P282_1204
PROD CPU,TCB,ADL P282,CHENGDU6;SAIGON;CHENGDU;,A90_AFB00046,129,ADL P282,POST_LOT_TEST_PLAN,74_ADL_P282_TCB_DCP,A90_AFB00046,A90_TCB220,1204,A90,ADL P282_1204
PROD CPU,TCB,ADL P282,CHENGDU6;SAIGON;CHENGDU;,A90_AFB00047,129,ADL P282,POST_LOT_TEST_PLAN,74_ADL_P282_TCB_DCP,A90_AFB00047,A90_TCB220,1204,A90,ADL P282_1204
PROD CPU,TCB,ADL P282,CHENGDU6;SAIGON;CHENGDU;,A90_AFB00048,129,ADL P282,POST_LOT_TEST_PLAN,74_ADL_P282_TCB_DCP,A90_AFB00048,A90_TCB220,1204,A90,ADL P282_1204
PROD CPU,TCB,ADL P282,CHENGDU6;SAIGON;CHENGDU;,A90_AFB00069,129,ADL P282,POST_LOT_TEST_PLAN,74_ADL_P282_TCB_DCP,A90_AFB00069,A90_TCB219,1204,A90,ADL P282_1204
PROD CPU,TCB,ADL P282,CHENGDU6;SAIGON;CHENGDU;,A90_AFB00070,129,ADL P282,POST_LOT_TEST_PLAN,74_ADL_P282_TCB_DCP,A90_AFB00070,A90_TCB219,1204,A90,ADL P282_1204
PROD CPU,TCB,ADL P282,CHENGDU6;SAIGON;CHENGDU;,A90_AFB00071,129,ADL P282,POST_LOT_TEST_PLAN,74_ADL_P282_TCB_DCP,A90_AFB00071,A90_TCB219,1204,A90,ADL P282_1204
PROD CPU,TCB,ADL P282,CHENGDU6;SAIGON;CHENGDU;,A90_AFB00072,129,ADL P282,POST_LOT_TEST_PLAN,74_ADL_P282_TCB_DCP,A90_AFB00072,A90_TCB219,1204,A90,ADL P282_1204
PROD CPU,TCB,ADL P282,CHENGDU6;SAIGON;CHENGDU;,A90_AFB00093,129,ADL P282,POST_LOT_TEST_PLAN,74_ADL_P282_TCB_DCP,A90_AFB00093,A90_TCB213,1204,A90,ADL P282_1204
PROD CPU,TCB,ADL P282,CHENGDU6;SAIGON;CHENGDU;,A90_AFB00094,129,ADL P282,POST_LOT_TEST_PLAN,74_ADL_P282_TCB_DCP,A90_AFB00094,A90_TCB213,1204,A90,ADL P282_1204
PROD CPU,TCB,ADL P282,CHENGDU6;SAIGON;CHENGDU;,A90_AFB00095,129,ADL P282,POST_LOT_TEST_PLAN,74_ADL_P282_TCB_DCP,A90_AFB00095,A90_TCB213,1204,A90,ADL P282_1204
PROD CPU,TCB,ADL P282,CHENGDU6;SAIGON;CHENGDU;,A90_AFB00096,129,ADL P282,POST_LOT_TEST_PLAN,74_ADL_P282_TCB_DCP,A90_AFB00096,A90_TCB213,1204,A90,ADL P282_1204
PROD CPU,TCB,ADL P282,CHENGDU6;SAIGON;CHENGDU;,A90_AFB00097,129,ADL P282,POST_LOT_TEST_PLAN,74_ADL_P282_TCB_DCP,A90_AFB00097,A90_TCB214,1204,A90,ADL P282_1204
PROD CPU,TCB,ADL P282,CHENGDU6;SAIGON;CHENGDU;,A90_AFB00098,129,ADL P282,POST_LOT_TEST_PLAN,74_ADL_P282_TCB_DCP,A90_AFB00098,A90_TCB214,1204,A90,ADL P282_1204
PROD CPU,TCB,ADL P282,CHENGDU6;SAIGON;CHENGDU;,A90_AFB00099,129,ADL P282,POST_LOT_TEST_PLAN,74_ADL_P282_TCB_DCP,A90_AFB00099,A90_TCB214,1204,A90,ADL P282_1204
PROD CPU,TCB,ADL P282,CHENGDU6;SAIGON;CHENGDU;,A90_AFB00100,129,ADL P282,POST_LOT_TEST_PLAN,74_ADL_P282_TCB_DCP,A90_AFB00100,A90_TCB214,1204,A90,ADL P282_1204
PROD CPU,TCB,ADL P282,CHENGDU6;SAIGON;CHENGDU;,A90_AFB00118,129,ADL P282,POST_LOT_TEST_PLAN,74_ADL_P282_TCB_DCP,A90_AFB00118,A90_TCB217,1204,A90,ADL P282_1204
PROD CPU,TCB,ADL P282,CHENGDU6;SAIGON;CHENGDU;,A90_AFB00119,129,ADL P282,POST_LOT_TEST_PLAN,74_ADL_P282_TCB_DCP,A90_AFB00119,A90_TCB217,1204,A90,ADL P282_1204
PROD CPU,TCB,ADL P282,CHENGDU6;SAIGON;CHENGDU;,A90_AFB00120,129,ADL P282,POST_LOT_TEST_PLAN,74_ADL_P282_TCB_DCP,A90_AFB00120,A90_TCB217,1204,A90,ADL P282_1204
PROD CPU,TCB,ADL P282,CHENGDU6;SAIGON;CHENGDU;,A90_AFB00121,129,ADL P282,POST_LOT_TEST_PLAN,74_ADL_P282_TCB_DCP,A90_AFB00121,A90_TCB217,1204,A90,ADL P282_1204
PROD CPU,TCB,ADL P282,CHENGDU6;SAIGON;CHENGDU;,A90_AFB00122,129,ADL P282,POST_LOT_TEST_PLAN,74_ADL_P282_TCB_DCP,A90_AFB00122,A90_TCB216,1204,A90,ADL P282_1204
PROD CPU,TCB,ADL P282,CHENGDU6;SAIGON;CHENGDU;,A90_AFB00123,129,ADL P282,POST_LOT_TEST_PLAN,74_ADL_P282_TCB_DCP,A90_AFB00123,A90_TCB216,1204,A90,ADL P282_1204
PROD CPU,TCB,ADL P282,CHENGDU6;SAIGON;CHENGDU;,A90_AFB00124,129,ADL P282,POST_LOT_TEST_PLAN,74_ADL_P282_TCB_DCP,A90_AFB00124,A90_TCB216,1204,A90,ADL P282_1204
PROD CPU,TCB,ADL P282,CHENGDU6;SAIGON;CHENGDU;,A90_AFB00125,129,ADL P282,POST_LOT_TEST_PLAN,74_ADL_P282_TCB_DCP,A90_AFB00125,A90_TCB216,1204,A90,ADL P282_1204
PROD CPU,TCB,ADL PS282,CHENGDU6;SAIGON;CHENGDU;,A48_AFB70005,34,ADL PS282,POST_LOT_TEST_PLAN,74_ADL_PS282_FAST_TCB_DCP,A48_AFB70005,A48_TCB711,1204,A48,ADL PS282_1204
PROD CPU,TCB,ADL PS282,CHENGDU6;SAIGON;CHENGDU;,A48_AFB70006,34,ADL PS282,POST_LOT_TEST_PLAN,74_ADL_PS282_FAST_TCB_DCP,A48_AFB70006,A48_TCB711,1204,A48,ADL PS282_1204
PROD CPU,TCB,ADL PS282,CHENGDU6;SAIGON;CHENGDU;,A48_AFB70007,34,ADL PS282,POST_LOT_TEST_PLAN,74_ADL_PS282_FAST_TCB_DCP,A48_AFB70007,A48_TCB711,1204,A48,ADL PS282_1204
PROD CPU,TCB,ADL PS282,CHENGDU6;SAIGON;CHENGDU;,A48_AFB70008,34,ADL PS282,POST_LOT_TEST_PLAN,74_ADL_PS282_FAST_TCB_DCP,A48_AFB70008,A48_TCB711,1204,A48,ADL PS282_1204
PROD CPU,TCB,ADL PS282,CHENGDU6;SAIGON;CHENGDU;,A90_AFB00009,34,ADL PS282,POST_LOT_TEST_PLAN,74_ADL_PS282_FAST_TCB_DCP,A90_AFB00009,A90_TCB203,1204,A90,ADL PS282_1204
PROD CPU,TCB,ADL PS282,CHENGDU6;SAIGON;CHENGDU;,A90_AFB00010,34,ADL PS282,POST_LOT_TEST_PLAN,74_ADL_PS282_FAST_TCB_DCP,A90_AFB00010,A90_TCB203,1204,A90,ADL PS282_1204
PROD CPU,TCB,ADL PS282,CHENGDU6;SAIGON;CHENGDU;,A90_AFB00011,34,ADL PS282,POST_LOT_TEST_PLAN,74_ADL_PS282_FAST_TCB_DCP,A90_AFB00011,A90_TCB203,1204,A90,ADL PS282_1204
PROD CPU,TCB,ADL PS282,CHENGDU6;SAIGON;CHENGDU;,A90_AFB00012,34,ADL PS282,POST_LOT_TEST_PLAN,74_ADL_PS282_FAST_TCB_DCP,A90_AFB00012,A90_TCB203,1204,A90,ADL PS282_1204
PROD CPU,TCB,ADL PS282,CHENGDU6;SAIGON;CHENGDU;,A90_AFB00017,34,ADL PS282,POST_LOT_TEST_PLAN,74_ADL_PS282_FAST_TCB_DCP,A90_AFB00017,A90_TCB205,1204,A90,ADL PS282_1204
PROD CPU,TCB,ADL PS282,CHENGDU6;SAIGON;CHENGDU;,A90_AFB00018,34,ADL PS282,POST_LOT_TEST_PLAN,74_ADL_PS282_FAST_TCB_DCP,A90_AFB00018,A90_TCB205,1204,A90,ADL PS282_1204
PROD CPU,TCB,ADL PS282,CHENGDU6;SAIGON;CHENGDU;,A90_AFB00019,34,ADL PS282,POST_LOT_TEST_PLAN,74_ADL_PS282_FAST_TCB_DCP,A90_AFB00019,A90_TCB205,1204,A90,ADL PS282_1204
PROD CPU,TCB,ADL PS282,CHENGDU6;SAIGON;CHENGDU;,A90_AFB00020,34,ADL PS282,POST_LOT_TEST_PLAN,74_ADL_PS282_FAST_TCB_DCP,A90_AFB00020,A90_TCB205,1204,A90,ADL PS282_1204
PROD CPU,TCB,ADL PS282,CHENGDU6;SAIGON;CHENGDU;,A90_AFB00081,34,ADL PS282,POST_LOT_TEST_PLAN,74_ADL_PS282_FAST_TCB_DCP,A90_AFB00081,A90_TCB215,1204,A90,ADL PS282_1204
PROD CPU,TCB,ADL PS282,CHENGDU6;SAIGON;CHENGDU;,A90_AFB00082,34,ADL PS282,POST_LOT_TEST_PLAN,74_ADL_PS282_FAST_TCB_DCP,A90_AFB00082,A90_TCB215,1204,A90,ADL PS282_1204
PROD CPU,TCB,ADL PS282,CHENGDU6;SAIGON;CHENGDU;,A90_AFB00114,34,ADL PS282,POST_LOT_TEST_PLAN,74_ADL_PS282_FAST_TCB_DCP,A90_AFB00114,A90_TCB218,1204,A90,ADL PS282_1204
PROD CPU,TCB,ADL PS282,CHENGDU6;SAIGON;CHENGDU;,A90_AFB00115,34,ADL PS282,POST_LOT_TEST_PLAN,74_ADL_PS282_FAST_TCB_DCP,A90_AFB00115,A90_TCB218,1204,A90,ADL PS282_1204
PROD CPU,TCB,ADL PS282,CHENGDU6;SAIGON;CHENGDU;,A90_AFB00116,34,ADL PS282,POST_LOT_TEST_PLAN,74_ADL_PS282_FAST_TCB_DCP,A90_AFB00116,A90_TCB218,1204,A90,ADL PS282_1204
PROD CPU,TCB,ADL PS282,CHENGDU6;SAIGON;CHENGDU;,A90_AFB00117,34,ADL PS282,POST_LOT_TEST_PLAN,74_ADL_PS282_FAST_TCB_DCP,A90_AFB00117,A90_TCB218,1204,A90,ADL PS282_1204
PROD CPU,TCB,ADL S601,"PENANG;CHENGDU6;SAIGON;CHANDLER, ARIZONA;",A01_AFB81201,66,ADL S601,POST_LOT_TEST_PLAN,74_ADL_S601_TCB_DCP,A01_AFB81201,A01_TCB812,1204,A01,ADL S601_1204
PROD CPU,TCB,ADL S601,"PENANG;CHENGDU6;SAIGON;CHANDLER, ARIZONA;",A01_AFB81202,66,ADL S601,POST_LOT_TEST_PLAN,74_ADL_S601_TCB_DCP,A01_AFB81202,A01_TCB812,1204,A01,ADL S601_1204
PROD CPU,TCB,ADL S601,CHENGDU6;SAIGON;,A48_ACB70009,111,ADL S601,POST_LOT_TEST_PLAN,74_ADL_S601_TCB_DCP,A48_ACB70009,A48_TCB703,1204,A48,ADL S601_1204
PROD CPU,TCB,ADL S601,CHENGDU6;SAIGON;,A48_ACB70010,111,ADL S601,POST_LOT_TEST_PLAN,74_ADL_S601_TCB_DCP,A48_ACB70010,A48_TCB703,1204,A48,ADL S601_1204
PROD CPU,TCB,ADL S601,CHENGDU6;SAIGON;,A48_ACB70011,111,ADL S601,POST_LOT_TEST_PLAN,74_ADL_S601_TCB_DCP,A48_ACB70011,A48_TCB703,1204,A48,ADL S601_1204
PROD CPU,TCB,ADL S601,CHENGDU6;SAIGON;,A48_ACB70012,111,ADL S601,POST_LOT_TEST_PLAN,74_ADL_S601_TCB_DCP,A48_ACB70012,A48_TCB703,1204,A48,ADL S601_1204
PROD CPU,TCB,ADL S601,CHENGDU6,A48_ACB70025,112,ADL S601,POST_LOT_TEST_PLAN,74_ADL_S601_TCB_DCP,A48_ACB70025,A48_TCB707,1204,A48,ADL S601_1204
PROD CPU,TCB,ADL S601,CHENGDU6,A48_ACB70026,112,ADL S601,POST_LOT_TEST_PLAN,74_ADL_S601_TCB_DCP,A48_ACB70026,A48_TCB707,1204,A48,ADL S601_1204
PROD CPU,TCB,ADL S601,CHENGDU6,A48_ACB70027,112,ADL S601,POST_LOT_TEST_PLAN,74_ADL_S601_TCB_DCP,A48_ACB70027,A48_TCB707,1204,A48,ADL S601_1204
PROD CPU,TCB,ADL S601,CHENGDU6,A48_ACB70028,112,ADL S601,POST_LOT_TEST_PLAN,74_ADL_S601_TCB_DCP,A48_ACB70028,A48_TCB707,1204,A48,ADL S601_1204
PROD CPU,TCB,ADL S601,CHENGDU6,A48_ACB70033,112,ADL S601,POST_LOT_TEST_PLAN,74_ADL_S601_TCB_DCP,A48_ACB70033,A48_TCB709,1204,A48,ADL S601_1204
PROD CPU,TCB,ADL S601,CHENGDU6,A48_ACB70034,112,ADL S601,POST_LOT_TEST_PLAN,74_ADL_S601_TCB_DCP,A48_ACB70034,A48_TCB709,1204,A48,ADL S601_1204
PROD CPU,TCB,ADL S601,CHENGDU6,A48_ACB70035,112,ADL S601,POST_LOT_TEST_PLAN,74_ADL_S601_TCB_DCP,A48_ACB70035,A48_TCB709,1204,A48,ADL S601_1204
PROD CPU,TCB,ADL S601,CHENGDU6,A48_ACB70036,112,ADL S601,POST_LOT_TEST_PLAN,74_ADL_S601_TCB_DCP,A48_ACB70036,A48_TCB709,1204,A48,ADL S601_1204
PROD CPU,TCB,ADL S601,CHENGDU6,A48_AFB70005,112,ADL S601,POST_LOT_TEST_PLAN,74_ADL_S601_TCB_DCP,A48_AFB70005,A48_TCB711,1204,A48,ADL S601_1204
PROD CPU,TCB,ADL S601,CHENGDU6,A48_AFB70006,112,ADL S601,POST_LOT_TEST_PLAN,74_ADL_S601_TCB_DCP,A48_AFB70006,A48_TCB711,1204,A48,ADL S601_1204
PROD CPU,TCB,ADL S601,CHENGDU6,A48_AFB70007,112,ADL S601,POST_LOT_TEST_PLAN,74_ADL_S601_TCB_DCP,A48_AFB70007,A48_TCB711,1204,A48,ADL S601_1204
PROD CPU,TCB,ADL S601,CHENGDU6,A48_AFB70008,112,ADL S601,POST_LOT_TEST_PLAN,74_ADL_S601_TCB_DCP,A48_AFB70008,A48_TCB711,1204,A48,ADL S601_1204
PROD CPU,TCB,ADL S601,CHENGDU6,A48_AFB70017,112,ADL S601,POST_LOT_TEST_PLAN,74_ADL_S601_TCB_DCP,A48_AFB70017,A48_TCB713,1204,A48,ADL S601_1204
PROD CPU,TCB,ADL S601,CHENGDU6,A48_AFB70018,112,ADL S601,POST_LOT_TEST_PLAN,74_ADL_S601_TCB_DCP,A48_AFB70018,A48_TCB713,1204,A48,ADL S601_1204
PROD CPU,TCB,ADL S601,CHENGDU6,A48_AFB70019,112,ADL S601,POST_LOT_TEST_PLAN,74_ADL_S601_TCB_DCP,A48_AFB70019,A48_TCB713,1204,A48,ADL S601_1204
PROD CPU,TCB,ADL S601,CHENGDU6,A48_AFB70020,112,ADL S601,POST_LOT_TEST_PLAN,74_ADL_S601_TCB_DCP,A48_AFB70020,A48_TCB713,1204,A48,ADL S601_1204
PROD CPU,TCB,ADL S601,CHENGDU6;SAIGON;,A90_AFB00009,111,ADL S601,POST_LOT_TEST_PLAN,74_ADL_S601_TCB_DCP,A90_AFB00009,A90_TCB203,1204,A90,ADL S601_1204
PROD CPU,TCB,ADL S601,CHENGDU6;SAIGON;,A90_AFB00010,111,ADL S601,POST_LOT_TEST_PLAN,74_ADL_S601_TCB_DCP,A90_AFB00010,A90_TCB203,1204,A90,ADL S601_1204
PROD CPU,TCB,ADL S601,CHENGDU6;SAIGON;,A90_AFB00011,111,ADL S601,POST_LOT_TEST_PLAN,74_ADL_S601_TCB_DCP,A90_AFB00011,A90_TCB203,1204,A90,ADL S601_1204
PROD CPU,TCB,ADL S601,CHENGDU6;SAIGON;,A90_AFB00012,111,ADL S601,POST_LOT_TEST_PLAN,74_ADL_S601_TCB_DCP,A90_AFB00012,A90_TCB203,1204,A90,ADL S601_1204
PROD CPU,TCB,ADL S601,CHENGDU6;SAIGON;,A90_AFB00013,111,ADL S601,POST_LOT_TEST_PLAN,74_ADL_S601_TCB_DCP,A90_AFB00013,A90_TCB204,1204,A90,ADL S601_1204
PROD CPU,TCB,ADL S601,CHENGDU6;SAIGON;,A90_AFB00014,111,ADL S601,POST_LOT_TEST_PLAN,74_ADL_S601_TCB_DCP,A90_AFB00014,A90_TCB204,1204,A90,ADL S601_1204
PROD CPU,TCB,ADL S601,CHENGDU6;SAIGON;,A90_AFB00015,111,ADL S601,POST_LOT_TEST_PLAN,74_ADL_S601_TCB_DCP,A90_AFB00015,A90_TCB204,1204,A90,ADL S601_1204
PROD CPU,TCB,ADL S601,CHENGDU6;SAIGON;,A90_AFB00016,111,ADL S601,POST_LOT_TEST_PLAN,74_ADL_S601_TCB_DCP,A90_AFB00016,A90_TCB204,1204,A90,ADL S601_1204
PROD CPU,TCB,ADL S601,CHENGDU6;SAIGON;,A90_AFB00017,111,ADL S601,POST_LOT_TEST_PLAN,74_ADL_S601_TCB_DCP,A90_AFB00017,A90_TCB205,1204,A90,ADL S601_1204
PROD CPU,TCB,ADL S601,CHENGDU6;SAIGON;,A90_AFB00018,111,ADL S601,POST_LOT_TEST_PLAN,74_ADL_S601_TCB_DCP,A90_AFB00018,A90_TCB205,1204,A90,ADL S601_1204
PROD CPU,TCB,ADL S601,CHENGDU6;SAIGON;,A90_AFB00019,111,ADL S601,POST_LOT_TEST_PLAN,74_ADL_S601_TCB_DCP,A90_AFB00019,A90_TCB205,1204,A90,ADL S601_1204
PROD CPU,TCB,ADL S601,CHENGDU6;SAIGON;,A90_AFB00020,111,ADL S601,POST_LOT_TEST_PLAN,74_ADL_S601_TCB_DCP,A90_AFB00020,A90_TCB205,1204,A90,ADL S601_1204
PROD CPU,TCB,ADL S601,CHENGDU6;SAIGON;,A90_AFB00021,111,ADL S601,POST_LOT_TEST_PLAN,74_ADL_S601_TCB_DCP,A90_AFB00021,A90_TCB206,1204,A90,ADL S601_1204
PROD CPU,TCB,ADL S601,CHENGDU6;SAIGON;,A90_AFB00022,111,ADL S601,POST_LOT_TEST_PLAN,74_ADL_S601_TCB_DCP,A90_AFB00022,A90_TCB206,1204,A90,ADL S601_1204
PROD CPU,TCB,ADL S601,CHENGDU6;SAIGON;,A90_AFB00023,111,ADL S601,POST_LOT_TEST_PLAN,74_ADL_S601_TCB_DCP,A90_AFB00023,A90_TCB206,1204,A90,ADL S601_1204
PROD CPU,TCB,ADL S601,CHENGDU6;SAIGON;,A90_AFB00024,111,ADL S601,POST_LOT_TEST_PLAN,74_ADL_S601_TCB_DCP,A90_AFB00024,A90_TCB206,1204,A90,ADL S601_1204
PROD CPU,TCB,ADL S601,CHENGDU6;SAIGON;,A90_AFB00025,111,ADL S601,POST_LOT_TEST_PLAN,74_ADL_S601_TCB_DCP,A90_AFB00025,A90_TCB207,1204,A90,ADL S601_1204
PROD CPU,TCB,ADL S601,CHENGDU6;SAIGON;,A90_AFB00026,111,ADL S601,POST_LOT_TEST_PLAN,74_ADL_S601_TCB_DCP,A90_AFB00026,A90_TCB207,1204,A90,ADL S601_1204
PROD CPU,TCB,ADL S601,CHENGDU6;SAIGON;,A90_AFB00027,111,ADL S601,POST_LOT_TEST_PLAN,74_ADL_S601_TCB_DCP,A90_AFB00027,A90_TCB207,1204,A90,ADL S601_1204
PROD CPU,TCB,ADL S601,CHENGDU6;SAIGON;,A90_AFB00028,111,ADL S601,POST_LOT_TEST_PLAN,74_ADL_S601_TCB_DCP,A90_AFB00028,A90_TCB207,1204,A90,ADL S601_1204
PROD CPU,TCB,ADL S601,CHENGDU6;SAIGON;,A90_AFB00029,111,ADL S601,POST_LOT_TEST_PLAN,74_ADL_S601_TCB_DCP,A90_AFB00029,A90_TCB208,1204,A90,ADL S601_1204
PROD CPU,TCB,ADL S601,CHENGDU6;SAIGON;,A90_AFB00030,111,ADL S601,POST_LOT_TEST_PLAN,74_ADL_S601_TCB_DCP,A90_AFB00030,A90_TCB208,1204,A90,ADL S601_1204
PROD CPU,TCB,ADL S601,CHENGDU6;SAIGON;,A90_AFB00031,111,ADL S601,POST_LOT_TEST_PLAN,74_ADL_S601_TCB_DCP,A90_AFB00031,A90_TCB208,1204,A90,ADL S601_1204
PROD CPU,TCB,ADL S601,CHENGDU6;SAIGON;,A90_AFB00032,111,ADL S601,POST_LOT_TEST_PLAN,74_ADL_S601_TCB_DCP,A90_AFB00032,A90_TCB208,1204,A90,ADL S601_1204
PROD CPU,TCB,ADL S601,CHENGDU6;SAIGON;,A90_AFB00033,111,ADL S601,POST_LOT_TEST_PLAN,74_ADL_S601_TCB_DCP,A90_AFB00033,A90_TCB209,1204,A90,ADL S601_1204
PROD CPU,TCB,ADL S601,CHENGDU6;SAIGON;,A90_AFB00034,111,ADL S601,POST_LOT_TEST_PLAN,74_ADL_S601_TCB_DCP,A90_AFB00034,A90_TCB209,1204,A90,ADL S601_1204
PROD CPU,TCB,ADL S601,CHENGDU6;SAIGON;,A90_AFB00035,111,ADL S601,POST_LOT_TEST_PLAN,74_ADL_S601_TCB_DCP,A90_AFB00035,A90_TCB209,1204,A90,ADL S601_1204
PROD CPU,TCB,ADL S601,CHENGDU6;SAIGON;,A90_AFB00036,111,ADL S601,POST_LOT_TEST_PLAN,74_ADL_S601_TCB_DCP,A90_AFB00036,A90_TCB209,1204,A90,ADL S601_1204
PROD CPU,TCB,ADL S601,CHENGDU6;SAIGON;,A90_AFB00045,111,ADL S601,POST_LOT_TEST_PLAN,74_ADL_S601_TCB_DCP,A90_AFB00045,A90_TCB220,1204,A90,ADL S601_1204
PROD CPU,TCB,ADL S601,CHENGDU6;SAIGON;,A90_AFB00046,111,ADL S601,POST_LOT_TEST_PLAN,74_ADL_S601_TCB_DCP,A90_AFB00046,A90_TCB220,1204,A90,ADL S601_1204
PROD CPU,TCB,ADL S601,CHENGDU6;SAIGON;,A90_AFB00047,111,ADL S601,POST_LOT_TEST_PLAN,74_ADL_S601_TCB_DCP,A90_AFB00047,A90_TCB220,1204,A90,ADL S601_1204
PROD CPU,TCB,ADL S601,CHENGDU6;SAIGON;,A90_AFB00048,111,ADL S601,POST_LOT_TEST_PLAN,74_ADL_S601_TCB_DCP,A90_AFB00048,A90_TCB220,1204,A90,ADL S601_1204
PROD CPU,TCB,ADL S601,CHENGDU6;SAIGON;,A90_AFB00069,111,ADL S601,POST_LOT_TEST_PLAN,74_ADL_S601_TCB_DCP,A90_AFB00069,A90_TCB219,1204,A90,ADL S601_1204
PROD CPU,TCB,ADL S601,CHENGDU6;SAIGON;,A90_AFB00070,111,ADL S601,POST_LOT_TEST_PLAN,74_ADL_S601_TCB_DCP,A90_AFB00070,A90_TCB219,1204,A90,ADL S601_1204
PROD CPU,TCB,ADL S601,CHENGDU6;SAIGON;,A90_AFB00071,111,ADL S601,POST_LOT_TEST_PLAN,74_ADL_S601_TCB_DCP,A90_AFB00071,A90_TCB219,1204,A90,ADL S601_1204
PROD CPU,TCB,ADL S601,CHENGDU6;SAIGON;,A90_AFB00072,111,ADL S601,POST_LOT_TEST_PLAN,74_ADL_S601_TCB_DCP,A90_AFB00072,A90_TCB219,1204,A90,ADL S601_1204
PROD CPU,TCB,ADL S601,CHENGDU6;SAIGON;,A90_AFB00081,111,ADL S601,POST_LOT_TEST_PLAN,74_ADL_S601_TCB_DCP,A90_AFB00081,A90_TCB215,1204,A90,ADL S601_1204
PROD CPU,TCB,ADL S601,CHENGDU6;SAIGON;,A90_AFB00082,111,ADL S601,POST_LOT_TEST_PLAN,74_ADL_S601_TCB_DCP,A90_AFB00082,A90_TCB215,1204,A90,ADL S601_1204
PROD CPU,TCB,ADL S601,CHENGDU6;SAIGON;,A90_AFB00093,111,ADL S601,POST_LOT_TEST_PLAN,74_ADL_S601_TCB_DCP,A90_AFB00093,A90_TCB213,1204,A90,ADL S601_1204
PROD CPU,TCB,ADL S601,CHENGDU6;SAIGON;,A90_AFB00094,111,ADL S601,POST_LOT_TEST_PLAN,74_ADL_S601_TCB_DCP,A90_AFB00094,A90_TCB213,1204,A90,ADL S601_1204
PROD CPU,TCB,ADL S601,CHENGDU6;SAIGON;,A90_AFB00095,111,ADL S601,POST_LOT_TEST_PLAN,74_ADL_S601_TCB_DCP,A90_AFB00095,A90_TCB213,1204,A90,ADL S601_1204
PROD CPU,TCB,ADL S601,CHENGDU6;SAIGON;,A90_AFB00096,111,ADL S601,POST_LOT_TEST_PLAN,74_ADL_S601_TCB_DCP,A90_AFB00096,A90_TCB213,1204,A90,ADL S601_1204
PROD CPU,TCB,ADL S601,CHENGDU6;SAIGON;,A90_AFB00097,111,ADL S601,POST_LOT_TEST_PLAN,74_ADL_S601_TCB_DCP,A90_AFB00097,A90_TCB214,1204,A90,ADL S601_1204
PROD CPU,TCB,ADL S601,CHENGDU6;SAIGON;,A90_AFB00098,111,ADL S601,POST_LOT_TEST_PLAN,74_ADL_S601_TCB_DCP,A90_AFB00098,A90_TCB214,1204,A90,ADL S601_1204
PROD CPU,TCB,ADL S601,CHENGDU6;SAIGON;,A90_AFB00099,111,ADL S601,POST_LOT_TEST_PLAN,74_ADL_S601_TCB_DCP,A90_AFB00099,A90_TCB214,1204,A90,ADL S601_1204
PROD CPU,TCB,ADL S601,CHENGDU6;SAIGON;,A90_AFB00100,111,ADL S601,POST_LOT_TEST_PLAN,74_ADL_S601_TCB_DCP,A90_AFB00100,A90_TCB214,1204,A90,ADL S601_1204
PROD CPU,TCB,ADL S601,CHENGDU6;SAIGON;,A90_AFB00118,111,ADL S601,POST_LOT_TEST_PLAN,74_ADL_S601_TCB_DCP,A90_AFB00118,A90_TCB217,1204,A90,ADL S601_1204
PROD CPU,TCB,ADL S601,CHENGDU6;SAIGON;,A90_AFB00119,111,ADL S601,POST_LOT_TEST_PLAN,74_ADL_S601_TCB_DCP,A90_AFB00119,A90_TCB217,1204,A90,ADL S601_1204
PROD CPU,TCB,ADL S601,CHENGDU6;SAIGON;,A90_AFB00120,111,ADL S601,POST_LOT_TEST_PLAN,74_ADL_S601_TCB_DCP,A90_AFB00120,A90_TCB217,1204,A90,ADL S601_1204
PROD CPU,TCB,ADL S601,CHENGDU6;SAIGON;,A90_AFB00121,111,ADL S601,POST_LOT_TEST_PLAN,74_ADL_S601_TCB_DCP,A90_AFB00121,A90_TCB217,1204,A90,ADL S601_1204
PROD CPU,TCB,ADL S601,CHENGDU6;SAIGON;,A90_AFB00122,111,ADL S601,POST_LOT_TEST_PLAN,74_ADL_S601_TCB_DCP,A90_AFB00122,A90_TCB216,1204,A90,ADL S601_1204
PROD CPU,TCB,ADL S601,CHENGDU6;SAIGON;,A90_AFB00123,111,ADL S601,POST_LOT_TEST_PLAN,74_ADL_S601_TCB_DCP,A90_AFB00123,A90_TCB216,1204,A90,ADL S601_1204
PROD CPU,TCB,ADL S601,CHENGDU6;SAIGON;,A90_AFB00124,111,ADL S601,POST_LOT_TEST_PLAN,74_ADL_S601_TCB_DCP,A90_AFB00124,A90_TCB216,1204,A90,ADL S601_1204
PROD CPU,TCB,ADL S601,CHENGDU6;SAIGON;,A90_AFB00125,111,ADL S601,POST_LOT_TEST_PLAN,74_ADL_S601_TCB_DCP,A90_AFB00125,A90_TCB216,1204,A90,ADL S601_1204
PROD CPU,TCB,ALDER LAKE N081,SAIGON,A90_AFB00001,59,ALDER LAKE N081,POST_LOT_TEST_PLAN,74_ADLN081_FAST_TCB_DCP,A90_AFB00001,A90_TCB201,1204,A90,ALDER LAKE N081_1204
PROD CPU,TCB,ALDER LAKE N081,SAIGON,A90_AFB00002,59,ALDER LAKE N081,POST_LOT_TEST_PLAN,74_ADLN081_FAST_TCB_DCP,A90_AFB00002,A90_TCB201,1204,A90,ALDER LAKE N081_1204
PROD CPU,TCB,ALDER LAKE N081,SAIGON,A90_AFB00003,59,ALDER LAKE N081,POST_LOT_TEST_PLAN,74_ADLN081_FAST_TCB_DCP,A90_AFB00003,A90_TCB201,1204,A90,ALDER LAKE N081_1204
PROD CPU,TCB,ALDER LAKE N081,SAIGON,A90_AFB00004,59,ALDER LAKE N081,POST_LOT_TEST_PLAN,74_ADLN081_FAST_TCB_DCP,A90_AFB00004,A90_TCB201,1204,A90,ALDER LAKE N081_1204
PROD CPU,TCB,ALDER LAKE N081,SAIGON,A90_AFB00005,59,ALDER LAKE N081,POST_LOT_TEST_PLAN,74_ADLN081_FAST_TCB_DCP,A90_AFB00005,A90_TCB202,1204,A90,ALDER LAKE N081_1204
PROD CPU,TCB,ALDER LAKE N081,SAIGON,A90_AFB00006,59,ALDER LAKE N081,POST_LOT_TEST_PLAN,74_ADLN081_FAST_TCB_DCP,A90_AFB00006,A90_TCB202,1204,A90,ALDER LAKE N081_1204
PROD CPU,TCB,ALDER LAKE N081,SAIGON,A90_AFB00007,59,ALDER LAKE N081,POST_LOT_TEST_PLAN,74_ADLN081_FAST_TCB_DCP,A90_AFB00007,A90_TCB202,1204,A90,ALDER LAKE N081_1204
PROD CPU,TCB,ALDER LAKE N081,SAIGON,A90_AFB00008,59,ALDER LAKE N081,POST_LOT_TEST_PLAN,74_ADLN081_FAST_TCB_DCP,A90_AFB00008,A90_TCB202,1204,A90,ALDER LAKE N081_1204
PROD CPU,TCB,ALDER LAKE N081,SAIGON,A90_AFB00009,59,ALDER LAKE N081,POST_LOT_TEST_PLAN,74_ADLN081_FAST_TCB_DCP,A90_AFB00009,A90_TCB203,1204,A90,ALDER LAKE N081_1204
PROD CPU,TCB,ALDER LAKE N081,SAIGON,A90_AFB00010,59,ALDER LAKE N081,POST_LOT_TEST_PLAN,74_ADLN081_FAST_TCB_DCP,A90_AFB00010,A90_TCB203,1204,A90,ALDER LAKE N081_1204
PROD CPU,TCB,ALDER LAKE N081,SAIGON,A90_AFB00011,59,ALDER LAKE N081,POST_LOT_TEST_PLAN,74_ADLN081_FAST_TCB_DCP,A90_AFB00011,A90_TCB203,1204,A90,ALDER LAKE N081_1204
PROD CPU,TCB,ALDER LAKE N081,SAIGON,A90_AFB00012,59,ALDER LAKE N081,POST_LOT_TEST_PLAN,74_ADLN081_FAST_TCB_DCP,A90_AFB00012,A90_TCB203,1204,A90,ALDER LAKE N081_1204
PROD CPU,TCB,ALDER LAKE N081,SAIGON,A90_AFB00013,59,ALDER LAKE N081,POST_LOT_TEST_PLAN,74_ADLN081_FAST_TCB_DCP,A90_AFB00013,A90_TCB204,1204,A90,ALDER LAKE N081_1204
PROD CPU,TCB,ALDER LAKE N081,SAIGON,A90_AFB00014,59,ALDER LAKE N081,POST_LOT_TEST_PLAN,74_ADLN081_FAST_TCB_DCP,A90_AFB00014,A90_TCB204,1204,A90,ALDER LAKE N081_1204
PROD CPU,TCB,ALDER LAKE N081,SAIGON,A90_AFB00015,59,ALDER LAKE N081,POST_LOT_TEST_PLAN,74_ADLN081_FAST_TCB_DCP,A90_AFB00015,A90_TCB204,1204,A90,ALDER LAKE N081_1204
PROD CPU,TCB,ALDER LAKE N081,SAIGON,A90_AFB00016,59,ALDER LAKE N081,POST_LOT_TEST_PLAN,74_ADLN081_FAST_TCB_DCP,A90_AFB00016,A90_TCB204,1204,A90,ALDER LAKE N081_1204
PROD CPU,TCB,ALDER LAKE N081,SAIGON,A90_AFB00017,59,ALDER LAKE N081,POST_LOT_TEST_PLAN,74_ADLN081_FAST_TCB_DCP,A90_AFB00017,A90_TCB205,1204,A90,ALDER LAKE N081_1204
PROD CPU,TCB,ALDER LAKE N081,SAIGON,A90_AFB00018,59,ALDER LAKE N081,POST_LOT_TEST_PLAN,74_ADLN081_FAST_TCB_DCP,A90_AFB00018,A90_TCB205,1204,A90,ALDER LAKE N081_1204
PROD CPU,TCB,ALDER LAKE N081,SAIGON,A90_AFB00019,59,ALDER LAKE N081,POST_LOT_TEST_PLAN,74_ADLN081_FAST_TCB_DCP,A90_AFB00019,A90_TCB205,1204,A90,ALDER LAKE N081_1204
PROD CPU,TCB,ALDER LAKE N081,SAIGON,A90_AFB00020,59,ALDER LAKE N081,POST_LOT_TEST_PLAN,74_ADLN081_FAST_TCB_DCP,A90_AFB00020,A90_TCB205,1204,A90,ALDER LAKE N081_1204
PROD CPU,TCB,ALDER LAKE N081,SAIGON,A90_AFB00025,59,ALDER LAKE N081,POST_LOT_TEST_PLAN,74_ADLN081_FAST_TCB_DCP,A90_AFB00025,A90_TCB207,1204,A90,ALDER LAKE N081_1204
PROD CPU,TCB,ALDER LAKE N081,SAIGON,A90_AFB00026,59,ALDER LAKE N081,POST_LOT_TEST_PLAN,74_ADLN081_FAST_TCB_DCP,A90_AFB00026,A90_TCB207,1204,A90,ALDER LAKE N081_1204
PROD CPU,TCB,ALDER LAKE N081,SAIGON,A90_AFB00027,59,ALDER LAKE N081,POST_LOT_TEST_PLAN,74_ADLN081_FAST_TCB_DCP,A90_AFB00027,A90_TCB207,1204,A90,ALDER LAKE N081_1204
PROD CPU,TCB,ALDER LAKE N081,SAIGON,A90_AFB00028,59,ALDER LAKE N081,POST_LOT_TEST_PLAN,74_ADLN081_FAST_TCB_DCP,A90_AFB00028,A90_TCB207,1204,A90,ALDER LAKE N081_1204
PROD CPU,TCB,ALDER LAKE N081,SAIGON,A90_AFB00033,59,ALDER LAKE N081,POST_LOT_TEST_PLAN,74_ADLN081_FAST_TCB_DCP,A90_AFB00033,A90_TCB209,1204,A90,ALDER LAKE N081_1204
PROD CPU,TCB,ALDER LAKE N081,SAIGON,A90_AFB00034,59,ALDER LAKE N081,POST_LOT_TEST_PLAN,74_ADLN081_FAST_TCB_DCP,A90_AFB00034,A90_TCB209,1204,A90,ALDER LAKE N081_1204
PROD CPU,TCB,ALDER LAKE N081,SAIGON,A90_AFB00035,59,ALDER LAKE N081,POST_LOT_TEST_PLAN,74_ADLN081_FAST_TCB_DCP,A90_AFB00035,A90_TCB209,1204,A90,ALDER LAKE N081_1204
PROD CPU,TCB,ALDER LAKE N081,SAIGON,A90_AFB00036,59,ALDER LAKE N081,POST_LOT_TEST_PLAN,74_ADLN081_FAST_TCB_DCP,A90_AFB00036,A90_TCB209,1204,A90,ALDER LAKE N081_1204
PROD CPU,TCB,ALDER LAKE N081,SAIGON,A90_AFB00037,59,ALDER LAKE N081,POST_LOT_TEST_PLAN,74_ADLN081_FAST_TCB_DCP,A90_AFB00037,A90_TCB210,1204,A90,ALDER LAKE N081_1204
PROD CPU,TCB,ALDER LAKE N081,SAIGON,A90_AFB00038,59,ALDER LAKE N081,POST_LOT_TEST_PLAN,74_ADLN081_FAST_TCB_DCP,A90_AFB00038,A90_TCB210,1204,A90,ALDER LAKE N081_1204
PROD CPU,TCB,ALDER LAKE N081,SAIGON,A90_AFB00039,59,ALDER LAKE N081,POST_LOT_TEST_PLAN,74_ADLN081_FAST_TCB_DCP,A90_AFB00039,A90_TCB210,1204,A90,ALDER LAKE N081_1204
PROD CPU,TCB,ALDER LAKE N081,SAIGON,A90_AFB00040,59,ALDER LAKE N081,POST_LOT_TEST_PLAN,74_ADLN081_FAST_TCB_DCP,A90_AFB00040,A90_TCB210,1204,A90,ALDER LAKE N081_1204
PROD CPU,TCB,ALDER LAKE N081,SAIGON,A90_AFB00045,59,ALDER LAKE N081,POST_LOT_TEST_PLAN,74_ADLN081_FAST_TCB_DCP,A90_AFB00045,A90_TCB220,1204,A90,ALDER LAKE N081_1204
PROD CPU,TCB,ALDER LAKE N081,SAIGON,A90_AFB00046,59,ALDER LAKE N081,POST_LOT_TEST_PLAN,74_ADLN081_FAST_TCB_DCP,A90_AFB00046,A90_TCB220,1204,A90,ALDER LAKE N081_1204
PROD CPU,TCB,ALDER LAKE N081,SAIGON,A90_AFB00047,59,ALDER LAKE N081,POST_LOT_TEST_PLAN,74_ADLN081_FAST_TCB_DCP,A90_AFB00047,A90_TCB220,1204,A90,ALDER LAKE N081_1204
PROD CPU,TCB,ALDER LAKE N081,SAIGON,A90_AFB00048,59,ALDER LAKE N081,POST_LOT_TEST_PLAN,74_ADLN081_FAST_TCB_DCP,A90_AFB00048,A90_TCB220,1204,A90,ALDER LAKE N081_1204
PROD CPU,TCB,ALDER LAKE N081,SAIGON,A90_AFB00081,59,ALDER LAKE N081,POST_LOT_TEST_PLAN,74_ADLN081_FAST_TCB_DCP,A90_AFB00081,A90_TCB215,1204,A90,ALDER LAKE N081_1204
PROD CPU,TCB,ALDER LAKE N081,SAIGON,A90_AFB00082,59,ALDER LAKE N081,POST_LOT_TEST_PLAN,74_ADLN081_FAST_TCB_DCP,A90_AFB00082,A90_TCB215,1204,A90,ALDER LAKE N081_1204
PROD CPU,TCB,ALDER LAKE N081,SAIGON,A90_AFB00093,59,ALDER LAKE N081,POST_LOT_TEST_PLAN,74_ADLN081_FAST_TCB_DCP,A90_AFB00093,A90_TCB213,1204,A90,ALDER LAKE N081_1204
PROD CPU,TCB,ALDER LAKE N081,SAIGON,A90_AFB00094,59,ALDER LAKE N081,POST_LOT_TEST_PLAN,74_ADLN081_FAST_TCB_DCP,A90_AFB00094,A90_TCB213,1204,A90,ALDER LAKE N081_1204
PROD CPU,TCB,ALDER LAKE N081,SAIGON,A90_AFB00095,59,ALDER LAKE N081,POST_LOT_TEST_PLAN,74_ADLN081_FAST_TCB_DCP,A90_AFB00095,A90_TCB213,1204,A90,ALDER LAKE N081_1204
PROD CPU,TCB,ALDER LAKE N081,SAIGON,A90_AFB00096,59,ALDER LAKE N081,POST_LOT_TEST_PLAN,74_ADLN081_FAST_TCB_DCP,A90_AFB00096,A90_TCB213,1204,A90,ALDER LAKE N081_1204
PROD CPU,TCB,ALDER LAKE N081,SAIGON,A90_AFB00097,59,ALDER LAKE N081,POST_LOT_TEST_PLAN,74_ADLN081_FAST_TCB_DCP,A90_AFB00097,A90_TCB214,1204,A90,ALDER LAKE N081_1204
PROD CPU,TCB,ALDER LAKE N081,SAIGON,A90_AFB00098,59,ALDER LAKE N081,POST_LOT_TEST_PLAN,74_ADLN081_FAST_TCB_DCP,A90_AFB00098,A90_TCB214,1204,A90,ALDER LAKE N081_1204
PROD CPU,TCB,ALDER LAKE N081,SAIGON,A90_AFB00099,59,ALDER LAKE N081,POST_LOT_TEST_PLAN,74_ADLN081_FAST_TCB_DCP,A90_AFB00099,A90_TCB214,1204,A90,ALDER LAKE N081_1204
PROD CPU,TCB,ALDER LAKE N081,SAIGON,A90_AFB00100,59,ALDER LAKE N081,POST_LOT_TEST_PLAN,74_ADLN081_FAST_TCB_DCP,A90_AFB00100,A90_TCB214,1204,A90,ALDER LAKE N081_1204
PROD CPU,TCB,ALDER LAKE N081,SAIGON,A90_AFB00114,59,ALDER LAKE N081,POST_LOT_TEST_PLAN,74_ADLN081_FAST_TCB_DCP,A90_AFB00114,A90_TCB218,1204,A90,ALDER LAKE N081_1204
PROD CPU,TCB,ALDER LAKE N081,SAIGON,A90_AFB00115,59,ALDER LAKE N081,POST_LOT_TEST_PLAN,74_ADLN081_FAST_TCB_DCP,A90_AFB00115,A90_TCB218,1204,A90,ALDER LAKE N081_1204
PROD CPU,TCB,ALDER LAKE N081,SAIGON,A90_AFB00116,59,ALDER LAKE N081,POST_LOT_TEST_PLAN,74_ADLN081_FAST_TCB_DCP,A90_AFB00116,A90_TCB218,1204,A90,ALDER LAKE N081_1204
PROD CPU,TCB,ALDER LAKE N081,SAIGON,A90_AFB00117,59,ALDER LAKE N081,POST_LOT_TEST_PLAN,74_ADLN081_FAST_TCB_DCP,A90_AFB00117,A90_TCB218,1204,A90,ALDER LAKE N081_1204
PROD CPU,TCB,ALDER LAKE N081,SAIGON,A90_AFB00118,59,ALDER LAKE N081,POST_LOT_TEST_PLAN,74_ADLN081_FAST_TCB_DCP,A90_AFB00118,A90_TCB217,1204,A90,ALDER LAKE N081_1204
PROD CPU,TCB,ALDER LAKE N081,SAIGON,A90_AFB00119,59,ALDER LAKE N081,POST_LOT_TEST_PLAN,74_ADLN081_FAST_TCB_DCP,A90_AFB00119,A90_TCB217,1204,A90,ALDER LAKE N081_1204
PROD CPU,TCB,ALDER LAKE N081,SAIGON,A90_AFB00120,59,ALDER LAKE N081,POST_LOT_TEST_PLAN,74_ADLN081_FAST_TCB_DCP,A90_AFB00120,A90_TCB217,1204,A90,ALDER LAKE N081_1204
PROD CPU,TCB,ALDER LAKE N081,SAIGON,A90_AFB00121,59,ALDER LAKE N081,POST_LOT_TEST_PLAN,74_ADLN081_FAST_TCB_DCP,A90_AFB00121,A90_TCB217,1204,A90,ALDER LAKE N081_1204
PROD CPU,TCB,ALDER LAKE PS682,SAIGON,A90_AFB00009,50,ALDER LAKE PS682,POST_LOT_TEST_PLAN,74_ADL_PS682_FAST_TCB_DCP,A90_AFB00009,A90_TCB203,1204,A90,ALDER LAKE PS682_1204
PROD CPU,TCB,ALDER LAKE PS682,SAIGON,A90_AFB00010,50,ALDER LAKE PS682,POST_LOT_TEST_PLAN,74_ADL_PS682_FAST_TCB_DCP,A90_AFB00010,A90_TCB203,1204,A90,ALDER LAKE PS682_1204
PROD CPU,TCB,ALDER LAKE PS682,SAIGON,A90_AFB00011,50,ALDER LAKE PS682,POST_LOT_TEST_PLAN,74_ADL_PS682_FAST_TCB_DCP,A90_AFB00011,A90_TCB203,1204,A90,ALDER LAKE PS682_1204
PROD CPU,TCB,ALDER LAKE PS682,SAIGON,A90_AFB00012,50,ALDER LAKE PS682,POST_LOT_TEST_PLAN,74_ADL_PS682_FAST_TCB_DCP,A90_AFB00012,A90_TCB203,1204,A90,ALDER LAKE PS682_1204
PROD CPU,TCB,ALDER LAKE PS682,SAIGON,A90_AFB00021,50,ALDER LAKE PS682,POST_LOT_TEST_PLAN,74_ADL_PS682_FAST_TCB_DCP,A90_AFB00021,A90_TCB206,1204,A90,ALDER LAKE PS682_1204
PROD CPU,TCB,ALDER LAKE PS682,SAIGON,A90_AFB00022,50,ALDER LAKE PS682,POST_LOT_TEST_PLAN,74_ADL_PS682_FAST_TCB_DCP,A90_AFB00022,A90_TCB206,1204,A90,ALDER LAKE PS682_1204
PROD CPU,TCB,ALDER LAKE PS682,SAIGON,A90_AFB00023,50,ALDER LAKE PS682,POST_LOT_TEST_PLAN,74_ADL_PS682_FAST_TCB_DCP,A90_AFB00023,A90_TCB206,1204,A90,ALDER LAKE PS682_1204
PROD CPU,TCB,ALDER LAKE PS682,SAIGON,A90_AFB00024,50,ALDER LAKE PS682,POST_LOT_TEST_PLAN,74_ADL_PS682_FAST_TCB_DCP,A90_AFB00024,A90_TCB206,1204,A90,ALDER LAKE PS682_1204
PROD CPU,TCB,ALDER LAKE PS682,SAIGON,A90_AFB00114,50,ALDER LAKE PS682,POST_LOT_TEST_PLAN,74_ADL_PS682_FAST_TCB_DCP,A90_AFB00114,A90_TCB218,1204,A90,ALDER LAKE PS682_1204
PROD CPU,TCB,ALDER LAKE PS682,SAIGON,A90_AFB00115,50,ALDER LAKE PS682,POST_LOT_TEST_PLAN,74_ADL_PS682_FAST_TCB_DCP,A90_AFB00115,A90_TCB218,1204,A90,ALDER LAKE PS682_1204
PROD CPU,TCB,ALDER LAKE PS682,SAIGON,A90_AFB00116,50,ALDER LAKE PS682,POST_LOT_TEST_PLAN,74_ADL_PS682_FAST_TCB_DCP,A90_AFB00116,A90_TCB218,1204,A90,ALDER LAKE PS682_1204
PROD CPU,TCB,ALDER LAKE PS682,SAIGON,A90_AFB00117,50,ALDER LAKE PS682,POST_LOT_TEST_PLAN,74_ADL_PS682_FAST_TCB_DCP,A90_AFB00117,A90_TCB218,1204,A90,ALDER LAKE PS682_1204
PROD CPU,TCB,ALDER LAKE S881 BGA,SAIGON,A90_AFB00009,68,ALDER LAKE S881 BGA,POST_LOT_TEST_PLAN,74_ADL_S81_BGA_TCB_DCP,A90_AFB00009,A90_TCB203,1204,A90,ALDER LAKE S881 BGA_1204
PROD CPU,TCB,ALDER LAKE S881 BGA,SAIGON,A90_AFB00010,68,ALDER LAKE S881 BGA,POST_LOT_TEST_PLAN,74_ADL_S81_BGA_TCB_DCP,A90_AFB00010,A90_TCB203,1204,A90,ALDER LAKE S881 BGA_1204
PROD CPU,TCB,ALDER LAKE S881 BGA,SAIGON,A90_AFB00011,68,ALDER LAKE S881 BGA,POST_LOT_TEST_PLAN,74_ADL_S81_BGA_TCB_DCP,A90_AFB00011,A90_TCB203,1204,A90,ALDER LAKE S881 BGA_1204
PROD CPU,TCB,ALDER LAKE S881 BGA,SAIGON,A90_AFB00012,68,ALDER LAKE S881 BGA,POST_LOT_TEST_PLAN,74_ADL_S81_BGA_TCB_DCP,A90_AFB00012,A90_TCB203,1204,A90,ALDER LAKE S881 BGA_1204
PROD CPU,TCB,ALDER LAKE S881 BGA,SAIGON,A90_AFB00029,68,ALDER LAKE S881 BGA,POST_LOT_TEST_PLAN,74_ADL_S81_BGA_TCB_DCP,A90_AFB00029,A90_TCB208,1204,A90,ALDER LAKE S881 BGA_1204
PROD CPU,TCB,ALDER LAKE S881 BGA,SAIGON,A90_AFB00030,68,ALDER LAKE S881 BGA,POST_LOT_TEST_PLAN,74_ADL_S81_BGA_TCB_DCP,A90_AFB00030,A90_TCB208,1204,A90,ALDER LAKE S881 BGA_1204
PROD CPU,TCB,ALDER LAKE S881 BGA,SAIGON,A90_AFB00031,68,ALDER LAKE S881 BGA,POST_LOT_TEST_PLAN,74_ADL_S81_BGA_TCB_DCP,A90_AFB00031,A90_TCB208,1204,A90,ALDER LAKE S881 BGA_1204
PROD CPU,TCB,ALDER LAKE S881 BGA,SAIGON,A90_AFB00032,68,ALDER LAKE S881 BGA,POST_LOT_TEST_PLAN,74_ADL_S81_BGA_TCB_DCP,A90_AFB00032,A90_TCB208,1204,A90,ALDER LAKE S881 BGA_1204
PROD CPU,TCB,ALDER LAKE S881 BGA,SAIGON,A90_AFB00037,68,ALDER LAKE S881 BGA,POST_LOT_TEST_PLAN,74_ADL_S81_BGA_TCB_DCP,A90_AFB00037,A90_TCB210,1204,A90,ALDER LAKE S881 BGA_1204
PROD CPU,TCB,ALDER LAKE S881 BGA,SAIGON,A90_AFB00038,68,ALDER LAKE S881 BGA,POST_LOT_TEST_PLAN,74_ADL_S81_BGA_TCB_DCP,A90_AFB00038,A90_TCB210,1204,A90,ALDER LAKE S881 BGA_1204
PROD CPU,TCB,ALDER LAKE S881 BGA,SAIGON,A90_AFB00039,68,ALDER LAKE S881 BGA,POST_LOT_TEST_PLAN,74_ADL_S81_BGA_TCB_DCP,A90_AFB00039,A90_TCB210,1204,A90,ALDER LAKE S881 BGA_1204
PROD CPU,TCB,ALDER LAKE S881 BGA,SAIGON,A90_AFB00040,68,ALDER LAKE S881 BGA,POST_LOT_TEST_PLAN,74_ADL_S81_BGA_TCB_DCP,A90_AFB00040,A90_TCB210,1204,A90,ALDER LAKE S881 BGA_1204
PROD CPU,TCB,ALDER LAKE S881 BGA,SAIGON,A90_AFB00045,68,ALDER LAKE S881 BGA,POST_LOT_TEST_PLAN,74_ADL_S81_BGA_TCB_DCP,A90_AFB00045,A90_TCB220,1204,A90,ALDER LAKE S881 BGA_1204
PROD CPU,TCB,ALDER LAKE S881 BGA,SAIGON,A90_AFB00046,68,ALDER LAKE S881 BGA,POST_LOT_TEST_PLAN,74_ADL_S81_BGA_TCB_DCP,A90_AFB00046,A90_TCB220,1204,A90,ALDER LAKE S881 BGA_1204
PROD CPU,TCB,ALDER LAKE S881 BGA,SAIGON,A90_AFB00047,68,ALDER LAKE S881 BGA,POST_LOT_TEST_PLAN,74_ADL_S81_BGA_TCB_DCP,A90_AFB00047,A90_TCB220,1204,A90,ALDER LAKE S881 BGA_1204
PROD CPU,TCB,ALDER LAKE S881 BGA,SAIGON,A90_AFB00048,68,ALDER LAKE S881 BGA,POST_LOT_TEST_PLAN,74_ADL_S81_BGA_TCB_DCP,A90_AFB00048,A90_TCB220,1204,A90,ALDER LAKE S881 BGA_1204
PROD CPU,TCB,ALDER LAKE S881 BGA,SAIGON,A90_AFB00093,68,ALDER LAKE S881 BGA,POST_LOT_TEST_PLAN,74_ADL_S81_BGA_TCB_DCP,A90_AFB00093,A90_TCB213,1204,A90,ALDER LAKE S881 BGA_1204
PROD CPU,TCB,ALDER LAKE S881 BGA,SAIGON,A90_AFB00094,68,ALDER LAKE S881 BGA,POST_LOT_TEST_PLAN,74_ADL_S81_BGA_TCB_DCP,A90_AFB00094,A90_TCB213,1204,A90,ALDER LAKE S881 BGA_1204
PROD CPU,TCB,ALDER LAKE S881 BGA,SAIGON,A90_AFB00095,68,ALDER LAKE S881 BGA,POST_LOT_TEST_PLAN,74_ADL_S81_BGA_TCB_DCP,A90_AFB00095,A90_TCB213,1204,A90,ALDER LAKE S881 BGA_1204
PROD CPU,TCB,ALDER LAKE S881 BGA,SAIGON,A90_AFB00096,68,ALDER LAKE S881 BGA,POST_LOT_TEST_PLAN,74_ADL_S81_BGA_TCB_DCP,A90_AFB00096,A90_TCB213,1204,A90,ALDER LAKE S881 BGA_1204
PROD CPU,TCB,ALDER LAKE S881 BGA,SAIGON,A90_AFB00097,68,ALDER LAKE S881 BGA,POST_LOT_TEST_PLAN,74_ADL_S81_BGA_TCB_DCP,A90_AFB00097,A90_TCB214,1204,A90,ALDER LAKE S881 BGA_1204
PROD CPU,TCB,ALDER LAKE S881 BGA,SAIGON,A90_AFB00098,68,ALDER LAKE S881 BGA,POST_LOT_TEST_PLAN,74_ADL_S81_BGA_TCB_DCP,A90_AFB00098,A90_TCB214,1204,A90,ALDER LAKE S881 BGA_1204
PROD CPU,TCB,ALDER LAKE S881 BGA,SAIGON,A90_AFB00099,68,ALDER LAKE S881 BGA,POST_LOT_TEST_PLAN,74_ADL_S81_BGA_TCB_DCP,A90_AFB00099,A90_TCB214,1204,A90,ALDER LAKE S881 BGA_1204
PROD CPU,TCB,ALDER LAKE S881 BGA,SAIGON,A90_AFB00100,68,ALDER LAKE S881 BGA,POST_LOT_TEST_PLAN,74_ADL_S81_BGA_TCB_DCP,A90_AFB00100,A90_TCB214,1204,A90,ALDER LAKE S881 BGA_1204
PROD CPU,TCB,ALDER LAKE S881 BGA,SAIGON,A90_AFB00114,68,ALDER LAKE S881 BGA,POST_LOT_TEST_PLAN,74_ADL_S81_BGA_TCB_DCP,A90_AFB00114,A90_TCB218,1204,A90,ALDER LAKE S881 BGA_1204
PROD CPU,TCB,ALDER LAKE S881 BGA,SAIGON,A90_AFB00115,68,ALDER LAKE S881 BGA,POST_LOT_TEST_PLAN,74_ADL_S81_BGA_TCB_DCP,A90_AFB00115,A90_TCB218,1204,A90,ALDER LAKE S881 BGA_1204
PROD CPU,TCB,ALDER LAKE S881 BGA,SAIGON,A90_AFB00116,68,ALDER LAKE S881 BGA,POST_LOT_TEST_PLAN,74_ADL_S81_BGA_TCB_DCP,A90_AFB00116,A90_TCB218,1204,A90,ALDER LAKE S881 BGA_1204
PROD CPU,TCB,ALDER LAKE S881 BGA,SAIGON,A90_AFB00117,68,ALDER LAKE S881 BGA,POST_LOT_TEST_PLAN,74_ADL_S81_BGA_TCB_DCP,A90_AFB00117,A90_TCB218,1204,A90,ALDER LAKE S881 BGA_1204
PROD CPU,TCB,ALDER LAKE S881 BGA,SAIGON,A90_AFB00118,68,ALDER LAKE S881 BGA,POST_LOT_TEST_PLAN,74_ADL_S81_BGA_TCB_DCP,A90_AFB00118,A90_TCB217,1204,A90,ALDER LAKE S881 BGA_1204
PROD CPU,TCB,ALDER LAKE S881 BGA,SAIGON,A90_AFB00119,68,ALDER LAKE S881 BGA,POST_LOT_TEST_PLAN,74_ADL_S81_BGA_TCB_DCP,A90_AFB00119,A90_TCB217,1204,A90,ALDER LAKE S881 BGA_1204
PROD CPU,TCB,ALDER LAKE S881 BGA,SAIGON,A90_AFB00120,68,ALDER LAKE S881 BGA,POST_LOT_TEST_PLAN,74_ADL_S81_BGA_TCB_DCP,A90_AFB00120,A90_TCB217,1204,A90,ALDER LAKE S881 BGA_1204
PROD CPU,TCB,ALDER LAKE S881 BGA,SAIGON,A90_AFB00121,68,ALDER LAKE S881 BGA,POST_LOT_TEST_PLAN,74_ADL_S81_BGA_TCB_DCP,A90_AFB00121,A90_TCB217,1204,A90,ALDER LAKE S881 BGA_1204
PROD CPU,TCB,APL1 ND5 2912D 4UP HYBRID,PENANG,A01_ACB80701,50,APL1 ND5 2912D 4UP HYBRID,POST_LOT_TEST_PLAN,73_APL_ND5_2912D_CU_TCB_DCP,A01_ACB80701,A01_TCB807,1204,A01,APL1 ND5 2912D 4UP HYBRID_1204
PROD CPU,TCB,APL3 2912C ND4 SAM PTI,PENANG,A01_ACB80701,31,APL3 2912C ND4 SAM PTI,POST_LOT_TEST_PLAN,73_APL3_2912C_CU_TCB_DCP,A01_ACB80701,A01_TCB807,1204,A01,APL3 2912C ND4 SAM PTI_1204
PROD CPU,TCB,APL3 2912C ND4 SAM SSF,PENANG,A01_ACB80701,48,APL3 2912C ND4 SAM SSF,POST_LOT_TEST_PLAN,73_APL3_2912C_CU_TCB_DCP,A01_ACB80701,A01_TCB807,1204,A01,APL3 2912C ND4 SAM SSF_1204
PROD CPU,TCB,APL3 2912C ND4 SAM TPS,PENANG,A01_ACB80401,30,APL3 2912C ND4 SAM TPS,POST_LOT_TEST_PLAN,73_APL3_2912C_CU_TCB_DCP,A01_ACB80401,A01_TCB804,1204,A01,APL3 2912C ND4 SAM TPS_1204
PROD CPU,TCB,APL3 2912C ND4 SAM TPS,PENANG,A01_ACB80402,30,APL3 2912C ND4 SAM TPS,POST_LOT_TEST_PLAN,73_APL3_2912C_CU_TCB_DCP,A01_ACB80402,A01_TCB804,1204,A01,APL3 2912C ND4 SAM TPS_1204
PROD CPU,TCB,APL3 2912C ND4 SAM TPS,PENANG,A01_ACB80701,30,APL3 2912C ND4 SAM TPS,POST_LOT_TEST_PLAN,73_APL3_2912C_CU_TCB_DCP,A01_ACB80701,A01_TCB807,1204,A01,APL3 2912C ND4 SAM TPS_1204
PROD CPU,TCB,APL3 ND4 2597AC SAM PTI,PENANG,A01_ACB80701,29,APL3 ND4 2597AC SAM PTI,POST_LOT_TEST_PLAN,73_APL3_2597AC_CU_TCB_DCP,A01_ACB80701,A01_TCB807,1204,A01,APL3 ND4 2597AC SAM PTI_1204
PROD CPU,TCB,APL3 ND4 2597AC SAM TPS,PENANG,A01_ACB80701,36,APL3 ND4 2597AC SAM TPS,POST_LOT_TEST_PLAN,73_APL3_2597AC_CU_TCB_DCP,A01_ACB80701,A01_TCB807,1204,A01,APL3 ND4 2597AC SAM TPS_1204
PROD CPU,TCB,APL3 ND4 2597AC SAM TPS,PENANG,A01_ACB81001,36,APL3 ND4 2597AC SAM TPS,POST_LOT_TEST_PLAN,73_APL3_2597AC_CU_TCB_DCP,A01_ACB81001,A01_TCB810,1204,A01,APL3 ND4 2597AC SAM TPS_1204
PROD CPU,TCB,APL3 ND4 2597AC SAM TPS,PENANG,A01_ACB81002,36,APL3 ND4 2597AC SAM TPS,POST_LOT_TEST_PLAN,73_APL3_2597AC_CU_TCB_DCP,A01_ACB81002,A01_TCB810,1204,A01,APL3 ND4 2597AC SAM TPS_1204
PROD CPU,TCB,APOLLONIA ND4 2397C PTI,PENANG,A01_ACB80701,19,APOLLONIA ND4 2397C PTI,POST_LOT_TEST_PLAN,73_APL3_2397C_CU_TCB_DCP,A01_ACB80701,A01_TCB807,1204,A01,APOLLONIA ND4 2397C PTI_1204
PROD CPU,TCB,APOLLONIA ND4 2397C TPS,PENANG,A01_ACB80701,38,APOLLONIA ND4 2397C TPS,POST_LOT_TEST_PLAN,73_APL3_2397C_CU_TCB_DCP,A01_ACB80701,A01_TCB807,1204,A01,APOLLONIA ND4 2397C TPS_1204
PROD CPU,TCB,APOLLONIA ND4 2397C TPS,PENANG,A01_ACB81001,38,APOLLONIA ND4 2397C TPS,POST_LOT_TEST_PLAN,73_APL3_2397C_CU_TCB_DCP,A01_ACB81001,A01_TCB810,1204,A01,APOLLONIA ND4 2397C TPS_1204
PROD CPU,TCB,APOLLONIA ND4 2397C TPS,PENANG,A01_ACB81002,38,APOLLONIA ND4 2397C TPS,POST_LOT_TEST_PLAN,73_APL3_2397C_CU_TCB_DCP,A01_ACB81002,A01_TCB810,1204,A01,APOLLONIA ND4 2397C TPS_1204
PROD CPU,TCB,APOLLONIA ND5 1760 DOE,PENANG,A01_ACB80701,16,APOLLONIA ND5 1760 DOE,POST_LOT_TEST_PLAN,73_APL_1760_CU_TCB_DCP,A01_ACB80701,A01_TCB807,1204,A01,APOLLONIA ND5 1760 DOE_1204
PROD CPU,TCB,APOLLONIA ND5 1760 PTI,PENANG,A01_ACB80701,26,APOLLONIA ND5 1760 PTI,POST_LOT_TEST_PLAN,73_APL_1760_CU_TCB_DCP,A01_ACB80701,A01_TCB807,1204,A01,APOLLONIA ND5 1760 PTI_1204
PROD CPU,TCB,APOLLONIA ND5 1760 SSF,PENANG,A01_ACB80701,66,APOLLONIA ND5 1760 SSF,POST_LOT_TEST_PLAN,73_APL_1760_CU_TCB_DCP,A01_ACB80701,A01_TCB807,1204,A01,APOLLONIA ND5 1760 SSF_1204
PROD CPU,TCB,APOLLONIA ND5 1760 SSF,PENANG,A01_ACB81001,66,APOLLONIA ND5 1760 SSF,POST_LOT_TEST_PLAN,73_APL_1760_CU_TCB_DCP,A01_ACB81001,A01_TCB810,1204,A01,APOLLONIA ND5 1760 SSF_1204
PROD CPU,TCB,APOLLONIA ND5 1760 SSF,PENANG,A01_ACB81002,66,APOLLONIA ND5 1760 SSF,POST_LOT_TEST_PLAN,73_APL_1760_CU_TCB_DCP,A01_ACB81002,A01_TCB810,1204,A01,APOLLONIA ND5 1760 SSF_1204
PROD CPU,TCB,APOLLONIA ND5 1760 TPS,PENANG,A01_ACB80701,51,APOLLONIA ND5 1760 TPS,POST_LOT_TEST_PLAN,73_APL_1760_CU_TCB_DCP,A01_ACB80701,A01_TCB807,1204,A01,APOLLONIA ND5 1760 TPS_1204
PROD CPU,TCB,APOLLONIA ND5 1760 TPS,PENANG,A01_ACB81001,51,APOLLONIA ND5 1760 TPS,POST_LOT_TEST_PLAN,73_APL_1760_CU_TCB_DCP,A01_ACB81001,A01_TCB810,1204,A01,APOLLONIA ND5 1760 TPS_1204
PROD CPU,TCB,APOLLONIA ND5 1760 TPS,PENANG,A01_ACB81002,51,APOLLONIA ND5 1760 TPS,POST_LOT_TEST_PLAN,73_APL_1760_CU_TCB_DCP,A01_ACB81002,A01_TCB810,1204,A01,APOLLONIA ND5 1760 TPS_1204
PROD CPU,TCB,APOLLONIA ND5 1760 TPS,PENANG,A01_ACB81801,51,APOLLONIA ND5 1760 TPS,POST_LOT_TEST_PLAN,73_APL_1760_CU_TCB_DCP,A01_ACB81801,A01_TCB818,1204,A01,APOLLONIA ND5 1760 TPS_1204
PROD CPU,TCB,APOLLONIA ND5 1760 TPS,PENANG,A01_ACB81802,51,APOLLONIA ND5 1760 TPS,POST_LOT_TEST_PLAN,73_APL_1760_CU_TCB_DCP,A01_ACB81802,A01_TCB818,1204,A01,APOLLONIA ND5 1760 TPS_1204
PROD CPU,TCB,APOLLONIA ND5 PR2 2912 Cu,PENANG,A01_ACB80701,71,APOLLONIA ND5 PR2 2912 Cu,POST_LOT_TEST_PLAN,73_APL_2912_CU_TCB_DCP,A01_ACB80701,A01_TCB807,1204,A01,APOLLONIA ND5 PR2 2912 Cu_1204
PROD CPU,TCB,APOLLONIA ND7 Redesign,PENANG,A01_ACB80501,66,APOLLONIA ND7 Redesign,POST_LOT_TEST_PLAN,73_EMIB_ND7_TCB_DCP,A01_ACB80501,A01_TCB805,1204,A01,APOLLONIA ND7 Redesign_1204
PROD CPU,TCB,APOLLONIA ND7 Redesign,PENANG,A01_ACB80502,66,APOLLONIA ND7 Redesign,POST_LOT_TEST_PLAN,73_EMIB_ND7_TCB_DCP,A01_ACB80502,A01_TCB805,1204,A01,APOLLONIA ND7 Redesign_1204
PROD CPU,TCB,APOLLONIA ND8 2597A,PENANG,A01_ACB80701,41,APOLLONIA ND8 2597A,POST_LOT_TEST_PLAN,73_APL3_2597AC_CU_TCB_DCP,A01_ACB80701,A01_TCB807,1204,A01,APOLLONIA ND8 2597A_1204
PROD CPU,TCB,APOLLONIA ND8 2597A SSF,PENANG,A01_ACB80501,43,APOLLONIA ND8 2597A SSF,POST_LOT_TEST_PLAN,73_APL3_2597AC_CU_TCB_DCP,A01_ACB80501,A01_TCB805,1204,A01,APOLLONIA ND8 2597A SSF_1204
PROD CPU,TCB,APOLLONIA ND8 2597A SSF,PENANG,A01_ACB80502,43,APOLLONIA ND8 2597A SSF,POST_LOT_TEST_PLAN,73_APL3_2597AC_CU_TCB_DCP,A01_ACB80502,A01_TCB805,1204,A01,APOLLONIA ND8 2597A SSF_1204
PROD CPU,TCB,APOLLONIA ND8 2597A SSF,PENANG,A01_ACB80701,43,APOLLONIA ND8 2597A SSF,POST_LOT_TEST_PLAN,73_APL3_2597AC_CU_TCB_DCP,A01_ACB80701,A01_TCB807,1204,A01,APOLLONIA ND8 2597A SSF_1204
PROD CPU,TCB,APOLLONIA ND8 2912 SSF,PENANG,A01_ACB80501,47,APOLLONIA ND8 2912 SSF,POST_LOT_TEST_PLAN,73_APL3_2912C_CU_TCB_DCP,A01_ACB80501,A01_TCB805,1204,A01,APOLLONIA ND8 2912 SSF_1204
PROD CPU,TCB,APOLLONIA ND8 2912 SSF,PENANG,A01_ACB80502,47,APOLLONIA ND8 2912 SSF,POST_LOT_TEST_PLAN,73_APL3_2912C_CU_TCB_DCP,A01_ACB80502,A01_TCB805,1204,A01,APOLLONIA ND8 2912 SSF_1204
PROD CPU,TCB,APOLLONIA ND8 2912 SSF,PENANG,A01_ACB80701,47,APOLLONIA ND8 2912 SSF,POST_LOT_TEST_PLAN,73_APL3_2912C_CU_TCB_DCP,A01_ACB80701,A01_TCB807,1204,A01,APOLLONIA ND8 2912 SSF_1204
PROD CPU,TCB,APOLLONIA ND8 2912C TPS,PENANG,A01_ACB80501,31,APOLLONIA ND8 2912C TPS,POST_LOT_TEST_PLAN,73_APL3_2912C_CU_TCB_DCP,A01_ACB80501,A01_TCB805,1204,A01,APOLLONIA ND8 2912C TPS_1204
PROD CPU,TCB,APOLLONIA ND8 2912C TPS,PENANG,A01_ACB80502,31,APOLLONIA ND8 2912C TPS,POST_LOT_TEST_PLAN,73_APL3_2912C_CU_TCB_DCP,A01_ACB80502,A01_TCB805,1204,A01,APOLLONIA ND8 2912C TPS_1204
PROD CPU,TCB,APOLLONIA ND8 2912C TPS,PENANG,A01_ACB80701,31,APOLLONIA ND8 2912C TPS,POST_LOT_TEST_PLAN,73_APL3_2912C_CU_TCB_DCP,A01_ACB80701,A01_TCB807,1204,A01,APOLLONIA ND8 2912C TPS_1204
PROD CPU,TCB,APOLLONIA1 2397B ND5 Cu,PENANG,A01_ACB80701,89,APOLLONIA1 2397B ND5 Cu,POST_LOT_TEST_PLAN,73_APL_2397_CU_TCB_DCP,A01_ACB80701,A01_TCB807,1204,A01,APOLLONIA1 2397B ND5 Cu_1204
PROD CPU,TCB,APOLLONIA1 2397B ND5 SSF,PENANG,A01_ACB80701,44,APOLLONIA1 2397B ND5 SSF,POST_LOT_TEST_PLAN,73_APL_2397_CU_TCB_DCP,A01_ACB80701,A01_TCB807,1204,A01,APOLLONIA1 2397B ND5 SSF_1204
PROD CPU,TCB,APOLLONIA1 2397B ND5 SSF,PENANG,A01_ACB81001,44,APOLLONIA1 2397B ND5 SSF,POST_LOT_TEST_PLAN,73_APL_2397_CU_TCB_DCP,A01_ACB81001,A01_TCB810,1204,A01,APOLLONIA1 2397B ND5 SSF_1204
PROD CPU,TCB,APOLLONIA1 2397B ND5 SSF,PENANG,A01_ACB81002,44,APOLLONIA1 2397B ND5 SSF,POST_LOT_TEST_PLAN,73_APL_2397_CU_TCB_DCP,A01_ACB81002,A01_TCB810,1204,A01,APOLLONIA1 2397B ND5 SSF_1204
PROD CPU,TCB,APOLLONIA1 2397B ND5 TPS,PENANG,A01_ACB80201,55,APOLLONIA1 2397B ND5 TPS,POST_LOT_TEST_PLAN,73_APL_2397_CU_TCB_DCP,A01_ACB80201,A01_TCB802,1204,A01,APOLLONIA1 2397B ND5 TPS_1204
PROD CPU,TCB,APOLLONIA1 2397B ND5 TPS,PENANG,A01_ACB80202,55,APOLLONIA1 2397B ND5 TPS,POST_LOT_TEST_PLAN,73_APL_2397_CU_TCB_DCP,A01_ACB80202,A01_TCB802,1204,A01,APOLLONIA1 2397B ND5 TPS_1204
PROD CPU,TCB,APOLLONIA1 2397B ND5 TPS,PENANG,A01_ACB80701,55,APOLLONIA1 2397B ND5 TPS,POST_LOT_TEST_PLAN,73_APL_2397_CU_TCB_DCP,A01_ACB80701,A01_TCB807,1204,A01,APOLLONIA1 2397B ND5 TPS_1204
PROD CPU,TCB,APOLLONIA1 2397B ND5 TPS,PENANG,A01_ACB80901,55,APOLLONIA1 2397B ND5 TPS,POST_LOT_TEST_PLAN,73_APL_2397_CU_TCB_DCP,A01_ACB80901,A01_TCB809,1204,A01,APOLLONIA1 2397B ND5 TPS_1204
PROD CPU,TCB,APOLLONIA1 2397B ND5 TPS,PENANG,A01_ACB80902,55,APOLLONIA1 2397B ND5 TPS,POST_LOT_TEST_PLAN,73_APL_2397_CU_TCB_DCP,A01_ACB80902,A01_TCB809,1204,A01,APOLLONIA1 2397B ND5 TPS_1204
PROD CPU,TCB,APOLLONIA1 2397B ND5 TPS,PENANG,A01_ACB81001,55,APOLLONIA1 2397B ND5 TPS,POST_LOT_TEST_PLAN,73_APL_2397_CU_TCB_DCP,A01_ACB81001,A01_TCB810,1204,A01,APOLLONIA1 2397B ND5 TPS_1204
PROD CPU,TCB,APOLLONIA1 2397B ND5 TPS,PENANG,A01_ACB81002,55,APOLLONIA1 2397B ND5 TPS,POST_LOT_TEST_PLAN,73_APL_2397_CU_TCB_DCP,A01_ACB81002,A01_TCB810,1204,A01,APOLLONIA1 2397B ND5 TPS_1204
PROD CPU,TCB,APOLLONIA1 2912B CU,PENANG,A01_ACB80701,64,APOLLONIA1 2912B CU,POST_LOT_TEST_PLAN,73_APL_2912B_CU_TCB_DCP,A01_ACB80701,A01_TCB807,1204,A01,APOLLONIA1 2912B CU_1204
PROD CPU,TCB,APOLLONIA1 ND5 2397C PTI,PENANG,A01_ACB80701,27,APOLLONIA1 ND5 2397C PTI,POST_LOT_TEST_PLAN,73_APL_2397_CU_TCB_DCP,A01_ACB80701,A01_TCB807,1204,A01,APOLLONIA1 ND5 2397C PTI_1204
PROD CPU,TCB,APOLLONIA1 ND5 2397C PTI,PENANG,A01_ACB81001,27,APOLLONIA1 ND5 2397C PTI,POST_LOT_TEST_PLAN,73_APL_2397_CU_TCB_DCP,A01_ACB81001,A01_TCB810,1204,A01,APOLLONIA1 ND5 2397C PTI_1204
PROD CPU,TCB,APOLLONIA1 ND5 2397C PTI,PENANG,A01_ACB81002,27,APOLLONIA1 ND5 2397C PTI,POST_LOT_TEST_PLAN,73_APL_2397_CU_TCB_DCP,A01_ACB81002,A01_TCB810,1204,A01,APOLLONIA1 ND5 2397C PTI_1204
PROD CPU,TCB,APOLLONIA1 ND5 2397C SSF,PENANG,A01_ACB80701,57,APOLLONIA1 ND5 2397C SSF,POST_LOT_TEST_PLAN,73_APL_2397_CU_TCB_DCP,A01_ACB80701,A01_TCB807,1204,A01,APOLLONIA1 ND5 2397C SSF_1204
PROD CPU,TCB,APOLLONIA1 ND5 2397C SSF,PENANG,A01_ACB81001,57,APOLLONIA1 ND5 2397C SSF,POST_LOT_TEST_PLAN,73_APL_2397_CU_TCB_DCP,A01_ACB81001,A01_TCB810,1204,A01,APOLLONIA1 ND5 2397C SSF_1204
PROD CPU,TCB,APOLLONIA1 ND5 2397C SSF,PENANG,A01_ACB81002,57,APOLLONIA1 ND5 2397C SSF,POST_LOT_TEST_PLAN,73_APL_2397_CU_TCB_DCP,A01_ACB81002,A01_TCB810,1204,A01,APOLLONIA1 ND5 2397C SSF_1204
PROD CPU,TCB,APOLLONIA1 ND5 2397C TPS,PENANG,A01_ACB80201,58,APOLLONIA1 ND5 2397C TPS,POST_LOT_TEST_PLAN,73_APL_2397_CU_TCB_DCP,A01_ACB80201,A01_TCB802,1204,A01,APOLLONIA1 ND5 2397C TPS_1204
PROD CPU,TCB,APOLLONIA1 ND5 2397C TPS,PENANG,A01_ACB80202,58,APOLLONIA1 ND5 2397C TPS,POST_LOT_TEST_PLAN,73_APL_2397_CU_TCB_DCP,A01_ACB80202,A01_TCB802,1204,A01,APOLLONIA1 ND5 2397C TPS_1204
PROD CPU,TCB,APOLLONIA1 ND5 2397C TPS,PENANG,A01_ACB80401,58,APOLLONIA1 ND5 2397C TPS,POST_LOT_TEST_PLAN,73_APL_2397_CU_TCB_DCP,A01_ACB80401,A01_TCB804,1204,A01,APOLLONIA1 ND5 2397C TPS_1204
PROD CPU,TCB,APOLLONIA1 ND5 2397C TPS,PENANG,A01_ACB80402,58,APOLLONIA1 ND5 2397C TPS,POST_LOT_TEST_PLAN,73_APL_2397_CU_TCB_DCP,A01_ACB80402,A01_TCB804,1204,A01,APOLLONIA1 ND5 2397C TPS_1204
PROD CPU,TCB,APOLLONIA1 ND5 2397C TPS,PENANG,A01_ACB80701,58,APOLLONIA1 ND5 2397C TPS,POST_LOT_TEST_PLAN,73_APL_2397_CU_TCB_DCP,A01_ACB80701,A01_TCB807,1204,A01,APOLLONIA1 ND5 2397C TPS_1204
PROD CPU,TCB,APOLLONIA1 ND5 2397C TPS,PENANG,A01_ACB81001,57,APOLLONIA1 ND5 2397C TPS,POST_LOT_TEST_PLAN,73_APL_2397_CU_TCB_DCP,A01_ACB81001,A01_TCB810,1204,A01,APOLLONIA1 ND5 2397C TPS_1204
PROD CPU,TCB,APOLLONIA1 ND5 2397C TPS,PENANG,A01_ACB81002,57,APOLLONIA1 ND5 2397C TPS,POST_LOT_TEST_PLAN,73_APL_2397_CU_TCB_DCP,A01_ACB81002,A01_TCB810,1204,A01,APOLLONIA1 ND5 2397C TPS_1204
PROD CPU,TCB,APOLLONIA1 ND5 2912B SSF,PENANG,A01_ACB80701,41,APOLLONIA1 ND5 2912B SSF,POST_LOT_TEST_PLAN,73_APL_2912B_CU_TCB_DCP,A01_ACB80701,A01_TCB807,1204,A01,APOLLONIA1 ND5 2912B SSF_1204
PROD CPU,TCB,APOLLONIA1 ND5 2912B TPS,PENANG,A01_ACB80701,34,APOLLONIA1 ND5 2912B TPS,POST_LOT_TEST_PLAN,73_APL_2912B_CU_TCB_DCP,A01_ACB80701,A01_TCB807,1204,A01,APOLLONIA1 ND5 2912B TPS_1204
PROD CPU,TCB,APOLLONIA1 ND5 2912E SSF,PENANG,A01_ACB80701,49,APOLLONIA1 ND5 2912E SSF,POST_LOT_TEST_PLAN,73_APL_2912_CU_TCB_DCP,A01_ACB80701,A01_TCB807,1204,A01,APOLLONIA1 ND5 2912E SSF_1204
PROD CPU,TCB,APOLLONIA3 2397C ND4 SSF,PENANG,A01_ACB80501,47,APOLLONIA3 2397C ND4 SSF,POST_LOT_TEST_PLAN,73_APL3_2397C_CU_TCB_DCP,A01_ACB80501,A01_TCB805,1204,A01,APOLLONIA3 2397C ND4 SSF_1204
PROD CPU,TCB,APOLLONIA3 2397C ND4 SSF,PENANG,A01_ACB80502,47,APOLLONIA3 2397C ND4 SSF,POST_LOT_TEST_PLAN,73_APL3_2397C_CU_TCB_DCP,A01_ACB80502,A01_TCB805,1204,A01,APOLLONIA3 2397C ND4 SSF_1204
PROD CPU,TCB,APOLLONIA3 2397C ND4 SSF,PENANG,A01_ACB80701,47,APOLLONIA3 2397C ND4 SSF,POST_LOT_TEST_PLAN,73_APL3_2397C_CU_TCB_DCP,A01_ACB80701,A01_TCB807,1204,A01,APOLLONIA3 2397C ND4 SSF_1204
PROD CPU,TCB,APOLLONIA3 ND4 1760 TPS,PENANG,A01_ACB80501,20,APOLLONIA3 ND4 1760 TPS,POST_LOT_TEST_PLAN,73_APL3_1760_CU_TCB_DCP,A01_ACB80501,A01_TCB805,1204,A01,APOLLONIA3 ND4 1760 TPS_1204
PROD CPU,TCB,APOLLONIA3 ND4 1760 TPS,PENANG,A01_ACB80502,20,APOLLONIA3 ND4 1760 TPS,POST_LOT_TEST_PLAN,73_APL3_1760_CU_TCB_DCP,A01_ACB80502,A01_TCB805,1204,A01,APOLLONIA3 ND4 1760 TPS_1204
PROD CPU,TCB,APOLLONIA3 ND4 1760 TPS,PENANG,A01_ACB80701,20,APOLLONIA3 ND4 1760 TPS,POST_LOT_TEST_PLAN,73_APL3_1760_CU_TCB_DCP,A01_ACB80701,A01_TCB807,1204,A01,APOLLONIA3 ND4 1760 TPS_1204
PROD CPU,TCB,APOLLONIA3 ND4 2597D PTI,PENANG,A01_ACB80501,17,APOLLONIA3 ND4 2597D PTI,POST_LOT_TEST_PLAN,73_APL3_2597AC_CU_TCB_DCP,A01_ACB80501,A01_TCB805,1204,A01,APOLLONIA3 ND4 2597D PTI_1204
PROD CPU,TCB,APOLLONIA3 ND4 2597D PTI,PENANG,A01_ACB80502,17,APOLLONIA3 ND4 2597D PTI,POST_LOT_TEST_PLAN,73_APL3_2597AC_CU_TCB_DCP,A01_ACB80502,A01_TCB805,1204,A01,APOLLONIA3 ND4 2597D PTI_1204
PROD CPU,TCB,APOLLONIA3 ND4 2597D PTI,PENANG,A01_ACB80701,17,APOLLONIA3 ND4 2597D PTI,POST_LOT_TEST_PLAN,73_APL3_2597AC_CU_TCB_DCP,A01_ACB80701,A01_TCB807,1204,A01,APOLLONIA3 ND4 2597D PTI_1204
PROD CPU,TCB,APOLLONIA3 ND4 2597D TPS,PENANG,A01_ACB80701,23,APOLLONIA3 ND4 2597D TPS,POST_LOT_TEST_PLAN,73_APL3_2597AC_CU_TCB_DCP,A01_ACB80701,A01_TCB807,1204,A01,APOLLONIA3 ND4 2597D TPS_1204
PROD CPU,TCB,APOLLONIA4 ND2 1760 TPS,PENANG,A01_ACB80101,91,APOLLONIA4 ND2 1760 TPS,POST_LOT_TEST_PLAN,73_APL4_1760_CU_TCB_DCP,A01_ACB80101,A01_TCB801,1204,A01,APOLLONIA4 ND2 1760 TPS_1204
PROD CPU,TCB,APOLLONIA4 ND2 1760 TPS,PENANG,A01_ACB80102,91,APOLLONIA4 ND2 1760 TPS,POST_LOT_TEST_PLAN,73_APL4_1760_CU_TCB_DCP,A01_ACB80102,A01_TCB801,1204,A01,APOLLONIA4 ND2 1760 TPS_1204
PROD CPU,TCB,APOLLONIA4 ND2 1760 TPS,PENANG,A01_ACB80201,91,APOLLONIA4 ND2 1760 TPS,POST_LOT_TEST_PLAN,73_APL4_1760_CU_TCB_DCP,A01_ACB80201,A01_TCB802,1204,A01,APOLLONIA4 ND2 1760 TPS_1204
PROD CPU,TCB,APOLLONIA4 ND2 1760 TPS,PENANG,A01_ACB80202,91,APOLLONIA4 ND2 1760 TPS,POST_LOT_TEST_PLAN,73_APL4_1760_CU_TCB_DCP,A01_ACB80202,A01_TCB802,1204,A01,APOLLONIA4 ND2 1760 TPS_1204
PROD CPU,TCB,APOLLONIA4 ND2 1760 TPS,PENANG,A01_ACB80501,91,APOLLONIA4 ND2 1760 TPS,POST_LOT_TEST_PLAN,73_APL4_1760_CU_TCB_DCP,A01_ACB80501,A01_TCB805,1204,A01,APOLLONIA4 ND2 1760 TPS_1204
PROD CPU,TCB,APOLLONIA4 ND2 1760 TPS,PENANG,A01_ACB80502,91,APOLLONIA4 ND2 1760 TPS,POST_LOT_TEST_PLAN,73_APL4_1760_CU_TCB_DCP,A01_ACB80502,A01_TCB805,1204,A01,APOLLONIA4 ND2 1760 TPS_1204
PROD CPU,TCB,APOLLONIA4 ND2 1760 TPS,PENANG,A01_ACB80701,90,APOLLONIA4 ND2 1760 TPS,POST_LOT_TEST_PLAN,73_APL4_1760_CU_TCB_DCP,A01_ACB80701,A01_TCB807,1204,A01,APOLLONIA4 ND2 1760 TPS_1204
PROD CPU,TCB,APOLLONIA4 ND2 1760 TPS,PENANG,A01_ACB80901,91,APOLLONIA4 ND2 1760 TPS,POST_LOT_TEST_PLAN,73_APL4_1760_CU_TCB_DCP,A01_ACB80901,A01_TCB809,1204,A01,APOLLONIA4 ND2 1760 TPS_1204
PROD CPU,TCB,APOLLONIA4 ND2 1760 TPS,PENANG,A01_ACB80902,91,APOLLONIA4 ND2 1760 TPS,POST_LOT_TEST_PLAN,73_APL4_1760_CU_TCB_DCP,A01_ACB80902,A01_TCB809,1204,A01,APOLLONIA4 ND2 1760 TPS_1204
PROD CPU,TCB,APOLLONIA4 ND2 1760 TPS,PENANG,A01_ACB81001,90,APOLLONIA4 ND2 1760 TPS,POST_LOT_TEST_PLAN,73_APL4_1760_CU_TCB_DCP,A01_ACB81001,A01_TCB810,1204,A01,APOLLONIA4 ND2 1760 TPS_1204
PROD CPU,TCB,APOLLONIA4 ND2 1760 TPS,PENANG,A01_ACB81002,90,APOLLONIA4 ND2 1760 TPS,POST_LOT_TEST_PLAN,73_APL4_1760_CU_TCB_DCP,A01_ACB81002,A01_TCB810,1204,A01,APOLLONIA4 ND2 1760 TPS_1204
PROD CPU,TCB,APOLLONIA4 ND2 1760 TPS,PENANG,A01_ACB81401,90,APOLLONIA4 ND2 1760 TPS,POST_LOT_TEST_PLAN,73_APL4_1760_CU_TCB_DCP,A01_ACB81401,A01_TCB814,1204,A01,APOLLONIA4 ND2 1760 TPS_1204
PROD CPU,TCB,APOLLONIA4 ND2 1760 TPS,PENANG,A01_ACB81402,90,APOLLONIA4 ND2 1760 TPS,POST_LOT_TEST_PLAN,73_APL4_1760_CU_TCB_DCP,A01_ACB81402,A01_TCB814,1204,A01,APOLLONIA4 ND2 1760 TPS_1204
PROD CPU,TCB,APOLLONIA4 ND2 1760 TPS,PENANG,A01_ACB81501,90,APOLLONIA4 ND2 1760 TPS,POST_LOT_TEST_PLAN,73_APL4_1760_CU_TCB_DCP,A01_ACB81501,A01_TCB815,1204,A01,APOLLONIA4 ND2 1760 TPS_1204
PROD CPU,TCB,APOLLONIA4 ND2 1760 TPS,PENANG,A01_ACB81502,90,APOLLONIA4 ND2 1760 TPS,POST_LOT_TEST_PLAN,73_APL4_1760_CU_TCB_DCP,A01_ACB81502,A01_TCB815,1204,A01,APOLLONIA4 ND2 1760 TPS_1204
PROD CPU,TCB,APOLLONIA4 ND2 1760C TPS,PENANG,A01_ACB80701,33,APOLLONIA4 ND2 1760C TPS,POST_LOT_TEST_PLAN,73_APL4_ND2_1760C_CUTCB_DCP,A01_ACB80701,A01_TCB807,1204,A01,APOLLONIA4 ND2 1760C TPS_1204
PROD CPU,TCB,APOLLONIA4 ND2 1760C TPS,PENANG,A01_ACB81001,33,APOLLONIA4 ND2 1760C TPS,POST_LOT_TEST_PLAN,73_APL4_ND2_1760C_CUTCB_DCP,A01_ACB81001,A01_TCB810,1204,A01,APOLLONIA4 ND2 1760C TPS_1204
PROD CPU,TCB,APOLLONIA4 ND2 1760C TPS,PENANG,A01_ACB81002,33,APOLLONIA4 ND2 1760C TPS,POST_LOT_TEST_PLAN,73_APL4_ND2_1760C_CUTCB_DCP,A01_ACB81002,A01_TCB810,1204,A01,APOLLONIA4 ND2 1760C TPS_1204
PROD CPU,TCB,APOLLONIA4 ND2 1760E TPS,PENANG,A01_ACB80701,37,APOLLONIA4 ND2 1760E TPS,POST_LOT_TEST_PLAN,73_APL_ND2_1760E_CU_TCB_DCP,A01_ACB80701,A01_TCB807,1204,A01,APOLLONIA4 ND2 1760E TPS_1204
PROD CPU,TCB,APOLLONIA4 ND2 1760E TPS,PENANG,A01_ACB80901,37,APOLLONIA4 ND2 1760E TPS,POST_LOT_TEST_PLAN,73_APL_ND2_1760E_CU_TCB_DCP,A01_ACB80901,A01_TCB809,1204,A01,APOLLONIA4 ND2 1760E TPS_1204
PROD CPU,TCB,APOLLONIA4 ND2 1760E TPS,PENANG,A01_ACB80902,37,APOLLONIA4 ND2 1760E TPS,POST_LOT_TEST_PLAN,73_APL_ND2_1760E_CU_TCB_DCP,A01_ACB80902,A01_TCB809,1204,A01,APOLLONIA4 ND2 1760E TPS_1204
PROD CPU,TCB,APOLLONIA4 ND2 1760E TPS,PENANG,A01_ACB81001,37,APOLLONIA4 ND2 1760E TPS,POST_LOT_TEST_PLAN,73_APL_ND2_1760E_CU_TCB_DCP,A01_ACB81001,A01_TCB810,1204,A01,APOLLONIA4 ND2 1760E TPS_1204
PROD CPU,TCB,APOLLONIA4 ND2 1760E TPS,PENANG,A01_ACB81002,37,APOLLONIA4 ND2 1760E TPS,POST_LOT_TEST_PLAN,73_APL_ND2_1760E_CU_TCB_DCP,A01_ACB81002,A01_TCB810,1204,A01,APOLLONIA4 ND2 1760E TPS_1204
PROD CPU,TCB,APOLLONIA4 ND2 2397C TPS,PENANG,A01_ACB80401,44,APOLLONIA4 ND2 2397C TPS,POST_LOT_TEST_PLAN,73_APL_ND2_2397C_CU_TCB_DCP,A01_ACB80401,A01_TCB804,1204,A01,APOLLONIA4 ND2 2397C TPS_1204
PROD CPU,TCB,APOLLONIA4 ND2 2397C TPS,PENANG,A01_ACB80402,44,APOLLONIA4 ND2 2397C TPS,POST_LOT_TEST_PLAN,73_APL_ND2_2397C_CU_TCB_DCP,A01_ACB80402,A01_TCB804,1204,A01,APOLLONIA4 ND2 2397C TPS_1204
PROD CPU,TCB,APOLLONIA4 ND2 2397C TPS,PENANG,A01_ACB80701,44,APOLLONIA4 ND2 2397C TPS,POST_LOT_TEST_PLAN,73_APL_ND2_2397C_CU_TCB_DCP,A01_ACB80701,A01_TCB807,1204,A01,APOLLONIA4 ND2 2397C TPS_1204
PROD CPU,TCB,APOLLONIA5 ND1 1152,PENANG,A01_ACB80701,50,APOLLONIA5 ND1 1152,POST_LOT_TEST_PLAN,73_APL_ND1_1152_CU_TCB_DCP,A01_ACB80701,A01_TCB807,1204,A01,APOLLONIA5 ND1 1152_1204
PROD CPU,TCB,APOLLONIA5 ND1 1152 TPS,PENANG,A01_ACB80701,22,APOLLONIA5 ND1 1152 TPS,POST_LOT_TEST_PLAN,73_APL_ND1_1152_CU_TCB_DCP,A01_ACB80701,A01_TCB807,1204,A01,APOLLONIA5 ND1 1152 TPS_1204
PROD CPU,TCB,APOLLONIA6 ND0,PENANG,A01_ACB80501,66,APOLLONIA6 ND0,POST_LOT_TEST_PLAN,73_APL_ND0_CU_TCB_DCP,A01_ACB80501,A01_TCB805,1204,A01,APOLLONIA6 ND0_1204
PROD CPU,TCB,APOLLONIA6 ND0,PENANG,A01_ACB80502,66,APOLLONIA6 ND0,POST_LOT_TEST_PLAN,73_APL_ND0_CU_TCB_DCP,A01_ACB80502,A01_TCB805,1204,A01,APOLLONIA6 ND0_1204
PROD CPU,TCB,APOLLONIA6 ND0,PENANG,A01_ACB80701,66,APOLLONIA6 ND0,POST_LOT_TEST_PLAN,73_APL_ND0_CU_TCB_DCP,A01_ACB80701,A01_TCB807,1204,A01,APOLLONIA6 ND0_1204
PROD CPU,TCB,APOLLONIA8 ND8 2912,"CHANDLER, ARIZONA;PENANG;",A01_ACB80701,37,APOLLONIA8 ND8 2912,POST_LOT_TEST_PLAN,73_APL3_2912C_CU_TCB_DCP,A01_ACB80701,A01_TCB807,1204,A01,APOLLONIA8 ND8 2912_1204
PROD CPU,TCB,ARL H682 STACKED,CHENGDU6,A48_ACB70005,61,ARL H682 STACKED,POST_LOT_TEST_PLAN,76_ARLH682_TCB_DCP,A48_ACB70005,A48_TCB702,1204,A48,ARL H682 STACKED_1204
PROD CPU,TCB,ARL H682 STACKED,CHENGDU6,A48_ACB70006,61,ARL H682 STACKED,POST_LOT_TEST_PLAN,76_ARLH682_TCB_DCP,A48_ACB70006,A48_TCB702,1204,A48,ARL H682 STACKED_1204
PROD CPU,TCB,ARL H682 STACKED,CHENGDU6,A48_ACB70007,61,ARL H682 STACKED,POST_LOT_TEST_PLAN,76_ARLH682_TCB_DCP,A48_ACB70007,A48_TCB702,1204,A48,ARL H682 STACKED_1204
PROD CPU,TCB,ARL H682 STACKED,CHENGDU6,A48_ACB70008,61,ARL H682 STACKED,POST_LOT_TEST_PLAN,76_ARLH682_TCB_DCP,A48_ACB70008,A48_TCB702,1204,A48,ARL H682 STACKED_1204
PROD CPU,TCB,ARL H682 STACKED,CHENGDU6,A48_ACB70029,61,ARL H682 STACKED,POST_LOT_TEST_PLAN,76_ARLH682_TCB_DCP,A48_ACB70029,A48_TCB708,1204,A48,ARL H682 STACKED_1204
PROD CPU,TCB,ARL H682 STACKED,CHENGDU6,A48_ACB70030,61,ARL H682 STACKED,POST_LOT_TEST_PLAN,76_ARLH682_TCB_DCP,A48_ACB70030,A48_TCB708,1204,A48,ARL H682 STACKED_1204
PROD CPU,TCB,ARL H682 STACKED,CHENGDU6,A48_ACB70031,61,ARL H682 STACKED,POST_LOT_TEST_PLAN,76_ARLH682_TCB_DCP,A48_ACB70031,A48_TCB708,1204,A48,ARL H682 STACKED_1204
PROD CPU,TCB,ARL H682 STACKED,CHENGDU6,A48_ACB70032,61,ARL H682 STACKED,POST_LOT_TEST_PLAN,76_ARLH682_TCB_DCP,A48_ACB70032,A48_TCB708,1204,A48,ARL H682 STACKED_1204
PROD CPU,TCB,ARL S681-N3B,CHENGDU6,A48_ACB70021,85,ARL S681-N3B,POST_LOT_TEST_PLAN,76_ARLS681_TCB_DCP,A48_ACB70021,A48_TCB706,1204,A48,ARL S681-N3B_1204
PROD CPU,TCB,ARL S681-N3B,CHENGDU6,A48_ACB70022,85,ARL S681-N3B,POST_LOT_TEST_PLAN,76_ARLS681_TCB_DCP,A48_ACB70022,A48_TCB706,1204,A48,ARL S681-N3B_1204
PROD CPU,TCB,ARL S681-N3B,CHENGDU6,A48_ACB70023,85,ARL S681-N3B,POST_LOT_TEST_PLAN,76_ARLS681_TCB_DCP,A48_ACB70023,A48_TCB706,1204,A48,ARL S681-N3B_1204
PROD CPU,TCB,ARL S681-N3B,CHENGDU6,A48_ACB70024,85,ARL S681-N3B,POST_LOT_TEST_PLAN,76_ARLS681_TCB_DCP,A48_ACB70024,A48_TCB706,1204,A48,ARL S681-N3B_1204
PROD CPU,TCB,ARL S681-N3B,CHENGDU6,A48_AFB70005,85,ARL S681-N3B,POST_LOT_TEST_PLAN,76_ARLS681_TCB_DCP,A48_AFB70005,A48_TCB711,1204,A48,ARL S681-N3B_1204
PROD CPU,TCB,ARL S681-N3B,CHENGDU6,A48_AFB70006,85,ARL S681-N3B,POST_LOT_TEST_PLAN,76_ARLS681_TCB_DCP,A48_AFB70006,A48_TCB711,1204,A48,ARL S681-N3B_1204
PROD CPU,TCB,ARL S681-N3B,CHENGDU6,A48_AFB70007,85,ARL S681-N3B,POST_LOT_TEST_PLAN,76_ARLS681_TCB_DCP,A48_AFB70007,A48_TCB711,1204,A48,ARL S681-N3B_1204
PROD CPU,TCB,ARL S681-N3B,CHENGDU6,A48_AFB70008,85,ARL S681-N3B,POST_LOT_TEST_PLAN,76_ARLS681_TCB_DCP,A48_AFB70008,A48_TCB711,1204,A48,ARL S681-N3B_1204
PROD CPU,TCB,ARL S681-N3B,CHENGDU6,A48_AFB70017,85,ARL S681-N3B,POST_LOT_TEST_PLAN,76_ARLS681_TCB_DCP,A48_AFB70017,A48_TCB713,1204,A48,ARL S681-N3B_1204
PROD CPU,TCB,ARL S681-N3B,CHENGDU6,A48_AFB70018,85,ARL S681-N3B,POST_LOT_TEST_PLAN,76_ARLS681_TCB_DCP,A48_AFB70018,A48_TCB713,1204,A48,ARL S681-N3B_1204
PROD CPU,TCB,ARL S681-N3B,CHENGDU6,A48_AFB70019,85,ARL S681-N3B,POST_LOT_TEST_PLAN,76_ARLS681_TCB_DCP,A48_AFB70019,A48_TCB713,1204,A48,ARL S681-N3B_1204
PROD CPU,TCB,ARL S681-N3B,CHENGDU6,A48_AFB70020,85,ARL S681-N3B,POST_LOT_TEST_PLAN,76_ARLS681_TCB_DCP,A48_AFB70020,A48_TCB713,1204,A48,ARL S681-N3B_1204
PROD CPU,TCB,ARL S681-N3B,CHENGDU6;SAIGON;,A90_AFB00005,84,ARL S681-N3B,POST_LOT_TEST_PLAN,76_ARLS681_TCB_DCP,A90_AFB00005,A90_TCB202,1204,A90,ARL S681-N3B_1204
PROD CPU,TCB,ARL S681-N3B,CHENGDU6;SAIGON;,A90_AFB00006,84,ARL S681-N3B,POST_LOT_TEST_PLAN,76_ARLS681_TCB_DCP,A90_AFB00006,A90_TCB202,1204,A90,ARL S681-N3B_1204
PROD CPU,TCB,ARL S681-N3B,CHENGDU6;SAIGON;,A90_AFB00007,84,ARL S681-N3B,POST_LOT_TEST_PLAN,76_ARLS681_TCB_DCP,A90_AFB00007,A90_TCB202,1204,A90,ARL S681-N3B_1204
PROD CPU,TCB,ARL S681-N3B,CHENGDU6;SAIGON;,A90_AFB00008,84,ARL S681-N3B,POST_LOT_TEST_PLAN,76_ARLS681_TCB_DCP,A90_AFB00008,A90_TCB202,1204,A90,ARL S681-N3B_1204
PROD CPU,TCB,ARL S681-N3B,CHENGDU6;SAIGON;,A90_AFB00009,84,ARL S681-N3B,POST_LOT_TEST_PLAN,76_ARLS681_TCB_DCP,A90_AFB00009,A90_TCB203,1204,A90,ARL S681-N3B_1204
PROD CPU,TCB,ARL S681-N3B,CHENGDU6;SAIGON;,A90_AFB00010,84,ARL S681-N3B,POST_LOT_TEST_PLAN,76_ARLS681_TCB_DCP,A90_AFB00010,A90_TCB203,1204,A90,ARL S681-N3B_1204
PROD CPU,TCB,ARL S681-N3B,CHENGDU6;SAIGON;,A90_AFB00011,84,ARL S681-N3B,POST_LOT_TEST_PLAN,76_ARLS681_TCB_DCP,A90_AFB00011,A90_TCB203,1204,A90,ARL S681-N3B_1204
PROD CPU,TCB,ARL S681-N3B,CHENGDU6;SAIGON;,A90_AFB00012,84,ARL S681-N3B,POST_LOT_TEST_PLAN,76_ARLS681_TCB_DCP,A90_AFB00012,A90_TCB203,1204,A90,ARL S681-N3B_1204
PROD CPU,TCB,ARL S681-N3B,CHENGDU6;SAIGON;,A90_AFB00013,84,ARL S681-N3B,POST_LOT_TEST_PLAN,76_ARLS681_TCB_DCP,A90_AFB00013,A90_TCB204,1204,A90,ARL S681-N3B_1204
PROD CPU,TCB,ARL S681-N3B,CHENGDU6;SAIGON;,A90_AFB00014,84,ARL S681-N3B,POST_LOT_TEST_PLAN,76_ARLS681_TCB_DCP,A90_AFB00014,A90_TCB204,1204,A90,ARL S681-N3B_1204
PROD CPU,TCB,ARL S681-N3B,CHENGDU6;SAIGON;,A90_AFB00015,84,ARL S681-N3B,POST_LOT_TEST_PLAN,76_ARLS681_TCB_DCP,A90_AFB00015,A90_TCB204,1204,A90,ARL S681-N3B_1204
PROD CPU,TCB,ARL S681-N3B,CHENGDU6;SAIGON;,A90_AFB00016,84,ARL S681-N3B,POST_LOT_TEST_PLAN,76_ARLS681_TCB_DCP,A90_AFB00016,A90_TCB204,1204,A90,ARL S681-N3B_1204
PROD CPU,TCB,ARL S681-N3B,CHENGDU6;SAIGON;,A90_AFB00025,84,ARL S681-N3B,POST_LOT_TEST_PLAN,76_ARLS681_TCB_DCP,A90_AFB00025,A90_TCB207,1204,A90,ARL S681-N3B_1204
PROD CPU,TCB,ARL S681-N3B,CHENGDU6;SAIGON;,A90_AFB00026,84,ARL S681-N3B,POST_LOT_TEST_PLAN,76_ARLS681_TCB_DCP,A90_AFB00026,A90_TCB207,1204,A90,ARL S681-N3B_1204
PROD CPU,TCB,ARL S681-N3B,CHENGDU6;SAIGON;,A90_AFB00027,84,ARL S681-N3B,POST_LOT_TEST_PLAN,76_ARLS681_TCB_DCP,A90_AFB00027,A90_TCB207,1204,A90,ARL S681-N3B_1204
PROD CPU,TCB,ARL S681-N3B,CHENGDU6;SAIGON;,A90_AFB00028,84,ARL S681-N3B,POST_LOT_TEST_PLAN,76_ARLS681_TCB_DCP,A90_AFB00028,A90_TCB207,1204,A90,ARL S681-N3B_1204
PROD CPU,TCB,ARL S681-N3B,CHENGDU6;SAIGON;,A90_AFB00033,84,ARL S681-N3B,POST_LOT_TEST_PLAN,76_ARLS681_TCB_DCP,A90_AFB00033,A90_TCB209,1204,A90,ARL S681-N3B_1204
PROD CPU,TCB,ARL S681-N3B,CHENGDU6;SAIGON;,A90_AFB00034,84,ARL S681-N3B,POST_LOT_TEST_PLAN,76_ARLS681_TCB_DCP,A90_AFB00034,A90_TCB209,1204,A90,ARL S681-N3B_1204
PROD CPU,TCB,ARL S681-N3B,CHENGDU6;SAIGON;,A90_AFB00035,84,ARL S681-N3B,POST_LOT_TEST_PLAN,76_ARLS681_TCB_DCP,A90_AFB00035,A90_TCB209,1204,A90,ARL S681-N3B_1204
PROD CPU,TCB,ARL S681-N3B,CHENGDU6;SAIGON;,A90_AFB00036,84,ARL S681-N3B,POST_LOT_TEST_PLAN,76_ARLS681_TCB_DCP,A90_AFB00036,A90_TCB209,1204,A90,ARL S681-N3B_1204
PROD CPU,TCB,ARL S681-N3B,CHENGDU6;SAIGON;,A90_AFB00037,84,ARL S681-N3B,POST_LOT_TEST_PLAN,76_ARLS681_TCB_DCP,A90_AFB00037,A90_TCB210,1204,A90,ARL S681-N3B_1204
PROD CPU,TCB,ARL S681-N3B,CHENGDU6;SAIGON;,A90_AFB00038,84,ARL S681-N3B,POST_LOT_TEST_PLAN,76_ARLS681_TCB_DCP,A90_AFB00038,A90_TCB210,1204,A90,ARL S681-N3B_1204
PROD CPU,TCB,ARL S681-N3B,CHENGDU6;SAIGON;,A90_AFB00039,84,ARL S681-N3B,POST_LOT_TEST_PLAN,76_ARLS681_TCB_DCP,A90_AFB00039,A90_TCB210,1204,A90,ARL S681-N3B_1204
PROD CPU,TCB,ARL S681-N3B,CHENGDU6;SAIGON;,A90_AFB00040,84,ARL S681-N3B,POST_LOT_TEST_PLAN,76_ARLS681_TCB_DCP,A90_AFB00040,A90_TCB210,1204,A90,ARL S681-N3B_1204
PROD CPU,TCB,ARL S681-N3B,CHENGDU6;SAIGON;,A90_AFB00069,84,ARL S681-N3B,POST_LOT_TEST_PLAN,76_ARLS681_TCB_DCP,A90_AFB00069,A90_TCB219,1204,A90,ARL S681-N3B_1204
PROD CPU,TCB,ARL S681-N3B,CHENGDU6;SAIGON;,A90_AFB00070,84,ARL S681-N3B,POST_LOT_TEST_PLAN,76_ARLS681_TCB_DCP,A90_AFB00070,A90_TCB219,1204,A90,ARL S681-N3B_1204
PROD CPU,TCB,ARL S681-N3B,CHENGDU6;SAIGON;,A90_AFB00071,84,ARL S681-N3B,POST_LOT_TEST_PLAN,76_ARLS681_TCB_DCP,A90_AFB00071,A90_TCB219,1204,A90,ARL S681-N3B_1204
PROD CPU,TCB,ARL S681-N3B,CHENGDU6;SAIGON;,A90_AFB00072,84,ARL S681-N3B,POST_LOT_TEST_PLAN,76_ARLS681_TCB_DCP,A90_AFB00072,A90_TCB219,1204,A90,ARL S681-N3B_1204
PROD CPU,TCB,ARL S681-N3B,CHENGDU6;SAIGON;,A90_AFB00122,84,ARL S681-N3B,POST_LOT_TEST_PLAN,76_ARLS681_TCB_DCP,A90_AFB00122,A90_TCB216,1204,A90,ARL S681-N3B_1204
PROD CPU,TCB,ARL S681-N3B,CHENGDU6;SAIGON;,A90_AFB00123,84,ARL S681-N3B,POST_LOT_TEST_PLAN,76_ARLS681_TCB_DCP,A90_AFB00123,A90_TCB216,1204,A90,ARL S681-N3B_1204
PROD CPU,TCB,ARL S681-N3B,CHENGDU6;SAIGON;,A90_AFB00124,84,ARL S681-N3B,POST_LOT_TEST_PLAN,76_ARLS681_TCB_DCP,A90_AFB00124,A90_TCB216,1204,A90,ARL S681-N3B_1204
PROD CPU,TCB,ARL S681-N3B,CHENGDU6;SAIGON;,A90_AFB00125,84,ARL S681-N3B,POST_LOT_TEST_PLAN,76_ARLS681_TCB_DCP,A90_AFB00125,A90_TCB216,1204,A90,ARL S681-N3B_1204
PROD CPU,TCB,ARL S816 BGA NON-SOD,SAIGON,A90_AFB00013,42,ARL S816 BGA NON-SOD,POST_LOT_TEST_PLAN,76_ARLS816_HFB_TCB_DCP,A90_AFB00013,A90_TCB204,1204,A90,ARL S816 BGA NON-SOD_1204
PROD CPU,TCB,ARL S816 BGA NON-SOD,SAIGON,A90_AFB00014,42,ARL S816 BGA NON-SOD,POST_LOT_TEST_PLAN,76_ARLS816_HFB_TCB_DCP,A90_AFB00014,A90_TCB204,1204,A90,ARL S816 BGA NON-SOD_1204
PROD CPU,TCB,ARL S816 BGA NON-SOD,SAIGON,A90_AFB00015,42,ARL S816 BGA NON-SOD,POST_LOT_TEST_PLAN,76_ARLS816_HFB_TCB_DCP,A90_AFB00015,A90_TCB204,1204,A90,ARL S816 BGA NON-SOD_1204
PROD CPU,TCB,ARL S816 BGA NON-SOD,SAIGON,A90_AFB00016,42,ARL S816 BGA NON-SOD,POST_LOT_TEST_PLAN,76_ARLS816_HFB_TCB_DCP,A90_AFB00016,A90_TCB204,1204,A90,ARL S816 BGA NON-SOD_1204
PROD CPU,TCB,ARL S816 BGA NON-SOD,SAIGON,A90_AFB00017,42,ARL S816 BGA NON-SOD,POST_LOT_TEST_PLAN,76_ARLS816_HFB_TCB_DCP,A90_AFB00017,A90_TCB205,1204,A90,ARL S816 BGA NON-SOD_1204
PROD CPU,TCB,ARL S816 BGA NON-SOD,SAIGON,A90_AFB00018,42,ARL S816 BGA NON-SOD,POST_LOT_TEST_PLAN,76_ARLS816_HFB_TCB_DCP,A90_AFB00018,A90_TCB205,1204,A90,ARL S816 BGA NON-SOD_1204
PROD CPU,TCB,ARL S816 BGA NON-SOD,SAIGON,A90_AFB00019,42,ARL S816 BGA NON-SOD,POST_LOT_TEST_PLAN,76_ARLS816_HFB_TCB_DCP,A90_AFB00019,A90_TCB205,1204,A90,ARL S816 BGA NON-SOD_1204
PROD CPU,TCB,ARL S816 BGA NON-SOD,SAIGON,A90_AFB00020,42,ARL S816 BGA NON-SOD,POST_LOT_TEST_PLAN,76_ARLS816_HFB_TCB_DCP,A90_AFB00020,A90_TCB205,1204,A90,ARL S816 BGA NON-SOD_1204
PROD CPU,TCB,ARL S816 BGA NON-SOD,SAIGON,A90_AFB00021,42,ARL S816 BGA NON-SOD,POST_LOT_TEST_PLAN,76_ARLS816_HFB_TCB_DCP,A90_AFB00021,A90_TCB206,1204,A90,ARL S816 BGA NON-SOD_1204
PROD CPU,TCB,ARL S816 BGA NON-SOD,SAIGON,A90_AFB00022,42,ARL S816 BGA NON-SOD,POST_LOT_TEST_PLAN,76_ARLS816_HFB_TCB_DCP,A90_AFB00022,A90_TCB206,1204,A90,ARL S816 BGA NON-SOD_1204
PROD CPU,TCB,ARL S816 BGA NON-SOD,SAIGON,A90_AFB00023,42,ARL S816 BGA NON-SOD,POST_LOT_TEST_PLAN,76_ARLS816_HFB_TCB_DCP,A90_AFB00023,A90_TCB206,1204,A90,ARL S816 BGA NON-SOD_1204
PROD CPU,TCB,ARL S816 BGA NON-SOD,SAIGON,A90_AFB00024,42,ARL S816 BGA NON-SOD,POST_LOT_TEST_PLAN,76_ARLS816_HFB_TCB_DCP,A90_AFB00024,A90_TCB206,1204,A90,ARL S816 BGA NON-SOD_1204
PROD CPU,TCB,ARL S816 BGA NON-SOD,SAIGON,A90_AFB00029,42,ARL S816 BGA NON-SOD,POST_LOT_TEST_PLAN,76_ARLS816_HFB_TCB_DCP,A90_AFB00029,A90_TCB208,1204,A90,ARL S816 BGA NON-SOD_1204
PROD CPU,TCB,ARL S816 BGA NON-SOD,SAIGON,A90_AFB00030,42,ARL S816 BGA NON-SOD,POST_LOT_TEST_PLAN,76_ARLS816_HFB_TCB_DCP,A90_AFB00030,A90_TCB208,1204,A90,ARL S816 BGA NON-SOD_1204
PROD CPU,TCB,ARL S816 BGA NON-SOD,SAIGON,A90_AFB00031,42,ARL S816 BGA NON-SOD,POST_LOT_TEST_PLAN,76_ARLS816_HFB_TCB_DCP,A90_AFB00031,A90_TCB208,1204,A90,ARL S816 BGA NON-SOD_1204
PROD CPU,TCB,ARL S816 BGA NON-SOD,SAIGON,A90_AFB00032,42,ARL S816 BGA NON-SOD,POST_LOT_TEST_PLAN,76_ARLS816_HFB_TCB_DCP,A90_AFB00032,A90_TCB208,1204,A90,ARL S816 BGA NON-SOD_1204
PROD CPU,TCB,ARL S816 BGA NON-SOD,SAIGON,A90_AFB00033,42,ARL S816 BGA NON-SOD,POST_LOT_TEST_PLAN,76_ARLS816_HFB_TCB_DCP,A90_AFB00033,A90_TCB209,1204,A90,ARL S816 BGA NON-SOD_1204
PROD CPU,TCB,ARL S816 BGA NON-SOD,SAIGON,A90_AFB00034,42,ARL S816 BGA NON-SOD,POST_LOT_TEST_PLAN,76_ARLS816_HFB_TCB_DCP,A90_AFB00034,A90_TCB209,1204,A90,ARL S816 BGA NON-SOD_1204
PROD CPU,TCB,ARL S816 BGA NON-SOD,SAIGON,A90_AFB00035,42,ARL S816 BGA NON-SOD,POST_LOT_TEST_PLAN,76_ARLS816_HFB_TCB_DCP,A90_AFB00035,A90_TCB209,1204,A90,ARL S816 BGA NON-SOD_1204
PROD CPU,TCB,ARL S816 BGA NON-SOD,SAIGON,A90_AFB00036,42,ARL S816 BGA NON-SOD,POST_LOT_TEST_PLAN,76_ARLS816_HFB_TCB_DCP,A90_AFB00036,A90_TCB209,1204,A90,ARL S816 BGA NON-SOD_1204
PROD CPU,TCB,ARL S816 BGA NON-SOD,SAIGON,A90_AFB00045,42,ARL S816 BGA NON-SOD,POST_LOT_TEST_PLAN,76_ARLS816_HFB_TCB_DCP,A90_AFB00045,A90_TCB220,1204,A90,ARL S816 BGA NON-SOD_1204
PROD CPU,TCB,ARL S816 BGA NON-SOD,SAIGON,A90_AFB00046,42,ARL S816 BGA NON-SOD,POST_LOT_TEST_PLAN,76_ARLS816_HFB_TCB_DCP,A90_AFB00046,A90_TCB220,1204,A90,ARL S816 BGA NON-SOD_1204
PROD CPU,TCB,ARL S816 BGA NON-SOD,SAIGON,A90_AFB00047,42,ARL S816 BGA NON-SOD,POST_LOT_TEST_PLAN,76_ARLS816_HFB_TCB_DCP,A90_AFB00047,A90_TCB220,1204,A90,ARL S816 BGA NON-SOD_1204
PROD CPU,TCB,ARL S816 BGA NON-SOD,SAIGON,A90_AFB00048,42,ARL S816 BGA NON-SOD,POST_LOT_TEST_PLAN,76_ARLS816_HFB_TCB_DCP,A90_AFB00048,A90_TCB220,1204,A90,ARL S816 BGA NON-SOD_1204
PROD CPU,TCB,ARL S816 BGA NON-SOD,SAIGON,A90_AFB00069,42,ARL S816 BGA NON-SOD,POST_LOT_TEST_PLAN,76_ARLS816_HFB_TCB_DCP,A90_AFB00069,A90_TCB219,1204,A90,ARL S816 BGA NON-SOD_1204
PROD CPU,TCB,ARL S816 BGA NON-SOD,SAIGON,A90_AFB00070,42,ARL S816 BGA NON-SOD,POST_LOT_TEST_PLAN,76_ARLS816_HFB_TCB_DCP,A90_AFB00070,A90_TCB219,1204,A90,ARL S816 BGA NON-SOD_1204
PROD CPU,TCB,ARL S816 BGA NON-SOD,SAIGON,A90_AFB00071,42,ARL S816 BGA NON-SOD,POST_LOT_TEST_PLAN,76_ARLS816_HFB_TCB_DCP,A90_AFB00071,A90_TCB219,1204,A90,ARL S816 BGA NON-SOD_1204
PROD CPU,TCB,ARL S816 BGA NON-SOD,SAIGON,A90_AFB00072,42,ARL S816 BGA NON-SOD,POST_LOT_TEST_PLAN,76_ARLS816_HFB_TCB_DCP,A90_AFB00072,A90_TCB219,1204,A90,ARL S816 BGA NON-SOD_1204
PROD CPU,TCB,ARL S816 BGA NON-SOD,SAIGON,A90_AFB00081,42,ARL S816 BGA NON-SOD,POST_LOT_TEST_PLAN,76_ARLS816_HFB_TCB_DCP,A90_AFB00081,A90_TCB215,1204,A90,ARL S816 BGA NON-SOD_1204
PROD CPU,TCB,ARL S816 BGA NON-SOD,SAIGON,A90_AFB00082,42,ARL S816 BGA NON-SOD,POST_LOT_TEST_PLAN,76_ARLS816_HFB_TCB_DCP,A90_AFB00082,A90_TCB215,1204,A90,ARL S816 BGA NON-SOD_1204
PROD CPU,TCB,ARL S816 BGA NON-SOD,SAIGON,A90_AFB00114,42,ARL S816 BGA NON-SOD,POST_LOT_TEST_PLAN,76_ARLS816_HFB_TCB_DCP,A90_AFB00114,A90_TCB218,1204,A90,ARL S816 BGA NON-SOD_1204
PROD CPU,TCB,ARL S816 BGA NON-SOD,SAIGON,A90_AFB00115,42,ARL S816 BGA NON-SOD,POST_LOT_TEST_PLAN,76_ARLS816_HFB_TCB_DCP,A90_AFB00115,A90_TCB218,1204,A90,ARL S816 BGA NON-SOD_1204
PROD CPU,TCB,ARL S816 BGA NON-SOD,SAIGON,A90_AFB00116,42,ARL S816 BGA NON-SOD,POST_LOT_TEST_PLAN,76_ARLS816_HFB_TCB_DCP,A90_AFB00116,A90_TCB218,1204,A90,ARL S816 BGA NON-SOD_1204
PROD CPU,TCB,ARL S816 BGA NON-SOD,SAIGON,A90_AFB00117,42,ARL S816 BGA NON-SOD,POST_LOT_TEST_PLAN,76_ARLS816_HFB_TCB_DCP,A90_AFB00117,A90_TCB218,1204,A90,ARL S816 BGA NON-SOD_1204
PROD CPU,TCB,ARL S816 BGA NON-SOD,SAIGON,A90_AFB00118,42,ARL S816 BGA NON-SOD,POST_LOT_TEST_PLAN,76_ARLS816_HFB_TCB_DCP,A90_AFB00118,A90_TCB217,1204,A90,ARL S816 BGA NON-SOD_1204
PROD CPU,TCB,ARL S816 BGA NON-SOD,SAIGON,A90_AFB00119,42,ARL S816 BGA NON-SOD,POST_LOT_TEST_PLAN,76_ARLS816_HFB_TCB_DCP,A90_AFB00119,A90_TCB217,1204,A90,ARL S816 BGA NON-SOD_1204
PROD CPU,TCB,ARL S816 BGA NON-SOD,SAIGON,A90_AFB00120,42,ARL S816 BGA NON-SOD,POST_LOT_TEST_PLAN,76_ARLS816_HFB_TCB_DCP,A90_AFB00120,A90_TCB217,1204,A90,ARL S816 BGA NON-SOD_1204
PROD CPU,TCB,ARL S816 BGA NON-SOD,SAIGON,A90_AFB00121,42,ARL S816 BGA NON-SOD,POST_LOT_TEST_PLAN,76_ARLS816_HFB_TCB_DCP,A90_AFB00121,A90_TCB217,1204,A90,ARL S816 BGA NON-SOD_1204
PROD CPU,TCB,ARL S816 BGA NON-SOD,SAIGON,A90_AFB00122,42,ARL S816 BGA NON-SOD,POST_LOT_TEST_PLAN,76_ARLS816_HFB_TCB_DCP,A90_AFB00122,A90_TCB216,1204,A90,ARL S816 BGA NON-SOD_1204
PROD CPU,TCB,ARL S816 BGA NON-SOD,SAIGON,A90_AFB00123,42,ARL S816 BGA NON-SOD,POST_LOT_TEST_PLAN,76_ARLS816_HFB_TCB_DCP,A90_AFB00123,A90_TCB216,1204,A90,ARL S816 BGA NON-SOD_1204
PROD CPU,TCB,ARL S816 BGA NON-SOD,SAIGON,A90_AFB00124,42,ARL S816 BGA NON-SOD,POST_LOT_TEST_PLAN,76_ARLS816_HFB_TCB_DCP,A90_AFB00124,A90_TCB216,1204,A90,ARL S816 BGA NON-SOD_1204
PROD CPU,TCB,ARL S816 BGA NON-SOD,SAIGON,A90_AFB00125,42,ARL S816 BGA NON-SOD,POST_LOT_TEST_PLAN,76_ARLS816_HFB_TCB_DCP,A90_AFB00125,A90_TCB216,1204,A90,ARL S816 BGA NON-SOD_1204
PROD CPU,TCB,ARL S816 LGA,"PENANG;CHANDLER, ARIZONA;",A01_AFB81601,25,ARL S816 LGA,POST_LOT_TEST_PLAN,76_ARLS816_TCB_DCP,A01_AFB81601,A01_TCB816,1204,A01,ARL S816 LGA_1204
PROD CPU,TCB,ARL S816 LGA,"PENANG;CHANDLER, ARIZONA;",A01_AFB81602,25,ARL S816 LGA,POST_LOT_TEST_PLAN,76_ARLS816_TCB_DCP,A01_AFB81602,A01_TCB816,1204,A01,ARL S816 LGA_1204
PROD CPU,TCB,ARL S816 LGA,"PENANG;CHANDLER, ARIZONA;",A01_AFB81603,25,ARL S816 LGA,POST_LOT_TEST_PLAN,76_ARLS816_TCB_DCP,A01_AFB81603,A01_TCB816,1204,A01,ARL S816 LGA_1204
PROD CPU,TCB,ARL S816 LGA,"PENANG;CHANDLER, ARIZONA;",A01_AFB81604,25,ARL S816 LGA,POST_LOT_TEST_PLAN,76_ARLS816_TCB_DCP,A01_AFB81604,A01_TCB816,1204,A01,ARL S816 LGA_1204
PROD CPU,TCB,ARL S816 LGA,"PENANG;CHANDLER, ARIZONA;",A01_AFB81701,25,ARL S816 LGA,POST_LOT_TEST_PLAN,76_ARLS816_TCB_DCP,A01_AFB81701,A01_TCB817,1204,A01,ARL S816 LGA_1204
PROD CPU,TCB,ARL S816 LGA,"PENANG;CHANDLER, ARIZONA;",A01_AFB81702,25,ARL S816 LGA,POST_LOT_TEST_PLAN,76_ARLS816_TCB_DCP,A01_AFB81702,A01_TCB817,1204,A01,ARL S816 LGA_1204
PROD CPU,TCB,ARL S816 LGA,"PENANG;CHANDLER, ARIZONA;",A01_AFB81703,25,ARL S816 LGA,POST_LOT_TEST_PLAN,76_ARLS816_TCB_DCP,A01_AFB81703,A01_TCB817,1204,A01,ARL S816 LGA_1204
PROD CPU,TCB,ARL S816 LGA,"PENANG;CHANDLER, ARIZONA;",A01_AFB81704,25,ARL S816 LGA,POST_LOT_TEST_PLAN,76_ARLS816_TCB_DCP,A01_AFB81704,A01_TCB817,1204,A01,ARL S816 LGA_1204
PROD CPU,TCB,ARL S816 LGA NON SOD,CHENGDU6,A48_ACB70021,90,ARL S816 LGA NON SOD,POST_LOT_TEST_PLAN,76_ARLS816_HFB_TCB_DCP,A48_ACB70021,A48_TCB706,1204,A48,ARL S816 LGA NON SOD_1204
PROD CPU,TCB,ARL S816 LGA NON SOD,CHENGDU6,A48_ACB70022,90,ARL S816 LGA NON SOD,POST_LOT_TEST_PLAN,76_ARLS816_HFB_TCB_DCP,A48_ACB70022,A48_TCB706,1204,A48,ARL S816 LGA NON SOD_1204
PROD CPU,TCB,ARL S816 LGA NON SOD,CHENGDU6,A48_ACB70023,90,ARL S816 LGA NON SOD,POST_LOT_TEST_PLAN,76_ARLS816_HFB_TCB_DCP,A48_ACB70023,A48_TCB706,1204,A48,ARL S816 LGA NON SOD_1204
PROD CPU,TCB,ARL S816 LGA NON SOD,CHENGDU6,A48_ACB70024,90,ARL S816 LGA NON SOD,POST_LOT_TEST_PLAN,76_ARLS816_HFB_TCB_DCP,A48_ACB70024,A48_TCB706,1204,A48,ARL S816 LGA NON SOD_1204
PROD CPU,TCB,ARL S816 LGA NON SOD,CHENGDU6,A48_ACB70025,89,ARL S816 LGA NON SOD,POST_LOT_TEST_PLAN,76_ARLS816_HFB_TCB_DCP,A48_ACB70025,A48_TCB707,1204,A48,ARL S816 LGA NON SOD_1204
PROD CPU,TCB,ARL S816 LGA NON SOD,CHENGDU6,A48_ACB70026,89,ARL S816 LGA NON SOD,POST_LOT_TEST_PLAN,76_ARLS816_HFB_TCB_DCP,A48_ACB70026,A48_TCB707,1204,A48,ARL S816 LGA NON SOD_1204
PROD CPU,TCB,ARL S816 LGA NON SOD,CHENGDU6,A48_ACB70027,89,ARL S816 LGA NON SOD,POST_LOT_TEST_PLAN,76_ARLS816_HFB_TCB_DCP,A48_ACB70027,A48_TCB707,1204,A48,ARL S816 LGA NON SOD_1204
PROD CPU,TCB,ARL S816 LGA NON SOD,CHENGDU6,A48_ACB70028,89,ARL S816 LGA NON SOD,POST_LOT_TEST_PLAN,76_ARLS816_HFB_TCB_DCP,A48_ACB70028,A48_TCB707,1204,A48,ARL S816 LGA NON SOD_1204
PROD CPU,TCB,ARL S816 LGA NON SOD,CHENGDU6,A48_ACB70037,89,ARL S816 LGA NON SOD,POST_LOT_TEST_PLAN,76_ARLS816_HFB_TCB_DCP,A48_ACB70037,A48_TCB714,1204,A48,ARL S816 LGA NON SOD_1204
PROD CPU,TCB,ARL S816 LGA NON SOD,CHENGDU6,A48_ACB70038,89,ARL S816 LGA NON SOD,POST_LOT_TEST_PLAN,76_ARLS816_HFB_TCB_DCP,A48_ACB70038,A48_TCB714,1204,A48,ARL S816 LGA NON SOD_1204
PROD CPU,TCB,ARL S816 LGA NON SOD,CHENGDU6,A48_ACB70039,89,ARL S816 LGA NON SOD,POST_LOT_TEST_PLAN,76_ARLS816_HFB_TCB_DCP,A48_ACB70039,A48_TCB714,1204,A48,ARL S816 LGA NON SOD_1204
PROD CPU,TCB,ARL S816 LGA NON SOD,CHENGDU6,A48_ACB70040,89,ARL S816 LGA NON SOD,POST_LOT_TEST_PLAN,76_ARLS816_HFB_TCB_DCP,A48_ACB70040,A48_TCB714,1204,A48,ARL S816 LGA NON SOD_1204
PROD CPU,TCB,ARL S816 LGA NON SOD,SAIGON,A90_AFB00009,83,ARL S816 LGA NON SOD,POST_LOT_TEST_PLAN,76_ARLS816_HFB_TCB_DCP,A90_AFB00009,A90_TCB203,1204,A90,ARL S816 LGA NON SOD_1204
PROD CPU,TCB,ARL S816 LGA NON SOD,SAIGON,A90_AFB00010,83,ARL S816 LGA NON SOD,POST_LOT_TEST_PLAN,76_ARLS816_HFB_TCB_DCP,A90_AFB00010,A90_TCB203,1204,A90,ARL S816 LGA NON SOD_1204
PROD CPU,TCB,ARL S816 LGA NON SOD,SAIGON,A90_AFB00011,83,ARL S816 LGA NON SOD,POST_LOT_TEST_PLAN,76_ARLS816_HFB_TCB_DCP,A90_AFB00011,A90_TCB203,1204,A90,ARL S816 LGA NON SOD_1204
PROD CPU,TCB,ARL S816 LGA NON SOD,SAIGON,A90_AFB00012,83,ARL S816 LGA NON SOD,POST_LOT_TEST_PLAN,76_ARLS816_HFB_TCB_DCP,A90_AFB00012,A90_TCB203,1204,A90,ARL S816 LGA NON SOD_1204
PROD CPU,TCB,ARL S816 LGA NON SOD,SAIGON,A90_AFB00013,83,ARL S816 LGA NON SOD,POST_LOT_TEST_PLAN,76_ARLS816_HFB_TCB_DCP,A90_AFB00013,A90_TCB204,1204,A90,ARL S816 LGA NON SOD_1204
PROD CPU,TCB,ARL S816 LGA NON SOD,SAIGON,A90_AFB00014,83,ARL S816 LGA NON SOD,POST_LOT_TEST_PLAN,76_ARLS816_HFB_TCB_DCP,A90_AFB00014,A90_TCB204,1204,A90,ARL S816 LGA NON SOD_1204
PROD CPU,TCB,ARL S816 LGA NON SOD,SAIGON,A90_AFB00015,83,ARL S816 LGA NON SOD,POST_LOT_TEST_PLAN,76_ARLS816_HFB_TCB_DCP,A90_AFB00015,A90_TCB204,1204,A90,ARL S816 LGA NON SOD_1204
PROD CPU,TCB,ARL S816 LGA NON SOD,SAIGON,A90_AFB00016,83,ARL S816 LGA NON SOD,POST_LOT_TEST_PLAN,76_ARLS816_HFB_TCB_DCP,A90_AFB00016,A90_TCB204,1204,A90,ARL S816 LGA NON SOD_1204
PROD CPU,TCB,ARL S816 LGA NON SOD,SAIGON,A90_AFB00021,83,ARL S816 LGA NON SOD,POST_LOT_TEST_PLAN,76_ARLS816_HFB_TCB_DCP,A90_AFB00021,A90_TCB206,1204,A90,ARL S816 LGA NON SOD_1204
PROD CPU,TCB,ARL S816 LGA NON SOD,SAIGON,A90_AFB00022,83,ARL S816 LGA NON SOD,POST_LOT_TEST_PLAN,76_ARLS816_HFB_TCB_DCP,A90_AFB00022,A90_TCB206,1204,A90,ARL S816 LGA NON SOD_1204
PROD CPU,TCB,ARL S816 LGA NON SOD,SAIGON,A90_AFB00023,83,ARL S816 LGA NON SOD,POST_LOT_TEST_PLAN,76_ARLS816_HFB_TCB_DCP,A90_AFB00023,A90_TCB206,1204,A90,ARL S816 LGA NON SOD_1204
PROD CPU,TCB,ARL S816 LGA NON SOD,SAIGON,A90_AFB00024,83,ARL S816 LGA NON SOD,POST_LOT_TEST_PLAN,76_ARLS816_HFB_TCB_DCP,A90_AFB00024,A90_TCB206,1204,A90,ARL S816 LGA NON SOD_1204
PROD CPU,TCB,ARL S816 LGA NON SOD,SAIGON,A90_AFB00025,83,ARL S816 LGA NON SOD,POST_LOT_TEST_PLAN,76_ARLS816_HFB_TCB_DCP,A90_AFB00025,A90_TCB207,1204,A90,ARL S816 LGA NON SOD_1204
PROD CPU,TCB,ARL S816 LGA NON SOD,SAIGON,A90_AFB00026,83,ARL S816 LGA NON SOD,POST_LOT_TEST_PLAN,76_ARLS816_HFB_TCB_DCP,A90_AFB00026,A90_TCB207,1204,A90,ARL S816 LGA NON SOD_1204
PROD CPU,TCB,ARL S816 LGA NON SOD,SAIGON,A90_AFB00027,83,ARL S816 LGA NON SOD,POST_LOT_TEST_PLAN,76_ARLS816_HFB_TCB_DCP,A90_AFB00027,A90_TCB207,1204,A90,ARL S816 LGA NON SOD_1204
PROD CPU,TCB,ARL S816 LGA NON SOD,SAIGON,A90_AFB00028,83,ARL S816 LGA NON SOD,POST_LOT_TEST_PLAN,76_ARLS816_HFB_TCB_DCP,A90_AFB00028,A90_TCB207,1204,A90,ARL S816 LGA NON SOD_1204
PROD CPU,TCB,ARL S816 LGA NON SOD,SAIGON,A90_AFB00029,83,ARL S816 LGA NON SOD,POST_LOT_TEST_PLAN,76_ARLS816_HFB_TCB_DCP,A90_AFB00029,A90_TCB208,1204,A90,ARL S816 LGA NON SOD_1204
PROD CPU,TCB,ARL S816 LGA NON SOD,SAIGON,A90_AFB00030,83,ARL S816 LGA NON SOD,POST_LOT_TEST_PLAN,76_ARLS816_HFB_TCB_DCP,A90_AFB00030,A90_TCB208,1204,A90,ARL S816 LGA NON SOD_1204
PROD CPU,TCB,ARL S816 LGA NON SOD,SAIGON,A90_AFB00031,83,ARL S816 LGA NON SOD,POST_LOT_TEST_PLAN,76_ARLS816_HFB_TCB_DCP,A90_AFB00031,A90_TCB208,1204,A90,ARL S816 LGA NON SOD_1204
PROD CPU,TCB,ARL S816 LGA NON SOD,SAIGON,A90_AFB00032,83,ARL S816 LGA NON SOD,POST_LOT_TEST_PLAN,76_ARLS816_HFB_TCB_DCP,A90_AFB00032,A90_TCB208,1204,A90,ARL S816 LGA NON SOD_1204
PROD CPU,TCB,ARL S816 LGA NON SOD,SAIGON,A90_AFB00033,83,ARL S816 LGA NON SOD,POST_LOT_TEST_PLAN,76_ARLS816_HFB_TCB_DCP,A90_AFB00033,A90_TCB209,1204,A90,ARL S816 LGA NON SOD_1204
PROD CPU,TCB,ARL S816 LGA NON SOD,SAIGON,A90_AFB00034,83,ARL S816 LGA NON SOD,POST_LOT_TEST_PLAN,76_ARLS816_HFB_TCB_DCP,A90_AFB00034,A90_TCB209,1204,A90,ARL S816 LGA NON SOD_1204
PROD CPU,TCB,ARL S816 LGA NON SOD,SAIGON,A90_AFB00035,83,ARL S816 LGA NON SOD,POST_LOT_TEST_PLAN,76_ARLS816_HFB_TCB_DCP,A90_AFB00035,A90_TCB209,1204,A90,ARL S816 LGA NON SOD_1204
PROD CPU,TCB,ARL S816 LGA NON SOD,SAIGON,A90_AFB00036,83,ARL S816 LGA NON SOD,POST_LOT_TEST_PLAN,76_ARLS816_HFB_TCB_DCP,A90_AFB00036,A90_TCB209,1204,A90,ARL S816 LGA NON SOD_1204
PROD CPU,TCB,ARL S816 LGA NON SOD,SAIGON,A90_AFB00045,83,ARL S816 LGA NON SOD,POST_LOT_TEST_PLAN,76_ARLS816_HFB_TCB_DCP,A90_AFB00045,A90_TCB220,1204,A90,ARL S816 LGA NON SOD_1204
PROD CPU,TCB,ARL S816 LGA NON SOD,SAIGON,A90_AFB00046,83,ARL S816 LGA NON SOD,POST_LOT_TEST_PLAN,76_ARLS816_HFB_TCB_DCP,A90_AFB00046,A90_TCB220,1204,A90,ARL S816 LGA NON SOD_1204
PROD CPU,TCB,ARL S816 LGA NON SOD,SAIGON,A90_AFB00047,83,ARL S816 LGA NON SOD,POST_LOT_TEST_PLAN,76_ARLS816_HFB_TCB_DCP,A90_AFB00047,A90_TCB220,1204,A90,ARL S816 LGA NON SOD_1204
PROD CPU,TCB,ARL S816 LGA NON SOD,SAIGON,A90_AFB00048,83,ARL S816 LGA NON SOD,POST_LOT_TEST_PLAN,76_ARLS816_HFB_TCB_DCP,A90_AFB00048,A90_TCB220,1204,A90,ARL S816 LGA NON SOD_1204
PROD CPU,TCB,ARL S816 LGA NON SOD,SAIGON,A90_AFB00069,83,ARL S816 LGA NON SOD,POST_LOT_TEST_PLAN,76_ARLS816_HFB_TCB_DCP,A90_AFB00069,A90_TCB219,1204,A90,ARL S816 LGA NON SOD_1204
PROD CPU,TCB,ARL S816 LGA NON SOD,SAIGON,A90_AFB00070,83,ARL S816 LGA NON SOD,POST_LOT_TEST_PLAN,76_ARLS816_HFB_TCB_DCP,A90_AFB00070,A90_TCB219,1204,A90,ARL S816 LGA NON SOD_1204
PROD CPU,TCB,ARL S816 LGA NON SOD,SAIGON,A90_AFB00071,83,ARL S816 LGA NON SOD,POST_LOT_TEST_PLAN,76_ARLS816_HFB_TCB_DCP,A90_AFB00071,A90_TCB219,1204,A90,ARL S816 LGA NON SOD_1204
PROD CPU,TCB,ARL S816 LGA NON SOD,SAIGON,A90_AFB00072,83,ARL S816 LGA NON SOD,POST_LOT_TEST_PLAN,76_ARLS816_HFB_TCB_DCP,A90_AFB00072,A90_TCB219,1204,A90,ARL S816 LGA NON SOD_1204
PROD CPU,TCB,ARL S816 LGA NON SOD,SAIGON,A90_AFB00081,83,ARL S816 LGA NON SOD,POST_LOT_TEST_PLAN,76_ARLS816_HFB_TCB_DCP,A90_AFB00081,A90_TCB215,1204,A90,ARL S816 LGA NON SOD_1204
PROD CPU,TCB,ARL S816 LGA NON SOD,SAIGON,A90_AFB00082,83,ARL S816 LGA NON SOD,POST_LOT_TEST_PLAN,76_ARLS816_HFB_TCB_DCP,A90_AFB00082,A90_TCB215,1204,A90,ARL S816 LGA NON SOD_1204
PROD CPU,TCB,ARL S816 LGA NON SOD,SAIGON,A90_AFB00093,83,ARL S816 LGA NON SOD,POST_LOT_TEST_PLAN,76_ARLS816_HFB_TCB_DCP,A90_AFB00093,A90_TCB213,1204,A90,ARL S816 LGA NON SOD_1204
PROD CPU,TCB,ARL S816 LGA NON SOD,SAIGON,A90_AFB00094,83,ARL S816 LGA NON SOD,POST_LOT_TEST_PLAN,76_ARLS816_HFB_TCB_DCP,A90_AFB00094,A90_TCB213,1204,A90,ARL S816 LGA NON SOD_1204
PROD CPU,TCB,ARL S816 LGA NON SOD,SAIGON,A90_AFB00095,83,ARL S816 LGA NON SOD,POST_LOT_TEST_PLAN,76_ARLS816_HFB_TCB_DCP,A90_AFB00095,A90_TCB213,1204,A90,ARL S816 LGA NON SOD_1204
PROD CPU,TCB,ARL S816 LGA NON SOD,SAIGON,A90_AFB00096,83,ARL S816 LGA NON SOD,POST_LOT_TEST_PLAN,76_ARLS816_HFB_TCB_DCP,A90_AFB00096,A90_TCB213,1204,A90,ARL S816 LGA NON SOD_1204
PROD CPU,TCB,ARL S816 LGA NON SOD,SAIGON,A90_AFB00114,83,ARL S816 LGA NON SOD,POST_LOT_TEST_PLAN,76_ARLS816_HFB_TCB_DCP,A90_AFB00114,A90_TCB218,1204,A90,ARL S816 LGA NON SOD_1204
PROD CPU,TCB,ARL S816 LGA NON SOD,SAIGON,A90_AFB00115,83,ARL S816 LGA NON SOD,POST_LOT_TEST_PLAN,76_ARLS816_HFB_TCB_DCP,A90_AFB00115,A90_TCB218,1204,A90,ARL S816 LGA NON SOD_1204
PROD CPU,TCB,ARL S816 LGA NON SOD,SAIGON,A90_AFB00116,83,ARL S816 LGA NON SOD,POST_LOT_TEST_PLAN,76_ARLS816_HFB_TCB_DCP,A90_AFB00116,A90_TCB218,1204,A90,ARL S816 LGA NON SOD_1204
PROD CPU,TCB,ARL S816 LGA NON SOD,SAIGON,A90_AFB00117,83,ARL S816 LGA NON SOD,POST_LOT_TEST_PLAN,76_ARLS816_HFB_TCB_DCP,A90_AFB00117,A90_TCB218,1204,A90,ARL S816 LGA NON SOD_1204
PROD CPU,TCB,ARL S816 LGA NON SOD,SAIGON,A90_AFB00118,83,ARL S816 LGA NON SOD,POST_LOT_TEST_PLAN,76_ARLS816_HFB_TCB_DCP,A90_AFB00118,A90_TCB217,1204,A90,ARL S816 LGA NON SOD_1204
PROD CPU,TCB,ARL S816 LGA NON SOD,SAIGON,A90_AFB00119,83,ARL S816 LGA NON SOD,POST_LOT_TEST_PLAN,76_ARLS816_HFB_TCB_DCP,A90_AFB00119,A90_TCB217,1204,A90,ARL S816 LGA NON SOD_1204
PROD CPU,TCB,ARL S816 LGA NON SOD,SAIGON,A90_AFB00120,83,ARL S816 LGA NON SOD,POST_LOT_TEST_PLAN,76_ARLS816_HFB_TCB_DCP,A90_AFB00120,A90_TCB217,1204,A90,ARL S816 LGA NON SOD_1204
PROD CPU,TCB,ARL S816 LGA NON SOD,SAIGON,A90_AFB00121,83,ARL S816 LGA NON SOD,POST_LOT_TEST_PLAN,76_ARLS816_HFB_TCB_DCP,A90_AFB00121,A90_TCB217,1204,A90,ARL S816 LGA NON SOD_1204
PROD CPU,TCB,ARL S816 LGA NON SOD,SAIGON,A90_AFB00122,83,ARL S816 LGA NON SOD,POST_LOT_TEST_PLAN,76_ARLS816_HFB_TCB_DCP,A90_AFB00122,A90_TCB216,1204,A90,ARL S816 LGA NON SOD_1204
PROD CPU,TCB,ARL S816 LGA NON SOD,SAIGON,A90_AFB00123,83,ARL S816 LGA NON SOD,POST_LOT_TEST_PLAN,76_ARLS816_HFB_TCB_DCP,A90_AFB00123,A90_TCB216,1204,A90,ARL S816 LGA NON SOD_1204
PROD CPU,TCB,ARL S816 LGA NON SOD,SAIGON,A90_AFB00124,83,ARL S816 LGA NON SOD,POST_LOT_TEST_PLAN,76_ARLS816_HFB_TCB_DCP,A90_AFB00124,A90_TCB216,1204,A90,ARL S816 LGA NON SOD_1204
PROD CPU,TCB,ARL S816 LGA NON SOD,SAIGON,A90_AFB00125,83,ARL S816 LGA NON SOD,POST_LOT_TEST_PLAN,76_ARLS816_HFB_TCB_DCP,A90_AFB00125,A90_TCB216,1204,A90,ARL S816 LGA NON SOD_1204
PROD CPU,TCB,ARL U281 STACKED,CHENGDU6;SAIGON;,A48_ACB70005,60,ARL U281 STACKED,POST_LOT_TEST_PLAN,76_ARLU281_TCB_DCP,A48_ACB70005,A48_TCB702,1204,A48,ARL U281 STACKED_1204
PROD CPU,TCB,ARL U281 STACKED,CHENGDU6;SAIGON;,A48_ACB70006,60,ARL U281 STACKED,POST_LOT_TEST_PLAN,76_ARLU281_TCB_DCP,A48_ACB70006,A48_TCB702,1204,A48,ARL U281 STACKED_1204
PROD CPU,TCB,ARL U281 STACKED,CHENGDU6;SAIGON;,A48_ACB70007,60,ARL U281 STACKED,POST_LOT_TEST_PLAN,76_ARLU281_TCB_DCP,A48_ACB70007,A48_TCB702,1204,A48,ARL U281 STACKED_1204
PROD CPU,TCB,ARL U281 STACKED,CHENGDU6;SAIGON;,A48_ACB70008,60,ARL U281 STACKED,POST_LOT_TEST_PLAN,76_ARLU281_TCB_DCP,A48_ACB70008,A48_TCB702,1204,A48,ARL U281 STACKED_1204
PROD CPU,TCB,ARL U281 STACKED,CHENGDU6;SAIGON;,A48_ACB70029,61,ARL U281 STACKED,POST_LOT_TEST_PLAN,76_ARLU281_TCB_DCP,A48_ACB70029,A48_TCB708,1204,A48,ARL U281 STACKED_1204
PROD CPU,TCB,ARL U281 STACKED,CHENGDU6;SAIGON;,A48_ACB70030,61,ARL U281 STACKED,POST_LOT_TEST_PLAN,76_ARLU281_TCB_DCP,A48_ACB70030,A48_TCB708,1204,A48,ARL U281 STACKED_1204
PROD CPU,TCB,ARL U281 STACKED,CHENGDU6;SAIGON;,A48_ACB70031,61,ARL U281 STACKED,POST_LOT_TEST_PLAN,76_ARLU281_TCB_DCP,A48_ACB70031,A48_TCB708,1204,A48,ARL U281 STACKED_1204
PROD CPU,TCB,ARL U281 STACKED,CHENGDU6;SAIGON;,A48_ACB70032,61,ARL U281 STACKED,POST_LOT_TEST_PLAN,76_ARLU281_TCB_DCP,A48_ACB70032,A48_TCB708,1204,A48,ARL U281 STACKED_1204
PROD CPU,TCB,ARL U281 STACKED,CHENGDU6;SAIGON;,A48_AFB70001,61,ARL U281 STACKED,POST_LOT_TEST_PLAN,76_ARLU281_TCB_DCP,A48_AFB70001,A48_TCB710,1204,A48,ARL U281 STACKED_1204
PROD CPU,TCB,ARL U281 STACKED,CHENGDU6;SAIGON;,A48_AFB70002,61,ARL U281 STACKED,POST_LOT_TEST_PLAN,76_ARLU281_TCB_DCP,A48_AFB70002,A48_TCB710,1204,A48,ARL U281 STACKED_1204
PROD CPU,TCB,ARL U281 STACKED,CHENGDU6;SAIGON;,A48_AFB70003,61,ARL U281 STACKED,POST_LOT_TEST_PLAN,76_ARLU281_TCB_DCP,A48_AFB70003,A48_TCB710,1204,A48,ARL U281 STACKED_1204
PROD CPU,TCB,ARL U281 STACKED,CHENGDU6;SAIGON;,A48_AFB70004,61,ARL U281 STACKED,POST_LOT_TEST_PLAN,76_ARLU281_TCB_DCP,A48_AFB70004,A48_TCB710,1204,A48,ARL U281 STACKED_1204
PROD CPU,TCB,ARL U281 STACKED,CHENGDU6;SAIGON;,A48_AFB70013,60,ARL U281 STACKED,POST_LOT_TEST_PLAN,76_ARLU281_TCB_DCP,A48_AFB70013,A48_TCB712,1204,A48,ARL U281 STACKED_1204
PROD CPU,TCB,ARL U281 STACKED,CHENGDU6;SAIGON;,A48_AFB70014,60,ARL U281 STACKED,POST_LOT_TEST_PLAN,76_ARLU281_TCB_DCP,A48_AFB70014,A48_TCB712,1204,A48,ARL U281 STACKED_1204
PROD CPU,TCB,ARL U281 STACKED,CHENGDU6;SAIGON;,A48_AFB70015,60,ARL U281 STACKED,POST_LOT_TEST_PLAN,76_ARLU281_TCB_DCP,A48_AFB70015,A48_TCB712,1204,A48,ARL U281 STACKED_1204
PROD CPU,TCB,ARL U281 STACKED,CHENGDU6;SAIGON;,A48_AFB70016,60,ARL U281 STACKED,POST_LOT_TEST_PLAN,76_ARLU281_TCB_DCP,A48_AFB70016,A48_TCB712,1204,A48,ARL U281 STACKED_1204
PROD CPU,TCB,ARL U281 STACKED,CHENGDU6;SAIGON;,A48_AFB70017,60,ARL U281 STACKED,POST_LOT_TEST_PLAN,76_ARLU281_TCB_DCP,A48_AFB70017,A48_TCB713,1204,A48,ARL U281 STACKED_1204
PROD CPU,TCB,ARL U281 STACKED,CHENGDU6;SAIGON;,A48_AFB70018,60,ARL U281 STACKED,POST_LOT_TEST_PLAN,76_ARLU281_TCB_DCP,A48_AFB70018,A48_TCB713,1204,A48,ARL U281 STACKED_1204
PROD CPU,TCB,ARL U281 STACKED,CHENGDU6;SAIGON;,A48_AFB70019,60,ARL U281 STACKED,POST_LOT_TEST_PLAN,76_ARLU281_TCB_DCP,A48_AFB70019,A48_TCB713,1204,A48,ARL U281 STACKED_1204
PROD CPU,TCB,ARL U281 STACKED,CHENGDU6;SAIGON;,A48_AFB70020,60,ARL U281 STACKED,POST_LOT_TEST_PLAN,76_ARLU281_TCB_DCP,A48_AFB70020,A48_TCB713,1204,A48,ARL U281 STACKED_1204
PROD CPU,TCB,ARL U281 STACKED,CHENGDU6;SAIGON;,A90_AFB00025,61,ARL U281 STACKED,POST_LOT_TEST_PLAN,76_ARLU281_TCB_DCP,A90_AFB00025,A90_TCB207,1204,A90,ARL U281 STACKED_1204
PROD CPU,TCB,ARL U281 STACKED,CHENGDU6;SAIGON;,A90_AFB00026,61,ARL U281 STACKED,POST_LOT_TEST_PLAN,76_ARLU281_TCB_DCP,A90_AFB00026,A90_TCB207,1204,A90,ARL U281 STACKED_1204
PROD CPU,TCB,ARL U281 STACKED,CHENGDU6;SAIGON;,A90_AFB00027,61,ARL U281 STACKED,POST_LOT_TEST_PLAN,76_ARLU281_TCB_DCP,A90_AFB00027,A90_TCB207,1204,A90,ARL U281 STACKED_1204
PROD CPU,TCB,ARL U281 STACKED,CHENGDU6;SAIGON;,A90_AFB00028,61,ARL U281 STACKED,POST_LOT_TEST_PLAN,76_ARLU281_TCB_DCP,A90_AFB00028,A90_TCB207,1204,A90,ARL U281 STACKED_1204
PROD CPU,TCB,ARL U281 STACKED,CHENGDU6;SAIGON;,A90_AFB00033,61,ARL U281 STACKED,POST_LOT_TEST_PLAN,76_ARLU281_TCB_DCP,A90_AFB00033,A90_TCB209,1204,A90,ARL U281 STACKED_1204
PROD CPU,TCB,ARL U281 STACKED,CHENGDU6;SAIGON;,A90_AFB00034,61,ARL U281 STACKED,POST_LOT_TEST_PLAN,76_ARLU281_TCB_DCP,A90_AFB00034,A90_TCB209,1204,A90,ARL U281 STACKED_1204
PROD CPU,TCB,ARL U281 STACKED,CHENGDU6;SAIGON;,A90_AFB00035,61,ARL U281 STACKED,POST_LOT_TEST_PLAN,76_ARLU281_TCB_DCP,A90_AFB00035,A90_TCB209,1204,A90,ARL U281 STACKED_1204
PROD CPU,TCB,ARL U281 STACKED,CHENGDU6;SAIGON;,A90_AFB00036,61,ARL U281 STACKED,POST_LOT_TEST_PLAN,76_ARLU281_TCB_DCP,A90_AFB00036,A90_TCB209,1204,A90,ARL U281 STACKED_1204
PROD CPU,TCB,ARL U281 STACKED,CHENGDU6;SAIGON;,A90_AFB00037,61,ARL U281 STACKED,POST_LOT_TEST_PLAN,76_ARLU281_TCB_DCP,A90_AFB00037,A90_TCB210,1204,A90,ARL U281 STACKED_1204
PROD CPU,TCB,ARL U281 STACKED,CHENGDU6;SAIGON;,A90_AFB00038,61,ARL U281 STACKED,POST_LOT_TEST_PLAN,76_ARLU281_TCB_DCP,A90_AFB00038,A90_TCB210,1204,A90,ARL U281 STACKED_1204
PROD CPU,TCB,ARL U281 STACKED,CHENGDU6;SAIGON;,A90_AFB00039,61,ARL U281 STACKED,POST_LOT_TEST_PLAN,76_ARLU281_TCB_DCP,A90_AFB00039,A90_TCB210,1204,A90,ARL U281 STACKED_1204
PROD CPU,TCB,ARL U281 STACKED,CHENGDU6;SAIGON;,A90_AFB00040,61,ARL U281 STACKED,POST_LOT_TEST_PLAN,76_ARLU281_TCB_DCP,A90_AFB00040,A90_TCB210,1204,A90,ARL U281 STACKED_1204
PROD CPU,TCB,ARL U281 STACKED,CHENGDU6;SAIGON;,A90_AFB00069,61,ARL U281 STACKED,POST_LOT_TEST_PLAN,76_ARLU281_TCB_DCP,A90_AFB00069,A90_TCB219,1204,A90,ARL U281 STACKED_1204
PROD CPU,TCB,ARL U281 STACKED,CHENGDU6;SAIGON;,A90_AFB00070,61,ARL U281 STACKED,POST_LOT_TEST_PLAN,76_ARLU281_TCB_DCP,A90_AFB00070,A90_TCB219,1204,A90,ARL U281 STACKED_1204
PROD CPU,TCB,ARL U281 STACKED,CHENGDU6;SAIGON;,A90_AFB00071,61,ARL U281 STACKED,POST_LOT_TEST_PLAN,76_ARLU281_TCB_DCP,A90_AFB00071,A90_TCB219,1204,A90,ARL U281 STACKED_1204
PROD CPU,TCB,ARL U281 STACKED,CHENGDU6;SAIGON;,A90_AFB00072,61,ARL U281 STACKED,POST_LOT_TEST_PLAN,76_ARLU281_TCB_DCP,A90_AFB00072,A90_TCB219,1204,A90,ARL U281 STACKED_1204
PROD CPU,TCB,ARL U281 STACKED,CHENGDU6;SAIGON;,A90_AFB00114,61,ARL U281 STACKED,POST_LOT_TEST_PLAN,76_ARLU281_TCB_DCP,A90_AFB00114,A90_TCB218,1204,A90,ARL U281 STACKED_1204
PROD CPU,TCB,ARL U281 STACKED,CHENGDU6;SAIGON;,A90_AFB00115,61,ARL U281 STACKED,POST_LOT_TEST_PLAN,76_ARLU281_TCB_DCP,A90_AFB00115,A90_TCB218,1204,A90,ARL U281 STACKED_1204
PROD CPU,TCB,ARL U281 STACKED,CHENGDU6;SAIGON;,A90_AFB00116,61,ARL U281 STACKED,POST_LOT_TEST_PLAN,76_ARLU281_TCB_DCP,A90_AFB00116,A90_TCB218,1204,A90,ARL U281 STACKED_1204
PROD CPU,TCB,ARL U281 STACKED,CHENGDU6;SAIGON;,A90_AFB00117,61,ARL U281 STACKED,POST_LOT_TEST_PLAN,76_ARLU281_TCB_DCP,A90_AFB00117,A90_TCB218,1204,A90,ARL U281 STACKED_1204
PROD CPU,TCB,ARL U281 STACKED,CHENGDU6;SAIGON;,A90_AFB00118,61,ARL U281 STACKED,POST_LOT_TEST_PLAN,76_ARLU281_TCB_DCP,A90_AFB00118,A90_TCB217,1204,A90,ARL U281 STACKED_1204
PROD CPU,TCB,ARL U281 STACKED,CHENGDU6;SAIGON;,A90_AFB00119,61,ARL U281 STACKED,POST_LOT_TEST_PLAN,76_ARLU281_TCB_DCP,A90_AFB00119,A90_TCB217,1204,A90,ARL U281 STACKED_1204
PROD CPU,TCB,ARL U281 STACKED,CHENGDU6;SAIGON;,A90_AFB00120,61,ARL U281 STACKED,POST_LOT_TEST_PLAN,76_ARLU281_TCB_DCP,A90_AFB00120,A90_TCB217,1204,A90,ARL U281 STACKED_1204
PROD CPU,TCB,ARL U281 STACKED,CHENGDU6;SAIGON;,A90_AFB00121,61,ARL U281 STACKED,POST_LOT_TEST_PLAN,76_ARLU281_TCB_DCP,A90_AFB00121,A90_TCB217,1204,A90,ARL U281 STACKED_1204
PROD CPU,TCB,Alder Lake M 282,SAIGON,A90_AFB00009,84,Alder Lake M 282,POST_LOT_TEST_PLAN,74_ADL_M282_FAST_TCB_DCP,A90_AFB00009,A90_TCB203,1204,A90,Alder Lake M 282_1204
PROD CPU,TCB,Alder Lake M 282,SAIGON,A90_AFB00010,84,Alder Lake M 282,POST_LOT_TEST_PLAN,74_ADL_M282_FAST_TCB_DCP,A90_AFB00010,A90_TCB203,1204,A90,Alder Lake M 282_1204
PROD CPU,TCB,Alder Lake M 282,SAIGON,A90_AFB00011,84,Alder Lake M 282,POST_LOT_TEST_PLAN,74_ADL_M282_FAST_TCB_DCP,A90_AFB00011,A90_TCB203,1204,A90,Alder Lake M 282_1204
PROD CPU,TCB,Alder Lake M 282,SAIGON,A90_AFB00012,84,Alder Lake M 282,POST_LOT_TEST_PLAN,74_ADL_M282_FAST_TCB_DCP,A90_AFB00012,A90_TCB203,1204,A90,Alder Lake M 282_1204
PROD CPU,TCB,Alder Lake M 282,SAIGON,A90_AFB00021,84,Alder Lake M 282,POST_LOT_TEST_PLAN,74_ADL_M282_FAST_TCB_DCP,A90_AFB00021,A90_TCB206,1204,A90,Alder Lake M 282_1204
PROD CPU,TCB,Alder Lake M 282,SAIGON,A90_AFB00022,84,Alder Lake M 282,POST_LOT_TEST_PLAN,74_ADL_M282_FAST_TCB_DCP,A90_AFB00022,A90_TCB206,1204,A90,Alder Lake M 282_1204
PROD CPU,TCB,Alder Lake M 282,SAIGON,A90_AFB00023,84,Alder Lake M 282,POST_LOT_TEST_PLAN,74_ADL_M282_FAST_TCB_DCP,A90_AFB00023,A90_TCB206,1204,A90,Alder Lake M 282_1204
PROD CPU,TCB,Alder Lake M 282,SAIGON,A90_AFB00024,84,Alder Lake M 282,POST_LOT_TEST_PLAN,74_ADL_M282_FAST_TCB_DCP,A90_AFB00024,A90_TCB206,1204,A90,Alder Lake M 282_1204
PROD CPU,TCB,Alder Lake M 282,SAIGON,A90_AFB00037,84,Alder Lake M 282,POST_LOT_TEST_PLAN,74_ADL_M282_FAST_TCB_DCP,A90_AFB00037,A90_TCB210,1204,A90,Alder Lake M 282_1204
PROD CPU,TCB,Alder Lake M 282,SAIGON,A90_AFB00038,84,Alder Lake M 282,POST_LOT_TEST_PLAN,74_ADL_M282_FAST_TCB_DCP,A90_AFB00038,A90_TCB210,1204,A90,Alder Lake M 282_1204
PROD CPU,TCB,Alder Lake M 282,SAIGON,A90_AFB00039,84,Alder Lake M 282,POST_LOT_TEST_PLAN,74_ADL_M282_FAST_TCB_DCP,A90_AFB00039,A90_TCB210,1204,A90,Alder Lake M 282_1204
PROD CPU,TCB,Alder Lake M 282,SAIGON,A90_AFB00040,84,Alder Lake M 282,POST_LOT_TEST_PLAN,74_ADL_M282_FAST_TCB_DCP,A90_AFB00040,A90_TCB210,1204,A90,Alder Lake M 282_1204
PROD CPU,TCB,Alder Lake M 282,SAIGON,A90_AFB00069,84,Alder Lake M 282,POST_LOT_TEST_PLAN,74_ADL_M282_FAST_TCB_DCP,A90_AFB00069,A90_TCB219,1204,A90,Alder Lake M 282_1204
PROD CPU,TCB,Alder Lake M 282,SAIGON,A90_AFB00070,84,Alder Lake M 282,POST_LOT_TEST_PLAN,74_ADL_M282_FAST_TCB_DCP,A90_AFB00070,A90_TCB219,1204,A90,Alder Lake M 282_1204
PROD CPU,TCB,Alder Lake M 282,SAIGON,A90_AFB00071,84,Alder Lake M 282,POST_LOT_TEST_PLAN,74_ADL_M282_FAST_TCB_DCP,A90_AFB00071,A90_TCB219,1204,A90,Alder Lake M 282_1204
PROD CPU,TCB,Alder Lake M 282,SAIGON,A90_AFB00072,84,Alder Lake M 282,POST_LOT_TEST_PLAN,74_ADL_M282_FAST_TCB_DCP,A90_AFB00072,A90_TCB219,1204,A90,Alder Lake M 282_1204
PROD CPU,TCB,Alder Lake M 282,SAIGON,A90_AFB00081,84,Alder Lake M 282,POST_LOT_TEST_PLAN,74_ADL_M282_FAST_TCB_DCP,A90_AFB00081,A90_TCB215,1204,A90,Alder Lake M 282_1204
PROD CPU,TCB,Alder Lake M 282,SAIGON,A90_AFB00082,84,Alder Lake M 282,POST_LOT_TEST_PLAN,74_ADL_M282_FAST_TCB_DCP,A90_AFB00082,A90_TCB215,1204,A90,Alder Lake M 282_1204
PROD CPU,TCB,Alder Lake M 282,SAIGON,A90_AFB00093,84,Alder Lake M 282,POST_LOT_TEST_PLAN,74_ADL_M282_FAST_TCB_DCP,A90_AFB00093,A90_TCB213,1204,A90,Alder Lake M 282_1204
PROD CPU,TCB,Alder Lake M 282,SAIGON,A90_AFB00094,84,Alder Lake M 282,POST_LOT_TEST_PLAN,74_ADL_M282_FAST_TCB_DCP,A90_AFB00094,A90_TCB213,1204,A90,Alder Lake M 282_1204
PROD CPU,TCB,Alder Lake M 282,SAIGON,A90_AFB00095,84,Alder Lake M 282,POST_LOT_TEST_PLAN,74_ADL_M282_FAST_TCB_DCP,A90_AFB00095,A90_TCB213,1204,A90,Alder Lake M 282_1204
PROD CPU,TCB,Alder Lake M 282,SAIGON,A90_AFB00096,84,Alder Lake M 282,POST_LOT_TEST_PLAN,74_ADL_M282_FAST_TCB_DCP,A90_AFB00096,A90_TCB213,1204,A90,Alder Lake M 282_1204
PROD CPU,TCB,Alder Lake M 282,SAIGON,A90_AFB00097,84,Alder Lake M 282,POST_LOT_TEST_PLAN,74_ADL_M282_FAST_TCB_DCP,A90_AFB00097,A90_TCB214,1204,A90,Alder Lake M 282_1204
PROD CPU,TCB,Alder Lake M 282,SAIGON,A90_AFB00098,84,Alder Lake M 282,POST_LOT_TEST_PLAN,74_ADL_M282_FAST_TCB_DCP,A90_AFB00098,A90_TCB214,1204,A90,Alder Lake M 282_1204
PROD CPU,TCB,Alder Lake M 282,SAIGON,A90_AFB00099,84,Alder Lake M 282,POST_LOT_TEST_PLAN,74_ADL_M282_FAST_TCB_DCP,A90_AFB00099,A90_TCB214,1204,A90,Alder Lake M 282_1204
PROD CPU,TCB,Alder Lake M 282,SAIGON,A90_AFB00100,84,Alder Lake M 282,POST_LOT_TEST_PLAN,74_ADL_M282_FAST_TCB_DCP,A90_AFB00100,A90_TCB214,1204,A90,Alder Lake M 282_1204
PROD CPU,TCB,Alder Lake P682,CHENGDU6;SAIGON;,A90_AFB00009,142,Alder Lake P682,POST_LOT_TEST_PLAN,74_ADL_P682_FAST_TCB_DCP,A90_AFB00009,A90_TCB203,1204,A90,Alder Lake P682_1204
PROD CPU,TCB,Alder Lake P682,CHENGDU6;SAIGON;,A90_AFB00010,142,Alder Lake P682,POST_LOT_TEST_PLAN,74_ADL_P682_FAST_TCB_DCP,A90_AFB00010,A90_TCB203,1204,A90,Alder Lake P682_1204
PROD CPU,TCB,Alder Lake P682,CHENGDU6;SAIGON;,A90_AFB00011,142,Alder Lake P682,POST_LOT_TEST_PLAN,74_ADL_P682_FAST_TCB_DCP,A90_AFB00011,A90_TCB203,1204,A90,Alder Lake P682_1204
PROD CPU,TCB,Alder Lake P682,CHENGDU6;SAIGON;,A90_AFB00012,142,Alder Lake P682,POST_LOT_TEST_PLAN,74_ADL_P682_FAST_TCB_DCP,A90_AFB00012,A90_TCB203,1204,A90,Alder Lake P682_1204
PROD CPU,TCB,Alder Lake P682,CHENGDU6;SAIGON;,A90_AFB00013,142,Alder Lake P682,POST_LOT_TEST_PLAN,74_ADL_P682_FAST_TCB_DCP,A90_AFB00013,A90_TCB204,1204,A90,Alder Lake P682_1204
PROD CPU,TCB,Alder Lake P682,CHENGDU6;SAIGON;,A90_AFB00014,142,Alder Lake P682,POST_LOT_TEST_PLAN,74_ADL_P682_FAST_TCB_DCP,A90_AFB00014,A90_TCB204,1204,A90,Alder Lake P682_1204
PROD CPU,TCB,Alder Lake P682,CHENGDU6;SAIGON;,A90_AFB00015,142,Alder Lake P682,POST_LOT_TEST_PLAN,74_ADL_P682_FAST_TCB_DCP,A90_AFB00015,A90_TCB204,1204,A90,Alder Lake P682_1204
PROD CPU,TCB,Alder Lake P682,CHENGDU6;SAIGON;,A90_AFB00016,142,Alder Lake P682,POST_LOT_TEST_PLAN,74_ADL_P682_FAST_TCB_DCP,A90_AFB00016,A90_TCB204,1204,A90,Alder Lake P682_1204
PROD CPU,TCB,Alder Lake P682,CHENGDU6;SAIGON;,A90_AFB00017,142,Alder Lake P682,POST_LOT_TEST_PLAN,74_ADL_P682_FAST_TCB_DCP,A90_AFB00017,A90_TCB205,1204,A90,Alder Lake P682_1204
PROD CPU,TCB,Alder Lake P682,CHENGDU6;SAIGON;,A90_AFB00018,142,Alder Lake P682,POST_LOT_TEST_PLAN,74_ADL_P682_FAST_TCB_DCP,A90_AFB00018,A90_TCB205,1204,A90,Alder Lake P682_1204
PROD CPU,TCB,Alder Lake P682,CHENGDU6;SAIGON;,A90_AFB00019,142,Alder Lake P682,POST_LOT_TEST_PLAN,74_ADL_P682_FAST_TCB_DCP,A90_AFB00019,A90_TCB205,1204,A90,Alder Lake P682_1204
PROD CPU,TCB,Alder Lake P682,CHENGDU6;SAIGON;,A90_AFB00020,142,Alder Lake P682,POST_LOT_TEST_PLAN,74_ADL_P682_FAST_TCB_DCP,A90_AFB00020,A90_TCB205,1204,A90,Alder Lake P682_1204
PROD CPU,TCB,Alder Lake P682,CHENGDU6;SAIGON;,A90_AFB00021,142,Alder Lake P682,POST_LOT_TEST_PLAN,74_ADL_P682_FAST_TCB_DCP,A90_AFB00021,A90_TCB206,1204,A90,Alder Lake P682_1204
PROD CPU,TCB,Alder Lake P682,CHENGDU6;SAIGON;,A90_AFB00022,142,Alder Lake P682,POST_LOT_TEST_PLAN,74_ADL_P682_FAST_TCB_DCP,A90_AFB00022,A90_TCB206,1204,A90,Alder Lake P682_1204
PROD CPU,TCB,Alder Lake P682,CHENGDU6;SAIGON;,A90_AFB00023,142,Alder Lake P682,POST_LOT_TEST_PLAN,74_ADL_P682_FAST_TCB_DCP,A90_AFB00023,A90_TCB206,1204,A90,Alder Lake P682_1204
PROD CPU,TCB,Alder Lake P682,CHENGDU6;SAIGON;,A90_AFB00024,142,Alder Lake P682,POST_LOT_TEST_PLAN,74_ADL_P682_FAST_TCB_DCP,A90_AFB00024,A90_TCB206,1204,A90,Alder Lake P682_1204
PROD CPU,TCB,Alder Lake P682,CHENGDU6;SAIGON;,A90_AFB00029,142,Alder Lake P682,POST_LOT_TEST_PLAN,74_ADL_P682_FAST_TCB_DCP,A90_AFB00029,A90_TCB208,1204,A90,Alder Lake P682_1204
PROD CPU,TCB,Alder Lake P682,CHENGDU6;SAIGON;,A90_AFB00030,142,Alder Lake P682,POST_LOT_TEST_PLAN,74_ADL_P682_FAST_TCB_DCP,A90_AFB00030,A90_TCB208,1204,A90,Alder Lake P682_1204
PROD CPU,TCB,Alder Lake P682,CHENGDU6;SAIGON;,A90_AFB00031,142,Alder Lake P682,POST_LOT_TEST_PLAN,74_ADL_P682_FAST_TCB_DCP,A90_AFB00031,A90_TCB208,1204,A90,Alder Lake P682_1204
PROD CPU,TCB,Alder Lake P682,CHENGDU6;SAIGON;,A90_AFB00032,142,Alder Lake P682,POST_LOT_TEST_PLAN,74_ADL_P682_FAST_TCB_DCP,A90_AFB00032,A90_TCB208,1204,A90,Alder Lake P682_1204
PROD CPU,TCB,Alder Lake P682,CHENGDU6;SAIGON;,A90_AFB00033,142,Alder Lake P682,POST_LOT_TEST_PLAN,74_ADL_P682_FAST_TCB_DCP,A90_AFB00033,A90_TCB209,1204,A90,Alder Lake P682_1204
PROD CPU,TCB,Alder Lake P682,CHENGDU6;SAIGON;,A90_AFB00034,142,Alder Lake P682,POST_LOT_TEST_PLAN,74_ADL_P682_FAST_TCB_DCP,A90_AFB00034,A90_TCB209,1204,A90,Alder Lake P682_1204
PROD CPU,TCB,Alder Lake P682,CHENGDU6;SAIGON;,A90_AFB00035,142,Alder Lake P682,POST_LOT_TEST_PLAN,74_ADL_P682_FAST_TCB_DCP,A90_AFB00035,A90_TCB209,1204,A90,Alder Lake P682_1204
PROD CPU,TCB,Alder Lake P682,CHENGDU6;SAIGON;,A90_AFB00036,142,Alder Lake P682,POST_LOT_TEST_PLAN,74_ADL_P682_FAST_TCB_DCP,A90_AFB00036,A90_TCB209,1204,A90,Alder Lake P682_1204
PROD CPU,TCB,Alder Lake P682,CHENGDU6;SAIGON;,A90_AFB00037,142,Alder Lake P682,POST_LOT_TEST_PLAN,74_ADL_P682_FAST_TCB_DCP,A90_AFB00037,A90_TCB210,1204,A90,Alder Lake P682_1204
PROD CPU,TCB,Alder Lake P682,CHENGDU6;SAIGON;,A90_AFB00038,142,Alder Lake P682,POST_LOT_TEST_PLAN,74_ADL_P682_FAST_TCB_DCP,A90_AFB00038,A90_TCB210,1204,A90,Alder Lake P682_1204
PROD CPU,TCB,Alder Lake P682,CHENGDU6;SAIGON;,A90_AFB00039,142,Alder Lake P682,POST_LOT_TEST_PLAN,74_ADL_P682_FAST_TCB_DCP,A90_AFB00039,A90_TCB210,1204,A90,Alder Lake P682_1204
PROD CPU,TCB,Alder Lake P682,CHENGDU6;SAIGON;,A90_AFB00040,142,Alder Lake P682,POST_LOT_TEST_PLAN,74_ADL_P682_FAST_TCB_DCP,A90_AFB00040,A90_TCB210,1204,A90,Alder Lake P682_1204
PROD CPU,TCB,Alder Lake P682,CHENGDU6;SAIGON;,A90_AFB00045,142,Alder Lake P682,POST_LOT_TEST_PLAN,74_ADL_P682_FAST_TCB_DCP,A90_AFB00045,A90_TCB220,1204,A90,Alder Lake P682_1204
PROD CPU,TCB,Alder Lake P682,CHENGDU6;SAIGON;,A90_AFB00046,142,Alder Lake P682,POST_LOT_TEST_PLAN,74_ADL_P682_FAST_TCB_DCP,A90_AFB00046,A90_TCB220,1204,A90,Alder Lake P682_1204
PROD CPU,TCB,Alder Lake P682,CHENGDU6;SAIGON;,A90_AFB00047,142,Alder Lake P682,POST_LOT_TEST_PLAN,74_ADL_P682_FAST_TCB_DCP,A90_AFB00047,A90_TCB220,1204,A90,Alder Lake P682_1204
PROD CPU,TCB,Alder Lake P682,CHENGDU6;SAIGON;,A90_AFB00048,142,Alder Lake P682,POST_LOT_TEST_PLAN,74_ADL_P682_FAST_TCB_DCP,A90_AFB00048,A90_TCB220,1204,A90,Alder Lake P682_1204
PROD CPU,TCB,Alder Lake P682,CHENGDU6;SAIGON;,A90_AFB00069,142,Alder Lake P682,POST_LOT_TEST_PLAN,74_ADL_P682_FAST_TCB_DCP,A90_AFB00069,A90_TCB219,1204,A90,Alder Lake P682_1204
PROD CPU,TCB,Alder Lake P682,CHENGDU6;SAIGON;,A90_AFB00070,142,Alder Lake P682,POST_LOT_TEST_PLAN,74_ADL_P682_FAST_TCB_DCP,A90_AFB00070,A90_TCB219,1204,A90,Alder Lake P682_1204
PROD CPU,TCB,Alder Lake P682,CHENGDU6;SAIGON;,A90_AFB00071,142,Alder Lake P682,POST_LOT_TEST_PLAN,74_ADL_P682_FAST_TCB_DCP,A90_AFB00071,A90_TCB219,1204,A90,Alder Lake P682_1204
PROD CPU,TCB,Alder Lake P682,CHENGDU6;SAIGON;,A90_AFB00072,142,Alder Lake P682,POST_LOT_TEST_PLAN,74_ADL_P682_FAST_TCB_DCP,A90_AFB00072,A90_TCB219,1204,A90,Alder Lake P682_1204
PROD CPU,TCB,Alder Lake P682,CHENGDU6;SAIGON;,A90_AFB00093,142,Alder Lake P682,POST_LOT_TEST_PLAN,74_ADL_P682_FAST_TCB_DCP,A90_AFB00093,A90_TCB213,1204,A90,Alder Lake P682_1204
PROD CPU,TCB,Alder Lake P682,CHENGDU6;SAIGON;,A90_AFB00094,142,Alder Lake P682,POST_LOT_TEST_PLAN,74_ADL_P682_FAST_TCB_DCP,A90_AFB00094,A90_TCB213,1204,A90,Alder Lake P682_1204
PROD CPU,TCB,Alder Lake P682,CHENGDU6;SAIGON;,A90_AFB00095,142,Alder Lake P682,POST_LOT_TEST_PLAN,74_ADL_P682_FAST_TCB_DCP,A90_AFB00095,A90_TCB213,1204,A90,Alder Lake P682_1204
PROD CPU,TCB,Alder Lake P682,CHENGDU6;SAIGON;,A90_AFB00096,142,Alder Lake P682,POST_LOT_TEST_PLAN,74_ADL_P682_FAST_TCB_DCP,A90_AFB00096,A90_TCB213,1204,A90,Alder Lake P682_1204
PROD CPU,TCB,Alder Lake P682,CHENGDU6;SAIGON;,A90_AFB00097,142,Alder Lake P682,POST_LOT_TEST_PLAN,74_ADL_P682_FAST_TCB_DCP,A90_AFB00097,A90_TCB214,1204,A90,Alder Lake P682_1204
PROD CPU,TCB,Alder Lake P682,CHENGDU6;SAIGON;,A90_AFB00098,142,Alder Lake P682,POST_LOT_TEST_PLAN,74_ADL_P682_FAST_TCB_DCP,A90_AFB00098,A90_TCB214,1204,A90,Alder Lake P682_1204
PROD CPU,TCB,Alder Lake P682,CHENGDU6;SAIGON;,A90_AFB00099,142,Alder Lake P682,POST_LOT_TEST_PLAN,74_ADL_P682_FAST_TCB_DCP,A90_AFB00099,A90_TCB214,1204,A90,Alder Lake P682_1204
PROD CPU,TCB,Alder Lake P682,CHENGDU6;SAIGON;,A90_AFB00100,142,Alder Lake P682,POST_LOT_TEST_PLAN,74_ADL_P682_FAST_TCB_DCP,A90_AFB00100,A90_TCB214,1204,A90,Alder Lake P682_1204
PROD CPU,TCB,Alder Lake P682,CHENGDU6;SAIGON;,A90_AFB00114,142,Alder Lake P682,POST_LOT_TEST_PLAN,74_ADL_P682_FAST_TCB_DCP,A90_AFB00114,A90_TCB218,1204,A90,Alder Lake P682_1204
PROD CPU,TCB,Alder Lake P682,CHENGDU6;SAIGON;,A90_AFB00115,142,Alder Lake P682,POST_LOT_TEST_PLAN,74_ADL_P682_FAST_TCB_DCP,A90_AFB00115,A90_TCB218,1204,A90,Alder Lake P682_1204
PROD CPU,TCB,Alder Lake P682,CHENGDU6;SAIGON;,A90_AFB00116,142,Alder Lake P682,POST_LOT_TEST_PLAN,74_ADL_P682_FAST_TCB_DCP,A90_AFB00116,A90_TCB218,1204,A90,Alder Lake P682_1204
PROD CPU,TCB,Alder Lake P682,CHENGDU6;SAIGON;,A90_AFB00117,142,Alder Lake P682,POST_LOT_TEST_PLAN,74_ADL_P682_FAST_TCB_DCP,A90_AFB00117,A90_TCB218,1204,A90,Alder Lake P682_1204
PROD CPU,TCB,Alder Lake P682,CHENGDU6;SAIGON;,A90_AFB00118,142,Alder Lake P682,POST_LOT_TEST_PLAN,74_ADL_P682_FAST_TCB_DCP,A90_AFB00118,A90_TCB217,1204,A90,Alder Lake P682_1204
PROD CPU,TCB,Alder Lake P682,CHENGDU6;SAIGON;,A90_AFB00119,142,Alder Lake P682,POST_LOT_TEST_PLAN,74_ADL_P682_FAST_TCB_DCP,A90_AFB00119,A90_TCB217,1204,A90,Alder Lake P682_1204
PROD CPU,TCB,Alder Lake P682,CHENGDU6;SAIGON;,A90_AFB00120,142,Alder Lake P682,POST_LOT_TEST_PLAN,74_ADL_P682_FAST_TCB_DCP,A90_AFB00120,A90_TCB217,1204,A90,Alder Lake P682_1204
PROD CPU,TCB,Alder Lake P682,CHENGDU6;SAIGON;,A90_AFB00121,142,Alder Lake P682,POST_LOT_TEST_PLAN,74_ADL_P682_FAST_TCB_DCP,A90_AFB00121,A90_TCB217,1204,A90,Alder Lake P682_1204
PROD CPU,TCB,Alder Lake P682,CHENGDU6;SAIGON;,A90_AFB00122,142,Alder Lake P682,POST_LOT_TEST_PLAN,74_ADL_P682_FAST_TCB_DCP,A90_AFB00122,A90_TCB216,1204,A90,Alder Lake P682_1204
PROD CPU,TCB,Alder Lake P682,CHENGDU6;SAIGON;,A90_AFB00123,142,Alder Lake P682,POST_LOT_TEST_PLAN,74_ADL_P682_FAST_TCB_DCP,A90_AFB00123,A90_TCB216,1204,A90,Alder Lake P682_1204
PROD CPU,TCB,Alder Lake P682,CHENGDU6;SAIGON;,A90_AFB00124,142,Alder Lake P682,POST_LOT_TEST_PLAN,74_ADL_P682_FAST_TCB_DCP,A90_AFB00124,A90_TCB216,1204,A90,Alder Lake P682_1204
PROD CPU,TCB,Alder Lake P682,CHENGDU6;SAIGON;,A90_AFB00125,142,Alder Lake P682,POST_LOT_TEST_PLAN,74_ADL_P682_FAST_TCB_DCP,A90_AFB00125,A90_TCB216,1204,A90,Alder Lake P682_1204
PROD CPU,TCB,Alder Lake S,PENANG;CHENGDU6;SAIGON;,A01_AFB81201,123,Alder Lake S,POST_LOT_TEST_PLAN,74_ADL_S81_TCB_DCP,A01_AFB81201,A01_TCB812,1204,A01,Alder Lake S_1204
PROD CPU,TCB,Alder Lake S,PENANG;CHENGDU6;SAIGON;,A01_AFB81202,123,Alder Lake S,POST_LOT_TEST_PLAN,74_ADL_S81_TCB_DCP,A01_AFB81202,A01_TCB812,1204,A01,Alder Lake S_1204
PROD CPU,TCB,Alder Lake S,CHENGDU6,A48_ACB70009,156,Alder Lake S,POST_LOT_TEST_PLAN,74_ADL_S81_TCB_DCP,A48_ACB70009,A48_TCB703,1204,A48,Alder Lake S_1204
PROD CPU,TCB,Alder Lake S,CHENGDU6,A48_ACB70010,156,Alder Lake S,POST_LOT_TEST_PLAN,74_ADL_S81_TCB_DCP,A48_ACB70010,A48_TCB703,1204,A48,Alder Lake S_1204
PROD CPU,TCB,Alder Lake S,CHENGDU6,A48_ACB70011,156,Alder Lake S,POST_LOT_TEST_PLAN,74_ADL_S81_TCB_DCP,A48_ACB70011,A48_TCB703,1204,A48,Alder Lake S_1204
PROD CPU,TCB,Alder Lake S,CHENGDU6,A48_ACB70012,156,Alder Lake S,POST_LOT_TEST_PLAN,74_ADL_S81_TCB_DCP,A48_ACB70012,A48_TCB703,1204,A48,Alder Lake S_1204
PROD CPU,TCB,Alder Lake S,CHENGDU6,A48_ACB70025,156,Alder Lake S,POST_LOT_TEST_PLAN,74_ADL_S81_TCB_DCP,A48_ACB70025,A48_TCB707,1204,A48,Alder Lake S_1204
PROD CPU,TCB,Alder Lake S,CHENGDU6,A48_ACB70026,156,Alder Lake S,POST_LOT_TEST_PLAN,74_ADL_S81_TCB_DCP,A48_ACB70026,A48_TCB707,1204,A48,Alder Lake S_1204
PROD CPU,TCB,Alder Lake S,CHENGDU6,A48_ACB70027,156,Alder Lake S,POST_LOT_TEST_PLAN,74_ADL_S81_TCB_DCP,A48_ACB70027,A48_TCB707,1204,A48,Alder Lake S_1204
PROD CPU,TCB,Alder Lake S,CHENGDU6,A48_ACB70028,156,Alder Lake S,POST_LOT_TEST_PLAN,74_ADL_S81_TCB_DCP,A48_ACB70028,A48_TCB707,1204,A48,Alder Lake S_1204
PROD CPU,TCB,Alder Lake S,CHENGDU6,A48_ACB70033,156,Alder Lake S,POST_LOT_TEST_PLAN,74_ADL_S81_TCB_DCP,A48_ACB70033,A48_TCB709,1204,A48,Alder Lake S_1204
PROD CPU,TCB,Alder Lake S,CHENGDU6,A48_ACB70034,156,Alder Lake S,POST_LOT_TEST_PLAN,74_ADL_S81_TCB_DCP,A48_ACB70034,A48_TCB709,1204,A48,Alder Lake S_1204
PROD CPU,TCB,Alder Lake S,CHENGDU6,A48_ACB70035,156,Alder Lake S,POST_LOT_TEST_PLAN,74_ADL_S81_TCB_DCP,A48_ACB70035,A48_TCB709,1204,A48,Alder Lake S_1204
PROD CPU,TCB,Alder Lake S,CHENGDU6,A48_ACB70036,156,Alder Lake S,POST_LOT_TEST_PLAN,74_ADL_S81_TCB_DCP,A48_ACB70036,A48_TCB709,1204,A48,Alder Lake S_1204
PROD CPU,TCB,Alder Lake S,CHENGDU6,A48_AFB70017,157,Alder Lake S,POST_LOT_TEST_PLAN,74_ADL_S81_TCB_DCP,A48_AFB70017,A48_TCB713,1204,A48,Alder Lake S_1204
PROD CPU,TCB,Alder Lake S,CHENGDU6,A48_AFB70018,157,Alder Lake S,POST_LOT_TEST_PLAN,74_ADL_S81_TCB_DCP,A48_AFB70018,A48_TCB713,1204,A48,Alder Lake S_1204
PROD CPU,TCB,Alder Lake S,CHENGDU6,A48_AFB70019,157,Alder Lake S,POST_LOT_TEST_PLAN,74_ADL_S81_TCB_DCP,A48_AFB70019,A48_TCB713,1204,A48,Alder Lake S_1204
PROD CPU,TCB,Alder Lake S,CHENGDU6,A48_AFB70020,157,Alder Lake S,POST_LOT_TEST_PLAN,74_ADL_S81_TCB_DCP,A48_AFB70020,A48_TCB713,1204,A48,Alder Lake S_1204
PROD CPU,TCB,Alder Lake S,CHENGDU6;SAIGON;,A90_AFB00005,155,Alder Lake S,POST_LOT_TEST_PLAN,74_ADL_S81_TCB_DCP,A90_AFB00005,A90_TCB202,1204,A90,Alder Lake S_1204
PROD CPU,TCB,Alder Lake S,CHENGDU6;SAIGON;,A90_AFB00006,155,Alder Lake S,POST_LOT_TEST_PLAN,74_ADL_S81_TCB_DCP,A90_AFB00006,A90_TCB202,1204,A90,Alder Lake S_1204
PROD CPU,TCB,Alder Lake S,CHENGDU6;SAIGON;,A90_AFB00007,155,Alder Lake S,POST_LOT_TEST_PLAN,74_ADL_S81_TCB_DCP,A90_AFB00007,A90_TCB202,1204,A90,Alder Lake S_1204
PROD CPU,TCB,Alder Lake S,CHENGDU6;SAIGON;,A90_AFB00008,155,Alder Lake S,POST_LOT_TEST_PLAN,74_ADL_S81_TCB_DCP,A90_AFB00008,A90_TCB202,1204,A90,Alder Lake S_1204
PROD CPU,TCB,Alder Lake S,CHENGDU6;SAIGON;,A90_AFB00013,155,Alder Lake S,POST_LOT_TEST_PLAN,74_ADL_S81_TCB_DCP,A90_AFB00013,A90_TCB204,1204,A90,Alder Lake S_1204
PROD CPU,TCB,Alder Lake S,CHENGDU6;SAIGON;,A90_AFB00014,155,Alder Lake S,POST_LOT_TEST_PLAN,74_ADL_S81_TCB_DCP,A90_AFB00014,A90_TCB204,1204,A90,Alder Lake S_1204
PROD CPU,TCB,Alder Lake S,CHENGDU6;SAIGON;,A90_AFB00015,155,Alder Lake S,POST_LOT_TEST_PLAN,74_ADL_S81_TCB_DCP,A90_AFB00015,A90_TCB204,1204,A90,Alder Lake S_1204
PROD CPU,TCB,Alder Lake S,CHENGDU6;SAIGON;,A90_AFB00016,155,Alder Lake S,POST_LOT_TEST_PLAN,74_ADL_S81_TCB_DCP,A90_AFB00016,A90_TCB204,1204,A90,Alder Lake S_1204
PROD CPU,TCB,Alder Lake S,CHENGDU6;SAIGON;,A90_AFB00017,155,Alder Lake S,POST_LOT_TEST_PLAN,74_ADL_S81_TCB_DCP,A90_AFB00017,A90_TCB205,1204,A90,Alder Lake S_1204
PROD CPU,TCB,Alder Lake S,CHENGDU6;SAIGON;,A90_AFB00018,155,Alder Lake S,POST_LOT_TEST_PLAN,74_ADL_S81_TCB_DCP,A90_AFB00018,A90_TCB205,1204,A90,Alder Lake S_1204
PROD CPU,TCB,Alder Lake S,CHENGDU6;SAIGON;,A90_AFB00019,155,Alder Lake S,POST_LOT_TEST_PLAN,74_ADL_S81_TCB_DCP,A90_AFB00019,A90_TCB205,1204,A90,Alder Lake S_1204
PROD CPU,TCB,Alder Lake S,CHENGDU6;SAIGON;,A90_AFB00020,155,Alder Lake S,POST_LOT_TEST_PLAN,74_ADL_S81_TCB_DCP,A90_AFB00020,A90_TCB205,1204,A90,Alder Lake S_1204
PROD CPU,TCB,Alder Lake S,CHENGDU6;SAIGON;,A90_AFB00021,155,Alder Lake S,POST_LOT_TEST_PLAN,74_ADL_S81_TCB_DCP,A90_AFB00021,A90_TCB206,1204,A90,Alder Lake S_1204
PROD CPU,TCB,Alder Lake S,CHENGDU6;SAIGON;,A90_AFB00022,155,Alder Lake S,POST_LOT_TEST_PLAN,74_ADL_S81_TCB_DCP,A90_AFB00022,A90_TCB206,1204,A90,Alder Lake S_1204
PROD CPU,TCB,Alder Lake S,CHENGDU6;SAIGON;,A90_AFB00023,155,Alder Lake S,POST_LOT_TEST_PLAN,74_ADL_S81_TCB_DCP,A90_AFB00023,A90_TCB206,1204,A90,Alder Lake S_1204
PROD CPU,TCB,Alder Lake S,CHENGDU6;SAIGON;,A90_AFB00024,155,Alder Lake S,POST_LOT_TEST_PLAN,74_ADL_S81_TCB_DCP,A90_AFB00024,A90_TCB206,1204,A90,Alder Lake S_1204
PROD CPU,TCB,Alder Lake S,CHENGDU6;SAIGON;,A90_AFB00025,155,Alder Lake S,POST_LOT_TEST_PLAN,74_ADL_S81_TCB_DCP,A90_AFB00025,A90_TCB207,1204,A90,Alder Lake S_1204
PROD CPU,TCB,Alder Lake S,CHENGDU6;SAIGON;,A90_AFB00026,155,Alder Lake S,POST_LOT_TEST_PLAN,74_ADL_S81_TCB_DCP,A90_AFB00026,A90_TCB207,1204,A90,Alder Lake S_1204
PROD CPU,TCB,Alder Lake S,CHENGDU6;SAIGON;,A90_AFB00027,155,Alder Lake S,POST_LOT_TEST_PLAN,74_ADL_S81_TCB_DCP,A90_AFB00027,A90_TCB207,1204,A90,Alder Lake S_1204
PROD CPU,TCB,Alder Lake S,CHENGDU6;SAIGON;,A90_AFB00028,155,Alder Lake S,POST_LOT_TEST_PLAN,74_ADL_S81_TCB_DCP,A90_AFB00028,A90_TCB207,1204,A90,Alder Lake S_1204
PROD CPU,TCB,Alder Lake S,CHENGDU6;SAIGON;,A90_AFB00029,155,Alder Lake S,POST_LOT_TEST_PLAN,74_ADL_S81_TCB_DCP,A90_AFB00029,A90_TCB208,1204,A90,Alder Lake S_1204
PROD CPU,TCB,Alder Lake S,CHENGDU6;SAIGON;,A90_AFB00030,155,Alder Lake S,POST_LOT_TEST_PLAN,74_ADL_S81_TCB_DCP,A90_AFB00030,A90_TCB208,1204,A90,Alder Lake S_1204
PROD CPU,TCB,Alder Lake S,CHENGDU6;SAIGON;,A90_AFB00031,155,Alder Lake S,POST_LOT_TEST_PLAN,74_ADL_S81_TCB_DCP,A90_AFB00031,A90_TCB208,1204,A90,Alder Lake S_1204
PROD CPU,TCB,Alder Lake S,CHENGDU6;SAIGON;,A90_AFB00032,155,Alder Lake S,POST_LOT_TEST_PLAN,74_ADL_S81_TCB_DCP,A90_AFB00032,A90_TCB208,1204,A90,Alder Lake S_1204
PROD CPU,TCB,Alder Lake S,CHENGDU6;SAIGON;,A90_AFB00033,155,Alder Lake S,POST_LOT_TEST_PLAN,74_ADL_S81_TCB_DCP,A90_AFB00033,A90_TCB209,1204,A90,Alder Lake S_1204
PROD CPU,TCB,Alder Lake S,CHENGDU6;SAIGON;,A90_AFB00034,155,Alder Lake S,POST_LOT_TEST_PLAN,74_ADL_S81_TCB_DCP,A90_AFB00034,A90_TCB209,1204,A90,Alder Lake S_1204
PROD CPU,TCB,Alder Lake S,CHENGDU6;SAIGON;,A90_AFB00035,155,Alder Lake S,POST_LOT_TEST_PLAN,74_ADL_S81_TCB_DCP,A90_AFB00035,A90_TCB209,1204,A90,Alder Lake S_1204
PROD CPU,TCB,Alder Lake S,CHENGDU6;SAIGON;,A90_AFB00036,155,Alder Lake S,POST_LOT_TEST_PLAN,74_ADL_S81_TCB_DCP,A90_AFB00036,A90_TCB209,1204,A90,Alder Lake S_1204
PROD CPU,TCB,Alder Lake S,CHENGDU6;SAIGON;,A90_AFB00045,155,Alder Lake S,POST_LOT_TEST_PLAN,74_ADL_S81_TCB_DCP,A90_AFB00045,A90_TCB220,1204,A90,Alder Lake S_1204
PROD CPU,TCB,Alder Lake S,CHENGDU6;SAIGON;,A90_AFB00046,155,Alder Lake S,POST_LOT_TEST_PLAN,74_ADL_S81_TCB_DCP,A90_AFB00046,A90_TCB220,1204,A90,Alder Lake S_1204
PROD CPU,TCB,Alder Lake S,CHENGDU6;SAIGON;,A90_AFB00047,155,Alder Lake S,POST_LOT_TEST_PLAN,74_ADL_S81_TCB_DCP,A90_AFB00047,A90_TCB220,1204,A90,Alder Lake S_1204
PROD CPU,TCB,Alder Lake S,CHENGDU6;SAIGON;,A90_AFB00048,155,Alder Lake S,POST_LOT_TEST_PLAN,74_ADL_S81_TCB_DCP,A90_AFB00048,A90_TCB220,1204,A90,Alder Lake S_1204
PROD CPU,TCB,Alder Lake S,CHENGDU6;SAIGON;,A90_AFB00069,155,Alder Lake S,POST_LOT_TEST_PLAN,74_ADL_S81_TCB_DCP,A90_AFB00069,A90_TCB219,1204,A90,Alder Lake S_1204
PROD CPU,TCB,Alder Lake S,CHENGDU6;SAIGON;,A90_AFB00070,155,Alder Lake S,POST_LOT_TEST_PLAN,74_ADL_S81_TCB_DCP,A90_AFB00070,A90_TCB219,1204,A90,Alder Lake S_1204
PROD CPU,TCB,Alder Lake S,CHENGDU6;SAIGON;,A90_AFB00071,155,Alder Lake S,POST_LOT_TEST_PLAN,74_ADL_S81_TCB_DCP,A90_AFB00071,A90_TCB219,1204,A90,Alder Lake S_1204
PROD CPU,TCB,Alder Lake S,CHENGDU6;SAIGON;,A90_AFB00072,155,Alder Lake S,POST_LOT_TEST_PLAN,74_ADL_S81_TCB_DCP,A90_AFB00072,A90_TCB219,1204,A90,Alder Lake S_1204
PROD CPU,TCB,Alder Lake S,CHENGDU6;SAIGON;,A90_AFB00081,155,Alder Lake S,POST_LOT_TEST_PLAN,74_ADL_S81_TCB_DCP,A90_AFB00081,A90_TCB215,1204,A90,Alder Lake S_1204
PROD CPU,TCB,Alder Lake S,CHENGDU6;SAIGON;,A90_AFB00082,155,Alder Lake S,POST_LOT_TEST_PLAN,74_ADL_S81_TCB_DCP,A90_AFB00082,A90_TCB215,1204,A90,Alder Lake S_1204
PROD CPU,TCB,Alder Lake S,CHENGDU6;SAIGON;,A90_AFB00097,155,Alder Lake S,POST_LOT_TEST_PLAN,74_ADL_S81_TCB_DCP,A90_AFB00097,A90_TCB214,1204,A90,Alder Lake S_1204
PROD CPU,TCB,Alder Lake S,CHENGDU6;SAIGON;,A90_AFB00098,155,Alder Lake S,POST_LOT_TEST_PLAN,74_ADL_S81_TCB_DCP,A90_AFB00098,A90_TCB214,1204,A90,Alder Lake S_1204
PROD CPU,TCB,Alder Lake S,CHENGDU6;SAIGON;,A90_AFB00099,155,Alder Lake S,POST_LOT_TEST_PLAN,74_ADL_S81_TCB_DCP,A90_AFB00099,A90_TCB214,1204,A90,Alder Lake S_1204
PROD CPU,TCB,Alder Lake S,CHENGDU6;SAIGON;,A90_AFB00100,155,Alder Lake S,POST_LOT_TEST_PLAN,74_ADL_S81_TCB_DCP,A90_AFB00100,A90_TCB214,1204,A90,Alder Lake S_1204
PROD CPU,TCB,Alder Lake S,CHENGDU6;SAIGON;,A90_AFB00114,155,Alder Lake S,POST_LOT_TEST_PLAN,74_ADL_S81_TCB_DCP,A90_AFB00114,A90_TCB218,1204,A90,Alder Lake S_1204
PROD CPU,TCB,Alder Lake S,CHENGDU6;SAIGON;,A90_AFB00115,155,Alder Lake S,POST_LOT_TEST_PLAN,74_ADL_S81_TCB_DCP,A90_AFB00115,A90_TCB218,1204,A90,Alder Lake S_1204
PROD CPU,TCB,Alder Lake S,CHENGDU6;SAIGON;,A90_AFB00116,155,Alder Lake S,POST_LOT_TEST_PLAN,74_ADL_S81_TCB_DCP,A90_AFB00116,A90_TCB218,1204,A90,Alder Lake S_1204
PROD CPU,TCB,Alder Lake S,CHENGDU6;SAIGON;,A90_AFB00117,155,Alder Lake S,POST_LOT_TEST_PLAN,74_ADL_S81_TCB_DCP,A90_AFB00117,A90_TCB218,1204,A90,Alder Lake S_1204
PROD CPU,TCB,Alder Lake S,CHENGDU6;SAIGON;,A90_AFB00118,155,Alder Lake S,POST_LOT_TEST_PLAN,74_ADL_S81_TCB_DCP,A90_AFB00118,A90_TCB217,1204,A90,Alder Lake S_1204
PROD CPU,TCB,Alder Lake S,CHENGDU6;SAIGON;,A90_AFB00119,155,Alder Lake S,POST_LOT_TEST_PLAN,74_ADL_S81_TCB_DCP,A90_AFB00119,A90_TCB217,1204,A90,Alder Lake S_1204
PROD CPU,TCB,Alder Lake S,CHENGDU6;SAIGON;,A90_AFB00120,155,Alder Lake S,POST_LOT_TEST_PLAN,74_ADL_S81_TCB_DCP,A90_AFB00120,A90_TCB217,1204,A90,Alder Lake S_1204
PROD CPU,TCB,Alder Lake S,CHENGDU6;SAIGON;,A90_AFB00121,155,Alder Lake S,POST_LOT_TEST_PLAN,74_ADL_S81_TCB_DCP,A90_AFB00121,A90_TCB217,1204,A90,Alder Lake S_1204
PROD CPU,TCB,Alder Lake S,CHENGDU6;SAIGON;,A90_AFB00122,155,Alder Lake S,POST_LOT_TEST_PLAN,74_ADL_S81_TCB_DCP,A90_AFB00122,A90_TCB216,1204,A90,Alder Lake S_1204
PROD CPU,TCB,Alder Lake S,CHENGDU6;SAIGON;,A90_AFB00123,155,Alder Lake S,POST_LOT_TEST_PLAN,74_ADL_S81_TCB_DCP,A90_AFB00123,A90_TCB216,1204,A90,Alder Lake S_1204
PROD CPU,TCB,Alder Lake S,CHENGDU6;SAIGON;,A90_AFB00124,155,Alder Lake S,POST_LOT_TEST_PLAN,74_ADL_S81_TCB_DCP,A90_AFB00124,A90_TCB216,1204,A90,Alder Lake S_1204
PROD CPU,TCB,Alder Lake S,CHENGDU6;SAIGON;,A90_AFB00125,155,Alder Lake S,POST_LOT_TEST_PLAN,74_ADL_S81_TCB_DCP,A90_AFB00125,A90_TCB216,1204,A90,Alder Lake S_1204
PROD CPU,TCB,Amber Lake Y22,"CHENGDU6;KULIM5;CHANDLER, ARIZONA;",A15_ACB00021,34,Amber Lake Y22,POST_LOT_TEST_PLAN,72_AML_Y22_MIXED_TCB_DCP,A15_ACB00021,A15_TCB006,1204,A15,Amber Lake Y22_1204
PROD CPU,TCB,Amber Lake Y22,"CHENGDU6;KULIM5;CHANDLER, ARIZONA;",A15_ACB00022,34,Amber Lake Y22,POST_LOT_TEST_PLAN,72_AML_Y22_MIXED_TCB_DCP,A15_ACB00022,A15_TCB006,1204,A15,Amber Lake Y22_1204
PROD CPU,TCB,BMG-G21,SAIGON,A90_AFB00009,29,BMG-G21,POST_LOT_TEST_PLAN,N5_BMG_G21_TCB_DCP,A90_AFB00009,A90_TCB203,1204,A90,BMG-G21_1204
PROD CPU,TCB,BMG-G21,SAIGON,A90_AFB00010,29,BMG-G21,POST_LOT_TEST_PLAN,N5_BMG_G21_TCB_DCP,A90_AFB00010,A90_TCB203,1204,A90,BMG-G21_1204
PROD CPU,TCB,BMG-G21,SAIGON,A90_AFB00011,29,BMG-G21,POST_LOT_TEST_PLAN,N5_BMG_G21_TCB_DCP,A90_AFB00011,A90_TCB203,1204,A90,BMG-G21_1204
PROD CPU,TCB,BMG-G21,SAIGON,A90_AFB00012,29,BMG-G21,POST_LOT_TEST_PLAN,N5_BMG_G21_TCB_DCP,A90_AFB00012,A90_TCB203,1204,A90,BMG-G21_1204
PROD CPU,TCB,BMG-G21,SAIGON,A90_AFB00081,29,BMG-G21,POST_LOT_TEST_PLAN,N5_BMG_G21_TCB_DCP,A90_AFB00081,A90_TCB215,1204,A90,BMG-G21_1204
PROD CPU,TCB,BMG-G21,SAIGON,A90_AFB00082,29,BMG-G21,POST_LOT_TEST_PLAN,N5_BMG_G21_TCB_DCP,A90_AFB00082,A90_TCB215,1204,A90,BMG-G21_1204
PROD CPU,TCB,BMG-G21,SAIGON,A90_AFB00093,29,BMG-G21,POST_LOT_TEST_PLAN,N5_BMG_G21_TCB_DCP,A90_AFB00093,A90_TCB213,1204,A90,BMG-G21_1204
PROD CPU,TCB,BMG-G21,SAIGON,A90_AFB00094,29,BMG-G21,POST_LOT_TEST_PLAN,N5_BMG_G21_TCB_DCP,A90_AFB00094,A90_TCB213,1204,A90,BMG-G21_1204
PROD CPU,TCB,BMG-G21,SAIGON,A90_AFB00095,29,BMG-G21,POST_LOT_TEST_PLAN,N5_BMG_G21_TCB_DCP,A90_AFB00095,A90_TCB213,1204,A90,BMG-G21_1204
PROD CPU,TCB,BMG-G21,SAIGON,A90_AFB00096,29,BMG-G21,POST_LOT_TEST_PLAN,N5_BMG_G21_TCB_DCP,A90_AFB00096,A90_TCB213,1204,A90,BMG-G21_1204
PROD CPU,TCB,BMG-G31,SAIGON,A90_AFB00009,22,BMG-G31,POST_LOT_TEST_PLAN,N5_BMG_G31_TCB_DCP,A90_AFB00009,A90_TCB203,1204,A90,BMG-G31_1204
PROD CPU,TCB,BMG-G31,SAIGON,A90_AFB00010,22,BMG-G31,POST_LOT_TEST_PLAN,N5_BMG_G31_TCB_DCP,A90_AFB00010,A90_TCB203,1204,A90,BMG-G31_1204
PROD CPU,TCB,BMG-G31,SAIGON,A90_AFB00011,22,BMG-G31,POST_LOT_TEST_PLAN,N5_BMG_G31_TCB_DCP,A90_AFB00011,A90_TCB203,1204,A90,BMG-G31_1204
PROD CPU,TCB,BMG-G31,SAIGON,A90_AFB00012,22,BMG-G31,POST_LOT_TEST_PLAN,N5_BMG_G31_TCB_DCP,A90_AFB00012,A90_TCB203,1204,A90,BMG-G31_1204
PROD CPU,TCB,BMG-G31,SAIGON,A90_AFB00081,22,BMG-G31,POST_LOT_TEST_PLAN,N5_BMG_G31_TCB_DCP,A90_AFB00081,A90_TCB215,1204,A90,BMG-G31_1204
PROD CPU,TCB,BMG-G31,SAIGON,A90_AFB00082,22,BMG-G31,POST_LOT_TEST_PLAN,N5_BMG_G31_TCB_DCP,A90_AFB00082,A90_TCB215,1204,A90,BMG-G31_1204
PROD CPU,TCB,BMG-G31,SAIGON,A90_AFB00093,22,BMG-G31,POST_LOT_TEST_PLAN,N5_BMG_G31_TCB_DCP,A90_AFB00093,A90_TCB213,1204,A90,BMG-G31_1204
PROD CPU,TCB,BMG-G31,SAIGON,A90_AFB00094,22,BMG-G31,POST_LOT_TEST_PLAN,N5_BMG_G31_TCB_DCP,A90_AFB00094,A90_TCB213,1204,A90,BMG-G31_1204
PROD CPU,TCB,BMG-G31,SAIGON,A90_AFB00095,22,BMG-G31,POST_LOT_TEST_PLAN,N5_BMG_G31_TCB_DCP,A90_AFB00095,A90_TCB213,1204,A90,BMG-G31_1204
PROD CPU,TCB,BMG-G31,SAIGON,A90_AFB00096,22,BMG-G31,POST_LOT_TEST_PLAN,N5_BMG_G31_TCB_DCP,A90_AFB00096,A90_TCB213,1204,A90,BMG-G31_1204
PROD CPU,TCB,BMG-G31,SAIGON,A90_AFB00118,22,BMG-G31,POST_LOT_TEST_PLAN,N5_BMG_G31_TCB_DCP,A90_AFB00118,A90_TCB217,1204,A90,BMG-G31_1204
PROD CPU,TCB,BMG-G31,SAIGON,A90_AFB00119,22,BMG-G31,POST_LOT_TEST_PLAN,N5_BMG_G31_TCB_DCP,A90_AFB00119,A90_TCB217,1204,A90,BMG-G31_1204
PROD CPU,TCB,BMG-G31,SAIGON,A90_AFB00120,22,BMG-G31,POST_LOT_TEST_PLAN,N5_BMG_G31_TCB_DCP,A90_AFB00120,A90_TCB217,1204,A90,BMG-G31_1204
PROD CPU,TCB,BMG-G31,SAIGON,A90_AFB00121,22,BMG-G31,POST_LOT_TEST_PLAN,N5_BMG_G31_TCB_DCP,A90_AFB00121,A90_TCB217,1204,A90,BMG-G31_1204
PROD CPU,TCB,BTL S12P,SAIGON,A90_AFB00021,11,BTL S12P,POST_LOT_TEST_PLAN,74_BTL_S12P_TCB_DCP,A90_AFB00021,A90_TCB206,1204,A90,BTL S12P_1204
PROD CPU,TCB,BTL S12P,SAIGON,A90_AFB00022,11,BTL S12P,POST_LOT_TEST_PLAN,74_BTL_S12P_TCB_DCP,A90_AFB00022,A90_TCB206,1204,A90,BTL S12P_1204
PROD CPU,TCB,BTL S12P,SAIGON,A90_AFB00023,11,BTL S12P,POST_LOT_TEST_PLAN,74_BTL_S12P_TCB_DCP,A90_AFB00023,A90_TCB206,1204,A90,BTL S12P_1204
PROD CPU,TCB,BTL S12P,SAIGON,A90_AFB00024,11,BTL S12P,POST_LOT_TEST_PLAN,74_BTL_S12P_TCB_DCP,A90_AFB00024,A90_TCB206,1204,A90,BTL S12P_1204
PROD CPU,TCB,BTL S12P,SAIGON,A90_AFB00097,11,BTL S12P,POST_LOT_TEST_PLAN,74_BTL_S12P_TCB_DCP,A90_AFB00097,A90_TCB214,1204,A90,BTL S12P_1204
PROD CPU,TCB,BTL S12P,SAIGON,A90_AFB00098,11,BTL S12P,POST_LOT_TEST_PLAN,74_BTL_S12P_TCB_DCP,A90_AFB00098,A90_TCB214,1204,A90,BTL S12P_1204
PROD CPU,TCB,BTL S12P,SAIGON,A90_AFB00099,11,BTL S12P,POST_LOT_TEST_PLAN,74_BTL_S12P_TCB_DCP,A90_AFB00099,A90_TCB214,1204,A90,BTL S12P_1204
PROD CPU,TCB,BTL S12P,SAIGON,A90_AFB00100,11,BTL S12P,POST_LOT_TEST_PLAN,74_BTL_S12P_TCB_DCP,A90_AFB00100,A90_TCB214,1204,A90,BTL S12P_1204
PROD CPU,TCB,BTL S12P,SAIGON,A90_AFB00122,11,BTL S12P,POST_LOT_TEST_PLAN,74_BTL_S12P_TCB_DCP,A90_AFB00122,A90_TCB216,1204,A90,BTL S12P_1204
PROD CPU,TCB,BTL S12P,SAIGON,A90_AFB00123,11,BTL S12P,POST_LOT_TEST_PLAN,74_BTL_S12P_TCB_DCP,A90_AFB00123,A90_TCB216,1204,A90,BTL S12P_1204
PROD CPU,TCB,BTL S12P,SAIGON,A90_AFB00124,11,BTL S12P,POST_LOT_TEST_PLAN,74_BTL_S12P_TCB_DCP,A90_AFB00124,A90_TCB216,1204,A90,BTL S12P_1204
PROD CPU,TCB,BTL S12P,SAIGON,A90_AFB00125,11,BTL S12P,POST_LOT_TEST_PLAN,74_BTL_S12P_TCB_DCP,A90_AFB00125,A90_TCB216,1204,A90,BTL S12P_1204
PROD CPU,TCB,Broadwell 23 ULT WPT 170,CHENGDU6,A48_ACB70005,146,Broadwell 23 ULT WPT 170,POST_LOT_TEST_PLAN,72_BDW_ULT2+3_MIXED_TCB_DCP,A48_ACB70005,A48_TCB702,1204,A48,Broadwell 23 ULT WPT 170_1204
PROD CPU,TCB,Broadwell 23 ULT WPT 170,CHENGDU6,A48_ACB70006,146,Broadwell 23 ULT WPT 170,POST_LOT_TEST_PLAN,72_BDW_ULT2+3_MIXED_TCB_DCP,A48_ACB70006,A48_TCB702,1204,A48,Broadwell 23 ULT WPT 170_1204
PROD CPU,TCB,Broadwell 23 ULT WPT 170,CHENGDU6,A48_ACB70007,146,Broadwell 23 ULT WPT 170,POST_LOT_TEST_PLAN,72_BDW_ULT2+3_MIXED_TCB_DCP,A48_ACB70007,A48_TCB702,1204,A48,Broadwell 23 ULT WPT 170_1204
PROD CPU,TCB,Broadwell 23 ULT WPT 170,CHENGDU6,A48_ACB70008,146,Broadwell 23 ULT WPT 170,POST_LOT_TEST_PLAN,72_BDW_ULT2+3_MIXED_TCB_DCP,A48_ACB70008,A48_TCB702,1204,A48,Broadwell 23 ULT WPT 170_1204
PROD CPU,TCB,Broadwell 23 ULT WPT 170,CHENGDU6,A48_ACB70025,146,Broadwell 23 ULT WPT 170,POST_LOT_TEST_PLAN,72_BDW_ULT2+3_MIXED_TCB_DCP,A48_ACB70025,A48_TCB707,1204,A48,Broadwell 23 ULT WPT 170_1204
PROD CPU,TCB,Broadwell 23 ULT WPT 170,CHENGDU6,A48_ACB70026,146,Broadwell 23 ULT WPT 170,POST_LOT_TEST_PLAN,72_BDW_ULT2+3_MIXED_TCB_DCP,A48_ACB70026,A48_TCB707,1204,A48,Broadwell 23 ULT WPT 170_1204
PROD CPU,TCB,Broadwell 23 ULT WPT 170,CHENGDU6,A48_ACB70027,146,Broadwell 23 ULT WPT 170,POST_LOT_TEST_PLAN,72_BDW_ULT2+3_MIXED_TCB_DCP,A48_ACB70027,A48_TCB707,1204,A48,Broadwell 23 ULT WPT 170_1204
PROD CPU,TCB,Broadwell 23 ULT WPT 170,CHENGDU6,A48_ACB70028,146,Broadwell 23 ULT WPT 170,POST_LOT_TEST_PLAN,72_BDW_ULT2+3_MIXED_TCB_DCP,A48_ACB70028,A48_TCB707,1204,A48,Broadwell 23 ULT WPT 170_1204
PROD CPU,TCB,Broadwell LCC EP,PENANG;KULIM5;,A01_ACB80101,104,Broadwell LCC EP,POST_LOT_TEST_PLAN,72_BDW_EP_LCC_TCB_DCP,A01_ACB80101,A01_TCB801,1204,A01,Broadwell LCC EP_1204
PROD CPU,TCB,Broadwell LCC EP,PENANG;KULIM5;,A01_ACB80102,104,Broadwell LCC EP,POST_LOT_TEST_PLAN,72_BDW_EP_LCC_TCB_DCP,A01_ACB80102,A01_TCB801,1204,A01,Broadwell LCC EP_1204
PROD CPU,TCB,Broadwell LCC EP,PENANG;KULIM5;,A01_ACB80201,104,Broadwell LCC EP,POST_LOT_TEST_PLAN,72_BDW_EP_LCC_TCB_DCP,A01_ACB80201,A01_TCB802,1204,A01,Broadwell LCC EP_1204
PROD CPU,TCB,Broadwell LCC EP,PENANG;KULIM5;,A01_ACB80202,104,Broadwell LCC EP,POST_LOT_TEST_PLAN,72_BDW_EP_LCC_TCB_DCP,A01_ACB80202,A01_TCB802,1204,A01,Broadwell LCC EP_1204
PROD CPU,TCB,Broadwell LCC EP,PENANG;KULIM5;,A01_ACB80401,104,Broadwell LCC EP,POST_LOT_TEST_PLAN,72_BDW_EP_LCC_TCB_DCP,A01_ACB80401,A01_TCB804,1204,A01,Broadwell LCC EP_1204
PROD CPU,TCB,Broadwell LCC EP,PENANG;KULIM5;,A01_ACB80402,104,Broadwell LCC EP,POST_LOT_TEST_PLAN,72_BDW_EP_LCC_TCB_DCP,A01_ACB80402,A01_TCB804,1204,A01,Broadwell LCC EP_1204
PROD CPU,TCB,Broadwell LCC EP,PENANG;KULIM5;,A15_ACB00021,104,Broadwell LCC EP,POST_LOT_TEST_PLAN,72_BDW_EP_LCC_TCB_DCP,A15_ACB00021,A15_TCB006,1204,A15,Broadwell LCC EP_1204
PROD CPU,TCB,Broadwell LCC EP,PENANG;KULIM5;,A15_ACB00022,104,Broadwell LCC EP,POST_LOT_TEST_PLAN,72_BDW_EP_LCC_TCB_DCP,A15_ACB00022,A15_TCB006,1204,A15,Broadwell LCC EP_1204
PROD CPU,TCB,Broadwell-EP HCC PoINT,PENANG,A01_ACB80801,148,Broadwell-EP HCC PoINT,POST_LOT_TEST_PLAN,72_BDW_EP_HCC_TCB_DCP,A01_ACB80801,A01_TCB808,1204,A01,Broadwell-EP HCC PoINT_1204
PROD CPU,TCB,Broadwell-EP HCC PoINT,PENANG,A01_ACB80802,148,Broadwell-EP HCC PoINT,POST_LOT_TEST_PLAN,72_BDW_EP_HCC_TCB_DCP,A01_ACB80802,A01_TCB808,1204,A01,Broadwell-EP HCC PoINT_1204
PROD CPU,TCB,Broadwell-EP MCC PoINT,PENANG,A01_ACB80801,120,Broadwell-EP MCC PoINT,POST_LOT_TEST_PLAN,72_BDW_EP_MCC_TCB_DCP,A01_ACB80801,A01_TCB808,1204,A01,Broadwell-EP MCC PoINT_1204
PROD CPU,TCB,Broadwell-EP MCC PoINT,PENANG,A01_ACB80802,120,Broadwell-EP MCC PoINT,POST_LOT_TEST_PLAN,72_BDW_EP_MCC_TCB_DCP,A01_ACB80802,A01_TCB808,1204,A01,Broadwell-EP MCC PoINT_1204
PROD CPU,TCB,C710,CHENGDU6,A48_ACB70029,36,C710,POST_LOT_TEST_PLAN,N7_FOUNDRY_C710_TCB_DCP,A48_ACB70029,A48_TCB708,1204,A48,C710_1204
PROD CPU,TCB,C710,CHENGDU6,A48_ACB70030,36,C710,POST_LOT_TEST_PLAN,N7_FOUNDRY_C710_TCB_DCP,A48_ACB70030,A48_TCB708,1204,A48,C710_1204
PROD CPU,TCB,C710,CHENGDU6,A48_ACB70031,36,C710,POST_LOT_TEST_PLAN,N7_FOUNDRY_C710_TCB_DCP,A48_ACB70031,A48_TCB708,1204,A48,C710_1204
PROD CPU,TCB,C710,CHENGDU6,A48_ACB70032,36,C710,POST_LOT_TEST_PLAN,N7_FOUNDRY_C710_TCB_DCP,A48_ACB70032,A48_TCB708,1204,A48,C710_1204
PROD CPU,TCB,C710,CHENGDU6,A48_AFB70017,36,C710,POST_LOT_TEST_PLAN,N7_FOUNDRY_C710_TCB_DCP,A48_AFB70017,A48_TCB713,1204,A48,C710_1204
PROD CPU,TCB,C710,CHENGDU6,A48_AFB70018,36,C710,POST_LOT_TEST_PLAN,N7_FOUNDRY_C710_TCB_DCP,A48_AFB70018,A48_TCB713,1204,A48,C710_1204
PROD CPU,TCB,C710,CHENGDU6,A48_AFB70019,36,C710,POST_LOT_TEST_PLAN,N7_FOUNDRY_C710_TCB_DCP,A48_AFB70019,A48_TCB713,1204,A48,C710_1204
PROD CPU,TCB,C710,CHENGDU6,A48_AFB70020,36,C710,POST_LOT_TEST_PLAN,N7_FOUNDRY_C710_TCB_DCP,A48_AFB70020,A48_TCB713,1204,A48,C710_1204
PROD CPU,TCB,CASCADE LAKE AP,PENANG,A01_ACB80501,53,CASCADE LAKE AP,POST_LOT_TEST_PLAN,72_CLX_AP_TCB_DCP,A01_ACB80501,A01_TCB805,1204,A01,CASCADE LAKE AP_1204
PROD CPU,TCB,CASCADE LAKE AP,PENANG,A01_ACB80502,53,CASCADE LAKE AP,POST_LOT_TEST_PLAN,72_CLX_AP_TCB_DCP,A01_ACB80502,A01_TCB805,1204,A01,CASCADE LAKE AP_1204
PROD CPU,TCB,CASCADE LAKE AP,PENANG,A01_ACB80801,53,CASCADE LAKE AP,POST_LOT_TEST_PLAN,72_CLX_AP_TCB_DCP,A01_ACB80801,A01_TCB808,1204,A01,CASCADE LAKE AP_1204
PROD CPU,TCB,CASCADE LAKE AP,PENANG,A01_ACB80802,53,CASCADE LAKE AP,POST_LOT_TEST_PLAN,72_CLX_AP_TCB_DCP,A01_ACB80802,A01_TCB808,1204,A01,CASCADE LAKE AP_1204
PROD CPU,TCB,CASCADE LAKE XCC,PENANG,A01_ACB80401,109,CASCADE LAKE XCC,POST_LOT_TEST_PLAN,72_CLX_XCC_TCB_DCP,A01_ACB80401,A01_TCB804,1204,A01,CASCADE LAKE XCC_1204
PROD CPU,TCB,CASCADE LAKE XCC,PENANG,A01_ACB80402,109,CASCADE LAKE XCC,POST_LOT_TEST_PLAN,72_CLX_XCC_TCB_DCP,A01_ACB80402,A01_TCB804,1204,A01,CASCADE LAKE XCC_1204
PROD CPU,TCB,CASCADE LAKE XCC,PENANG,A01_ACB80801,109,CASCADE LAKE XCC,POST_LOT_TEST_PLAN,72_CLX_XCC_TCB_DCP,A01_ACB80801,A01_TCB808,1204,A01,CASCADE LAKE XCC_1204
PROD CPU,TCB,CASCADE LAKE XCC,PENANG,A01_ACB80802,109,CASCADE LAKE XCC,POST_LOT_TEST_PLAN,72_CLX_XCC_TCB_DCP,A01_ACB80802,A01_TCB808,1204,A01,CASCADE LAKE XCC_1204
PROD CPU,TCB,CASCADE LAKE XCC,PENANG,A01_ACB80901,109,CASCADE LAKE XCC,POST_LOT_TEST_PLAN,72_CLX_XCC_TCB_DCP,A01_ACB80901,A01_TCB809,1204,A01,CASCADE LAKE XCC_1204
PROD CPU,TCB,CASCADE LAKE XCC,PENANG,A01_ACB80902,109,CASCADE LAKE XCC,POST_LOT_TEST_PLAN,72_CLX_XCC_TCB_DCP,A01_ACB80902,A01_TCB809,1204,A01,CASCADE LAKE XCC_1204
PROD CPU,TCB,CASCADE LAKE XCC,PENANG,A01_ACB81001,109,CASCADE LAKE XCC,POST_LOT_TEST_PLAN,72_CLX_XCC_TCB_DCP,A01_ACB81001,A01_TCB810,1204,A01,CASCADE LAKE XCC_1204
PROD CPU,TCB,CASCADE LAKE XCC,PENANG,A01_ACB81002,109,CASCADE LAKE XCC,POST_LOT_TEST_PLAN,72_CLX_XCC_TCB_DCP,A01_ACB81002,A01_TCB810,1204,A01,CASCADE LAKE XCC_1204
PROD CPU,TCB,CASCADE LAKE XCC,PENANG,A01_ACB81401,109,CASCADE LAKE XCC,POST_LOT_TEST_PLAN,72_CLX_XCC_TCB_DCP,A01_ACB81401,A01_TCB814,1204,A01,CASCADE LAKE XCC_1204
PROD CPU,TCB,CASCADE LAKE XCC,PENANG,A01_ACB81402,109,CASCADE LAKE XCC,POST_LOT_TEST_PLAN,72_CLX_XCC_TCB_DCP,A01_ACB81402,A01_TCB814,1204,A01,CASCADE LAKE XCC_1204
PROD CPU,TCB,CASCADE LAKE XCC,PENANG,A01_ACB81501,109,CASCADE LAKE XCC,POST_LOT_TEST_PLAN,72_CLX_XCC_TCB_DCP,A01_ACB81501,A01_TCB815,1204,A01,CASCADE LAKE XCC_1204
PROD CPU,TCB,CASCADE LAKE XCC,PENANG,A01_ACB81502,109,CASCADE LAKE XCC,POST_LOT_TEST_PLAN,72_CLX_XCC_TCB_DCP,A01_ACB81502,A01_TCB815,1204,A01,CASCADE LAKE XCC_1204
PROD CPU,TCB,CASCADE LAKE XCC,PENANG,A01_AFB81101,109,CASCADE LAKE XCC,POST_LOT_TEST_PLAN,72_CLX_XCC_TCB_DCP,A01_AFB81101,A01_TCB811,1204,A01,CASCADE LAKE XCC_1204
PROD CPU,TCB,CASCADE LAKE XCC,PENANG,A01_AFB81102,109,CASCADE LAKE XCC,POST_LOT_TEST_PLAN,72_CLX_XCC_TCB_DCP,A01_AFB81102,A01_TCB811,1204,A01,CASCADE LAKE XCC_1204
PROD CPU,TCB,CASCADE LAKE XCC,PENANG,A01_AFB81201,109,CASCADE LAKE XCC,POST_LOT_TEST_PLAN,72_CLX_XCC_TCB_DCP,A01_AFB81201,A01_TCB812,1204,A01,CASCADE LAKE XCC_1204
PROD CPU,TCB,CASCADE LAKE XCC,PENANG,A01_AFB81202,109,CASCADE LAKE XCC,POST_LOT_TEST_PLAN,72_CLX_XCC_TCB_DCP,A01_AFB81202,A01_TCB812,1204,A01,CASCADE LAKE XCC_1204
PROD CPU,TCB,CASCADE LAKE XCC,PENANG,A01_AFB81301,109,CASCADE LAKE XCC,POST_LOT_TEST_PLAN,72_CLX_XCC_TCB_DCP,A01_AFB81301,A01_TCB813,1204,A01,CASCADE LAKE XCC_1204
PROD CPU,TCB,CASCADE LAKE XCC,PENANG,A01_AFB81302,109,CASCADE LAKE XCC,POST_LOT_TEST_PLAN,72_CLX_XCC_TCB_DCP,A01_AFB81302,A01_TCB813,1204,A01,CASCADE LAKE XCC_1204
PROD CPU,TCB,CASCADE LAKE XCC,PENANG,A01_AFB81601,109,CASCADE LAKE XCC,POST_LOT_TEST_PLAN,72_CLX_XCC_TCB_DCP,A01_AFB81601,A01_TCB816,1204,A01,CASCADE LAKE XCC_1204
PROD CPU,TCB,CASCADE LAKE XCC,PENANG,A01_AFB81602,109,CASCADE LAKE XCC,POST_LOT_TEST_PLAN,72_CLX_XCC_TCB_DCP,A01_AFB81602,A01_TCB816,1204,A01,CASCADE LAKE XCC_1204
PROD CPU,TCB,CASCADE LAKE XCC,PENANG,A01_AFB81603,109,CASCADE LAKE XCC,POST_LOT_TEST_PLAN,72_CLX_XCC_TCB_DCP,A01_AFB81603,A01_TCB816,1204,A01,CASCADE LAKE XCC_1204
PROD CPU,TCB,CASCADE LAKE XCC,PENANG,A01_AFB81604,109,CASCADE LAKE XCC,POST_LOT_TEST_PLAN,72_CLX_XCC_TCB_DCP,A01_AFB81604,A01_TCB816,1204,A01,CASCADE LAKE XCC_1204
PROD CPU,TCB,CASCADE LAKE XCC,PENANG,A01_AFB81701,109,CASCADE LAKE XCC,POST_LOT_TEST_PLAN,72_CLX_XCC_TCB_DCP,A01_AFB81701,A01_TCB817,1204,A01,CASCADE LAKE XCC_1204
PROD CPU,TCB,CASCADE LAKE XCC,PENANG,A01_AFB81702,109,CASCADE LAKE XCC,POST_LOT_TEST_PLAN,72_CLX_XCC_TCB_DCP,A01_AFB81702,A01_TCB817,1204,A01,CASCADE LAKE XCC_1204
PROD CPU,TCB,CASCADE LAKE XCC,PENANG,A01_AFB81703,109,CASCADE LAKE XCC,POST_LOT_TEST_PLAN,72_CLX_XCC_TCB_DCP,A01_AFB81703,A01_TCB817,1204,A01,CASCADE LAKE XCC_1204
PROD CPU,TCB,CASCADE LAKE XCC,PENANG,A01_AFB81704,109,CASCADE LAKE XCC,POST_LOT_TEST_PLAN,72_CLX_XCC_TCB_DCP,A01_AFB81704,A01_TCB817,1204,A01,CASCADE LAKE XCC_1204
PROD CPU,TCB,CLEARWATER FOREST B0,"KULIM5;CHANDLER, ARIZONA;",A15_TCK51201,23,CLEARWATER FOREST B0,POST_LOT_TEST_PLAN,78_CWF_FA_TSX_DCP,A15_TCK51201,A15_TSX512,2511,A15,CLEARWATER FOREST B0_2511
PROD CPU,TCB,CLEARWATER FOREST B0,"KULIM5;CHANDLER, ARIZONA;",A15_TCK51301,23,CLEARWATER FOREST B0,POST_LOT_TEST_PLAN,78_CWF_FA_TSX_DCP,A15_TCK51301,A15_TSX513,2511,A15,CLEARWATER FOREST B0_2511
PROD CPU,TCB,CML U42,SAIGON,A90_AFB00037,70,CML U42,POST_LOT_TEST_PLAN,72_CML_U42_MIXED_TCB_DCP,A90_AFB00037,A90_TCB210,1204,A90,CML U42_1204
PROD CPU,TCB,CML U42,SAIGON,A90_AFB00038,70,CML U42,POST_LOT_TEST_PLAN,72_CML_U42_MIXED_TCB_DCP,A90_AFB00038,A90_TCB210,1204,A90,CML U42_1204
PROD CPU,TCB,CML U42,SAIGON,A90_AFB00039,70,CML U42,POST_LOT_TEST_PLAN,72_CML_U42_MIXED_TCB_DCP,A90_AFB00039,A90_TCB210,1204,A90,CML U42_1204
PROD CPU,TCB,CML U42,SAIGON,A90_AFB00040,70,CML U42,POST_LOT_TEST_PLAN,72_CML_U42_MIXED_TCB_DCP,A90_AFB00040,A90_TCB210,1204,A90,CML U42_1204
PROD CPU,TCB,CML U42,SAIGON,A90_AFB00081,70,CML U42,POST_LOT_TEST_PLAN,72_CML_U42_MIXED_TCB_DCP,A90_AFB00081,A90_TCB215,1204,A90,CML U42_1204
PROD CPU,TCB,CML U42,SAIGON,A90_AFB00082,70,CML U42,POST_LOT_TEST_PLAN,72_CML_U42_MIXED_TCB_DCP,A90_AFB00082,A90_TCB215,1204,A90,CML U42_1204
PROD CPU,TCB,CML U42,SAIGON,A90_AFB00093,70,CML U42,POST_LOT_TEST_PLAN,72_CML_U42_MIXED_TCB_DCP,A90_AFB00093,A90_TCB213,1204,A90,CML U42_1204
PROD CPU,TCB,CML U42,SAIGON,A90_AFB00094,70,CML U42,POST_LOT_TEST_PLAN,72_CML_U42_MIXED_TCB_DCP,A90_AFB00094,A90_TCB213,1204,A90,CML U42_1204
PROD CPU,TCB,CML U42,SAIGON,A90_AFB00095,70,CML U42,POST_LOT_TEST_PLAN,72_CML_U42_MIXED_TCB_DCP,A90_AFB00095,A90_TCB213,1204,A90,CML U42_1204
PROD CPU,TCB,CML U42,SAIGON,A90_AFB00096,70,CML U42,POST_LOT_TEST_PLAN,72_CML_U42_MIXED_TCB_DCP,A90_AFB00096,A90_TCB213,1204,A90,CML U42_1204
PROD CPU,TCB,COMET LAKE S10 P1UL,CHENGDU6;SAIGON;,A90_AFB00021,86,COMET LAKE S10 P1UL,POST_LOT_TEST_PLAN,72_CML_S10_TCB_DCP,A90_AFB00021,A90_TCB206,1204,A90,COMET LAKE S10 P1UL_1204
PROD CPU,TCB,COMET LAKE S10 P1UL,CHENGDU6;SAIGON;,A90_AFB00022,86,COMET LAKE S10 P1UL,POST_LOT_TEST_PLAN,72_CML_S10_TCB_DCP,A90_AFB00022,A90_TCB206,1204,A90,COMET LAKE S10 P1UL_1204
PROD CPU,TCB,COMET LAKE S10 P1UL,CHENGDU6;SAIGON;,A90_AFB00023,86,COMET LAKE S10 P1UL,POST_LOT_TEST_PLAN,72_CML_S10_TCB_DCP,A90_AFB00023,A90_TCB206,1204,A90,COMET LAKE S10 P1UL_1204
PROD CPU,TCB,COMET LAKE S10 P1UL,CHENGDU6;SAIGON;,A90_AFB00024,86,COMET LAKE S10 P1UL,POST_LOT_TEST_PLAN,72_CML_S10_TCB_DCP,A90_AFB00024,A90_TCB206,1204,A90,COMET LAKE S10 P1UL_1204
PROD CPU,TCB,COMET LAKE S10 P1UL,CHENGDU6;SAIGON;,A90_AFB00069,86,COMET LAKE S10 P1UL,POST_LOT_TEST_PLAN,72_CML_S10_TCB_DCP,A90_AFB00069,A90_TCB219,1204,A90,COMET LAKE S10 P1UL_1204
PROD CPU,TCB,COMET LAKE S10 P1UL,CHENGDU6;SAIGON;,A90_AFB00070,86,COMET LAKE S10 P1UL,POST_LOT_TEST_PLAN,72_CML_S10_TCB_DCP,A90_AFB00070,A90_TCB219,1204,A90,COMET LAKE S10 P1UL_1204
PROD CPU,TCB,COMET LAKE S10 P1UL,CHENGDU6;SAIGON;,A90_AFB00071,86,COMET LAKE S10 P1UL,POST_LOT_TEST_PLAN,72_CML_S10_TCB_DCP,A90_AFB00071,A90_TCB219,1204,A90,COMET LAKE S10 P1UL_1204
PROD CPU,TCB,COMET LAKE S10 P1UL,CHENGDU6;SAIGON;,A90_AFB00072,86,COMET LAKE S10 P1UL,POST_LOT_TEST_PLAN,72_CML_S10_TCB_DCP,A90_AFB00072,A90_TCB219,1204,A90,COMET LAKE S10 P1UL_1204
PROD CPU,TCB,COMET LAKE S10 P1UL,CHENGDU6;SAIGON;,A90_AFB00081,86,COMET LAKE S10 P1UL,POST_LOT_TEST_PLAN,72_CML_S10_TCB_DCP,A90_AFB00081,A90_TCB215,1204,A90,COMET LAKE S10 P1UL_1204
PROD CPU,TCB,COMET LAKE S10 P1UL,CHENGDU6;SAIGON;,A90_AFB00082,86,COMET LAKE S10 P1UL,POST_LOT_TEST_PLAN,72_CML_S10_TCB_DCP,A90_AFB00082,A90_TCB215,1204,A90,COMET LAKE S10 P1UL_1204
PROD CPU,TCB,COMET LAKE S10 P1UL,CHENGDU6;SAIGON;,A90_AFB00093,86,COMET LAKE S10 P1UL,POST_LOT_TEST_PLAN,72_CML_S10_TCB_DCP,A90_AFB00093,A90_TCB213,1204,A90,COMET LAKE S10 P1UL_1204
PROD CPU,TCB,COMET LAKE S10 P1UL,CHENGDU6;SAIGON;,A90_AFB00094,86,COMET LAKE S10 P1UL,POST_LOT_TEST_PLAN,72_CML_S10_TCB_DCP,A90_AFB00094,A90_TCB213,1204,A90,COMET LAKE S10 P1UL_1204
PROD CPU,TCB,COMET LAKE S10 P1UL,CHENGDU6;SAIGON;,A90_AFB00095,86,COMET LAKE S10 P1UL,POST_LOT_TEST_PLAN,72_CML_S10_TCB_DCP,A90_AFB00095,A90_TCB213,1204,A90,COMET LAKE S10 P1UL_1204
PROD CPU,TCB,COMET LAKE S10 P1UL,CHENGDU6;SAIGON;,A90_AFB00096,86,COMET LAKE S10 P1UL,POST_LOT_TEST_PLAN,72_CML_S10_TCB_DCP,A90_AFB00096,A90_TCB213,1204,A90,COMET LAKE S10 P1UL_1204
PROD CPU,TCB,COMET LAKE S10 P1UL,CHENGDU6;SAIGON;,A90_AFB00118,86,COMET LAKE S10 P1UL,POST_LOT_TEST_PLAN,72_CML_S10_TCB_DCP,A90_AFB00118,A90_TCB217,1204,A90,COMET LAKE S10 P1UL_1204
PROD CPU,TCB,COMET LAKE S10 P1UL,CHENGDU6;SAIGON;,A90_AFB00119,86,COMET LAKE S10 P1UL,POST_LOT_TEST_PLAN,72_CML_S10_TCB_DCP,A90_AFB00119,A90_TCB217,1204,A90,COMET LAKE S10 P1UL_1204
PROD CPU,TCB,COMET LAKE S10 P1UL,CHENGDU6;SAIGON;,A90_AFB00120,86,COMET LAKE S10 P1UL,POST_LOT_TEST_PLAN,72_CML_S10_TCB_DCP,A90_AFB00120,A90_TCB217,1204,A90,COMET LAKE S10 P1UL_1204
PROD CPU,TCB,COMET LAKE S10 P1UL,CHENGDU6;SAIGON;,A90_AFB00121,86,COMET LAKE S10 P1UL,POST_LOT_TEST_PLAN,72_CML_S10_TCB_DCP,A90_AFB00121,A90_TCB217,1204,A90,COMET LAKE S10 P1UL_1204
PROD CPU,TCB,COOPER LAKE XCC No SHIELD,"PENANG;CHANDLER, ARIZONA;",A01_ACB80901,6,COOPER LAKE XCC No SHIELD,POST_LOT_TEST_PLAN,72_CPX_2XCC_TCB_DCP,A01_ACB80901,A01_TCB809,1204,A01,COOPER LAKE XCC No SHIELD_1204
PROD CPU,TCB,COOPER LAKE XCC No SHIELD,"PENANG;CHANDLER, ARIZONA;",A01_ACB80902,6,COOPER LAKE XCC No SHIELD,POST_LOT_TEST_PLAN,72_CPX_2XCC_TCB_DCP,A01_ACB80902,A01_TCB809,1204,A01,COOPER LAKE XCC No SHIELD_1204
PROD CPU,TCB,CRESCENT ISLAND MONO,PENANG,A01_AFB81201,8,CRESCENT ISLAND MONO,POST_LOT_TEST_PLAN,78_CRSC_ISL_TCB_DCP,A01_AFB81201,A01_TCB812,1204,A01,CRESCENT ISLAND MONO_1204
PROD CPU,TCB,CRESCENT ISLAND MONO,PENANG,A01_AFB81202,8,CRESCENT ISLAND MONO,POST_LOT_TEST_PLAN,78_CRSC_ISL_TCB_DCP,A01_AFB81202,A01_TCB812,1204,A01,CRESCENT ISLAND MONO_1204
PROD CPU,TCB,Cascade Lake HCC SKTR,PENANG,A01_ACB80801,56,Cascade Lake HCC SKTR,POST_LOT_TEST_PLAN,72_CLX_HCC_SKTR_TCB_DCP,A01_ACB80801,A01_TCB808,1204,A01,Cascade Lake HCC SKTR_1204
PROD CPU,TCB,Cascade Lake HCC SKTR,PENANG,A01_ACB80802,56,Cascade Lake HCC SKTR,POST_LOT_TEST_PLAN,72_CLX_HCC_SKTR_TCB_DCP,A01_ACB80802,A01_TCB808,1204,A01,Cascade Lake HCC SKTR_1204
PROD CPU,TCB,Cascade Lake HCC SKTR,PENANG,A01_ACB80901,56,Cascade Lake HCC SKTR,POST_LOT_TEST_PLAN,72_CLX_HCC_SKTR_TCB_DCP,A01_ACB80901,A01_TCB809,1204,A01,Cascade Lake HCC SKTR_1204
PROD CPU,TCB,Cascade Lake HCC SKTR,PENANG,A01_ACB80902,56,Cascade Lake HCC SKTR,POST_LOT_TEST_PLAN,72_CLX_HCC_SKTR_TCB_DCP,A01_ACB80902,A01_TCB809,1204,A01,Cascade Lake HCC SKTR_1204
PROD CPU,TCB,Cascade Lake HCC SKTR,PENANG,A01_AFB81101,56,Cascade Lake HCC SKTR,POST_LOT_TEST_PLAN,72_CLX_HCC_SKTR_TCB_DCP,A01_AFB81101,A01_TCB811,1204,A01,Cascade Lake HCC SKTR_1204
PROD CPU,TCB,Cascade Lake HCC SKTR,PENANG,A01_AFB81102,56,Cascade Lake HCC SKTR,POST_LOT_TEST_PLAN,72_CLX_HCC_SKTR_TCB_DCP,A01_AFB81102,A01_TCB811,1204,A01,Cascade Lake HCC SKTR_1204
PROD CPU,TCB,Cascade Lake LCC SKTP,PENANG;KULIM5;,A01_ACB80101,54,Cascade Lake LCC SKTP,POST_LOT_TEST_PLAN,72_CLX_LCC_SP_TCB_DCP,A01_ACB80101,A01_TCB801,1204,A01,Cascade Lake LCC SKTP_1204
PROD CPU,TCB,Cascade Lake LCC SKTP,PENANG;KULIM5;,A01_ACB80102,54,Cascade Lake LCC SKTP,POST_LOT_TEST_PLAN,72_CLX_LCC_SP_TCB_DCP,A01_ACB80102,A01_TCB801,1204,A01,Cascade Lake LCC SKTP_1204
PROD CPU,TCB,Cascade Lake LCC SKTP,PENANG;KULIM5;,A01_ACB80201,54,Cascade Lake LCC SKTP,POST_LOT_TEST_PLAN,72_CLX_LCC_SP_TCB_DCP,A01_ACB80201,A01_TCB802,1204,A01,Cascade Lake LCC SKTP_1204
PROD CPU,TCB,Cascade Lake LCC SKTP,PENANG;KULIM5;,A01_ACB80202,54,Cascade Lake LCC SKTP,POST_LOT_TEST_PLAN,72_CLX_LCC_SP_TCB_DCP,A01_ACB80202,A01_TCB802,1204,A01,Cascade Lake LCC SKTP_1204
PROD CPU,TCB,Cascade Lake LCC SKTP,PENANG;KULIM5;,A01_ACB80501,54,Cascade Lake LCC SKTP,POST_LOT_TEST_PLAN,72_CLX_LCC_SP_TCB_DCP,A01_ACB80501,A01_TCB805,1204,A01,Cascade Lake LCC SKTP_1204
PROD CPU,TCB,Cascade Lake LCC SKTP,PENANG;KULIM5;,A01_ACB80502,54,Cascade Lake LCC SKTP,POST_LOT_TEST_PLAN,72_CLX_LCC_SP_TCB_DCP,A01_ACB80502,A01_TCB805,1204,A01,Cascade Lake LCC SKTP_1204
PROD CPU,TCB,Cascade Lake LCC SKTP,KULIM5,A15_ACB00019,56,Cascade Lake LCC SKTP,POST_LOT_TEST_PLAN,72_CLX_LCC_SP_TCB_DCP,A15_ACB00019,A15_TCB005,1204,A15,Cascade Lake LCC SKTP_1204
PROD CPU,TCB,Cascade Lake LCC SKTP,KULIM5,A15_ACB00020,56,Cascade Lake LCC SKTP,POST_LOT_TEST_PLAN,72_CLX_LCC_SP_TCB_DCP,A15_ACB00020,A15_TCB005,1204,A15,Cascade Lake LCC SKTP_1204
PROD CPU,TCB,Cascade Lake LCC SKTP,KULIM5,A15_ACB00021,56,Cascade Lake LCC SKTP,POST_LOT_TEST_PLAN,72_CLX_LCC_SP_TCB_DCP,A15_ACB00021,A15_TCB006,1204,A15,Cascade Lake LCC SKTP_1204
PROD CPU,TCB,Cascade Lake LCC SKTP,KULIM5,A15_ACB00022,56,Cascade Lake LCC SKTP,POST_LOT_TEST_PLAN,72_CLX_LCC_SP_TCB_DCP,A15_ACB00022,A15_TCB006,1204,A15,Cascade Lake LCC SKTP_1204
PROD CPU,TCB,Cascade Lake LCC SKTR,PENANG,A01_ACB80101,35,Cascade Lake LCC SKTR,POST_LOT_TEST_PLAN,72_CLX_LCC_SR_TCB_DCP,A01_ACB80101,A01_TCB801,1204,A01,Cascade Lake LCC SKTR_1204
PROD CPU,TCB,Cascade Lake LCC SKTR,PENANG,A01_ACB80102,35,Cascade Lake LCC SKTR,POST_LOT_TEST_PLAN,72_CLX_LCC_SR_TCB_DCP,A01_ACB80102,A01_TCB801,1204,A01,Cascade Lake LCC SKTR_1204
PROD CPU,TCB,Cascade Lake LCC SKTR,PENANG,A01_ACB80201,35,Cascade Lake LCC SKTR,POST_LOT_TEST_PLAN,72_CLX_LCC_SR_TCB_DCP,A01_ACB80201,A01_TCB802,1204,A01,Cascade Lake LCC SKTR_1204
PROD CPU,TCB,Cascade Lake LCC SKTR,PENANG,A01_ACB80202,35,Cascade Lake LCC SKTR,POST_LOT_TEST_PLAN,72_CLX_LCC_SR_TCB_DCP,A01_ACB80202,A01_TCB802,1204,A01,Cascade Lake LCC SKTR_1204
PROD CPU,TCB,Cascade Lake LCC SKTR,PENANG,A01_ACB80401,35,Cascade Lake LCC SKTR,POST_LOT_TEST_PLAN,72_CLX_LCC_SR_TCB_DCP,A01_ACB80401,A01_TCB804,1204,A01,Cascade Lake LCC SKTR_1204
PROD CPU,TCB,Cascade Lake LCC SKTR,PENANG,A01_ACB80402,35,Cascade Lake LCC SKTR,POST_LOT_TEST_PLAN,72_CLX_LCC_SR_TCB_DCP,A01_ACB80402,A01_TCB804,1204,A01,Cascade Lake LCC SKTR_1204
PROD CPU,TCB,Cascade Lake LCC SKTR,PENANG,A01_ACB80501,35,Cascade Lake LCC SKTR,POST_LOT_TEST_PLAN,72_CLX_LCC_SR_TCB_DCP,A01_ACB80501,A01_TCB805,1204,A01,Cascade Lake LCC SKTR_1204
PROD CPU,TCB,Cascade Lake LCC SKTR,PENANG,A01_ACB80502,35,Cascade Lake LCC SKTR,POST_LOT_TEST_PLAN,72_CLX_LCC_SR_TCB_DCP,A01_ACB80502,A01_TCB805,1204,A01,Cascade Lake LCC SKTR_1204
PROD CPU,TCB,Cascade lake HCC SKTP,PENANG,A01_ACB80801,72,Cascade lake HCC SKTP,POST_LOT_TEST_PLAN,72_CLX_HCC_SP_TCB_DCP,A01_ACB80801,A01_TCB808,1204,A01,Cascade lake HCC SKTP_1204
PROD CPU,TCB,Cascade lake HCC SKTP,PENANG,A01_ACB80802,72,Cascade lake HCC SKTP,POST_LOT_TEST_PLAN,72_CLX_HCC_SP_TCB_DCP,A01_ACB80802,A01_TCB808,1204,A01,Cascade lake HCC SKTP_1204
PROD CPU,TCB,Cascade lake HCC SKTP,PENANG,A01_ACB80901,72,Cascade lake HCC SKTP,POST_LOT_TEST_PLAN,72_CLX_HCC_SP_TCB_DCP,A01_ACB80901,A01_TCB809,1204,A01,Cascade lake HCC SKTP_1204
PROD CPU,TCB,Cascade lake HCC SKTP,PENANG,A01_ACB80902,72,Cascade lake HCC SKTP,POST_LOT_TEST_PLAN,72_CLX_HCC_SP_TCB_DCP,A01_ACB80902,A01_TCB809,1204,A01,Cascade lake HCC SKTP_1204
PROD CPU,TCB,Cascade lake HCC SKTP,PENANG,A01_ACB81401,72,Cascade lake HCC SKTP,POST_LOT_TEST_PLAN,72_CLX_HCC_SP_TCB_DCP,A01_ACB81401,A01_TCB814,1204,A01,Cascade lake HCC SKTP_1204
PROD CPU,TCB,Cascade lake HCC SKTP,PENANG,A01_ACB81402,72,Cascade lake HCC SKTP,POST_LOT_TEST_PLAN,72_CLX_HCC_SP_TCB_DCP,A01_ACB81402,A01_TCB814,1204,A01,Cascade lake HCC SKTP_1204
PROD CPU,TCB,Cascade lake HCC SKTP,PENANG,A01_ACB81501,72,Cascade lake HCC SKTP,POST_LOT_TEST_PLAN,72_CLX_HCC_SP_TCB_DCP,A01_ACB81501,A01_TCB815,1204,A01,Cascade lake HCC SKTP_1204
PROD CPU,TCB,Cascade lake HCC SKTP,PENANG,A01_ACB81502,72,Cascade lake HCC SKTP,POST_LOT_TEST_PLAN,72_CLX_HCC_SP_TCB_DCP,A01_ACB81502,A01_TCB815,1204,A01,Cascade lake HCC SKTP_1204
PROD CPU,TCB,Clearwater Forest,"KULIM5;CHANDLER, ARIZONA;COSTA RICA;",A15_TCK51301,36,Clearwater Forest,POST_LOT_TEST_PLAN,78_CWF_FA_TSX_DCP,A15_TCK51301,A15_TSX513,2511,A15,Clearwater Forest_2511
PROD CPU,TCB,Cooper Lake,PENANG;COSTA RICA;,A01_ACB80101,80,Cooper Lake,POST_LOT_TEST_PLAN,72_CPX_PRIME_TCB_DCP,A01_ACB80101,A01_TCB801,1204,A01,Cooper Lake_1204
PROD CPU,TCB,Cooper Lake,PENANG;COSTA RICA;,A01_ACB80102,80,Cooper Lake,POST_LOT_TEST_PLAN,72_CPX_PRIME_TCB_DCP,A01_ACB80102,A01_TCB801,1204,A01,Cooper Lake_1204
PROD CPU,TCB,Cooper Lake,PENANG;COSTA RICA;,A01_ACB80901,80,Cooper Lake,POST_LOT_TEST_PLAN,72_CPX_PRIME_TCB_DCP,A01_ACB80901,A01_TCB809,1204,A01,Cooper Lake_1204
PROD CPU,TCB,Cooper Lake,PENANG;COSTA RICA;,A01_ACB80902,80,Cooper Lake,POST_LOT_TEST_PLAN,72_CPX_PRIME_TCB_DCP,A01_ACB80902,A01_TCB809,1204,A01,Cooper Lake_1204
PROD CPU,TCB,Cooper Lake,PENANG;COSTA RICA;,A01_ACB81401,80,Cooper Lake,POST_LOT_TEST_PLAN,72_CPX_PRIME_TCB_DCP,A01_ACB81401,A01_TCB814,1204,A01,Cooper Lake_1204
PROD CPU,TCB,Cooper Lake,PENANG;COSTA RICA;,A01_ACB81402,80,Cooper Lake,POST_LOT_TEST_PLAN,72_CPX_PRIME_TCB_DCP,A01_ACB81402,A01_TCB814,1204,A01,Cooper Lake_1204
PROD CPU,TCB,Cooper Lake,PENANG;COSTA RICA;,A01_AFB81101,80,Cooper Lake,POST_LOT_TEST_PLAN,72_CPX_PRIME_TCB_DCP,A01_AFB81101,A01_TCB811,1204,A01,Cooper Lake_1204
PROD CPU,TCB,Cooper Lake,PENANG;COSTA RICA;,A01_AFB81102,80,Cooper Lake,POST_LOT_TEST_PLAN,72_CPX_PRIME_TCB_DCP,A01_AFB81102,A01_TCB811,1204,A01,Cooper Lake_1204
PROD CPU,TCB,Cooper Lake,PENANG;COSTA RICA;,A01_AFB81301,80,Cooper Lake,POST_LOT_TEST_PLAN,72_CPX_PRIME_TCB_DCP,A01_AFB81301,A01_TCB813,1204,A01,Cooper Lake_1204
PROD CPU,TCB,Cooper Lake,PENANG;COSTA RICA;,A01_AFB81302,80,Cooper Lake,POST_LOT_TEST_PLAN,72_CPX_PRIME_TCB_DCP,A01_AFB81302,A01_TCB813,1204,A01,Cooper Lake_1204
PROD CPU,TCB,Cooper Lake,PENANG;COSTA RICA;,A01_AFB81601,80,Cooper Lake,POST_LOT_TEST_PLAN,72_CPX_PRIME_TCB_DCP,A01_AFB81601,A01_TCB816,1204,A01,Cooper Lake_1204
PROD CPU,TCB,Cooper Lake,PENANG;COSTA RICA;,A01_AFB81602,80,Cooper Lake,POST_LOT_TEST_PLAN,72_CPX_PRIME_TCB_DCP,A01_AFB81602,A01_TCB816,1204,A01,Cooper Lake_1204
PROD CPU,TCB,Cooper Lake,PENANG;COSTA RICA;,A01_AFB81603,80,Cooper Lake,POST_LOT_TEST_PLAN,72_CPX_PRIME_TCB_DCP,A01_AFB81603,A01_TCB816,1204,A01,Cooper Lake_1204
PROD CPU,TCB,Cooper Lake,PENANG;COSTA RICA;,A01_AFB81604,80,Cooper Lake,POST_LOT_TEST_PLAN,72_CPX_PRIME_TCB_DCP,A01_AFB81604,A01_TCB816,1204,A01,Cooper Lake_1204
PROD CPU,TCB,DANA HILL,PENANG,A01_ACB80501,31,DANA HILL,POST_LOT_TEST_PLAN,74_SNR_BST_HCC_TCB_DCP,A01_ACB80501,A01_TCB805,1204,A01,DANA HILL_1204
PROD CPU,TCB,DANA HILL,PENANG,A01_ACB80502,31,DANA HILL,POST_LOT_TEST_PLAN,74_SNR_BST_HCC_TCB_DCP,A01_ACB80502,A01_TCB805,1204,A01,DANA HILL_1204
PROD CPU,TCB,DANA HILLS,PENANG,A01_ACB80501,36,DANA HILLS,POST_LOT_TEST_PLAN,74_DHILL_TCB_DCP,A01_ACB80501,A01_TCB805,1204,A01,DANA HILLS_1204
PROD CPU,TCB,DANA HILLS,PENANG,A01_ACB80502,36,DANA HILLS,POST_LOT_TEST_PLAN,74_DHILL_TCB_DCP,A01_ACB80502,A01_TCB805,1204,A01,DANA HILLS_1204
PROD CPU,TCB,DANA HILLS B0,PENANG,A01_ACB80501,76,DANA HILLS B0,POST_LOT_TEST_PLAN,74_DHILL_TCB_DCP,A01_ACB80501,A01_TCB805,1204,A01,DANA HILLS B0_1204
PROD CPU,TCB,DANA HILLS B0,PENANG,A01_ACB80502,76,DANA HILLS B0,POST_LOT_TEST_PLAN,74_DHILL_TCB_DCP,A01_ACB80502,A01_TCB805,1204,A01,DANA HILLS B0_1204
PROD CPU,TCB,DANA HILLS B0,PENANG,A01_ACB80801,76,DANA HILLS B0,POST_LOT_TEST_PLAN,74_DHILL_TCB_DCP,A01_ACB80801,A01_TCB808,1204,A01,DANA HILLS B0_1204
PROD CPU,TCB,DANA HILLS B0,PENANG,A01_ACB80802,76,DANA HILLS B0,POST_LOT_TEST_PLAN,74_DHILL_TCB_DCP,A01_ACB80802,A01_TCB808,1204,A01,DANA HILLS B0_1204
PROD CPU,TCB,DANA HILLS B0,PENANG,A01_AFB81301,76,DANA HILLS B0,POST_LOT_TEST_PLAN,74_DHILL_TCB_DCP,A01_AFB81301,A01_TCB813,1204,A01,DANA HILLS B0_1204
PROD CPU,TCB,DANA HILLS B0,PENANG,A01_AFB81302,76,DANA HILLS B0,POST_LOT_TEST_PLAN,74_DHILL_TCB_DCP,A01_AFB81302,A01_TCB813,1204,A01,DANA HILLS B0_1204
PROD CPU,TCB,DANA HILLS SL,PENANG,A01_ACB80501,51,DANA HILLS SL,POST_LOT_TEST_PLAN,74_DHILL_SL_TCB_DCP,A01_ACB80501,A01_TCB805,1204,A01,DANA HILLS SL_1204
PROD CPU,TCB,DANA HILLS SL,PENANG,A01_ACB80502,51,DANA HILLS SL,POST_LOT_TEST_PLAN,74_DHILL_SL_TCB_DCP,A01_ACB80502,A01_TCB805,1204,A01,DANA HILLS SL_1204
PROD CPU,TCB,DANA HILLS SL,PENANG,A01_AFB81301,51,DANA HILLS SL,POST_LOT_TEST_PLAN,74_DHILL_SL_TCB_DCP,A01_AFB81301,A01_TCB813,1204,A01,DANA HILLS SL_1204
PROD CPU,TCB,DANA HILLS SL,PENANG,A01_AFB81302,51,DANA HILLS SL,POST_LOT_TEST_PLAN,74_DHILL_SL_TCB_DCP,A01_AFB81302,A01_TCB813,1204,A01,DANA HILLS SL_1204
PROD CPU,TCB,DG2-128,SAIGON,A90_AFB00009,76,DG2-128,POST_LOT_TEST_PLAN,N7_DG2_128_TCB_DCP,A90_AFB00009,A90_TCB203,1204,A90,DG2-128_1204
PROD CPU,TCB,DG2-128,SAIGON,A90_AFB00010,76,DG2-128,POST_LOT_TEST_PLAN,N7_DG2_128_TCB_DCP,A90_AFB00010,A90_TCB203,1204,A90,DG2-128_1204
PROD CPU,TCB,DG2-128,SAIGON,A90_AFB00011,76,DG2-128,POST_LOT_TEST_PLAN,N7_DG2_128_TCB_DCP,A90_AFB00011,A90_TCB203,1204,A90,DG2-128_1204
PROD CPU,TCB,DG2-128,SAIGON,A90_AFB00012,76,DG2-128,POST_LOT_TEST_PLAN,N7_DG2_128_TCB_DCP,A90_AFB00012,A90_TCB203,1204,A90,DG2-128_1204
PROD CPU,TCB,DG2-128,SAIGON,A90_AFB00025,76,DG2-128,POST_LOT_TEST_PLAN,N7_DG2_128_TCB_DCP,A90_AFB00025,A90_TCB207,1204,A90,DG2-128_1204
PROD CPU,TCB,DG2-128,SAIGON,A90_AFB00026,76,DG2-128,POST_LOT_TEST_PLAN,N7_DG2_128_TCB_DCP,A90_AFB00026,A90_TCB207,1204,A90,DG2-128_1204
PROD CPU,TCB,DG2-128,SAIGON,A90_AFB00027,76,DG2-128,POST_LOT_TEST_PLAN,N7_DG2_128_TCB_DCP,A90_AFB00027,A90_TCB207,1204,A90,DG2-128_1204
PROD CPU,TCB,DG2-128,SAIGON,A90_AFB00028,76,DG2-128,POST_LOT_TEST_PLAN,N7_DG2_128_TCB_DCP,A90_AFB00028,A90_TCB207,1204,A90,DG2-128_1204
PROD CPU,TCB,DG2-128,SAIGON,A90_AFB00029,76,DG2-128,POST_LOT_TEST_PLAN,N7_DG2_128_TCB_DCP,A90_AFB00029,A90_TCB208,1204,A90,DG2-128_1204
PROD CPU,TCB,DG2-128,SAIGON,A90_AFB00030,76,DG2-128,POST_LOT_TEST_PLAN,N7_DG2_128_TCB_DCP,A90_AFB00030,A90_TCB208,1204,A90,DG2-128_1204
PROD CPU,TCB,DG2-128,SAIGON,A90_AFB00031,76,DG2-128,POST_LOT_TEST_PLAN,N7_DG2_128_TCB_DCP,A90_AFB00031,A90_TCB208,1204,A90,DG2-128_1204
PROD CPU,TCB,DG2-128,SAIGON,A90_AFB00032,76,DG2-128,POST_LOT_TEST_PLAN,N7_DG2_128_TCB_DCP,A90_AFB00032,A90_TCB208,1204,A90,DG2-128_1204
PROD CPU,TCB,DG2-128,SAIGON,A90_AFB00081,76,DG2-128,POST_LOT_TEST_PLAN,N7_DG2_128_TCB_DCP,A90_AFB00081,A90_TCB215,1204,A90,DG2-128_1204
PROD CPU,TCB,DG2-128,SAIGON,A90_AFB00082,76,DG2-128,POST_LOT_TEST_PLAN,N7_DG2_128_TCB_DCP,A90_AFB00082,A90_TCB215,1204,A90,DG2-128_1204
PROD CPU,TCB,DG2-128,SAIGON,A90_AFB00118,76,DG2-128,POST_LOT_TEST_PLAN,N7_DG2_128_TCB_DCP,A90_AFB00118,A90_TCB217,1204,A90,DG2-128_1204
PROD CPU,TCB,DG2-128,SAIGON,A90_AFB00119,76,DG2-128,POST_LOT_TEST_PLAN,N7_DG2_128_TCB_DCP,A90_AFB00119,A90_TCB217,1204,A90,DG2-128_1204
PROD CPU,TCB,DG2-128,SAIGON,A90_AFB00120,76,DG2-128,POST_LOT_TEST_PLAN,N7_DG2_128_TCB_DCP,A90_AFB00120,A90_TCB217,1204,A90,DG2-128_1204
PROD CPU,TCB,DG2-128,SAIGON,A90_AFB00121,76,DG2-128,POST_LOT_TEST_PLAN,N7_DG2_128_TCB_DCP,A90_AFB00121,A90_TCB217,1204,A90,DG2-128_1204
PROD CPU,TCB,DG2-256,SAIGON,A90_AFB00001,34,DG2-256,POST_LOT_TEST_PLAN,N7_DG2_256_TCB_DCP,A90_AFB00001,A90_TCB201,1204,A90,DG2-256_1204
PROD CPU,TCB,DG2-256,SAIGON,A90_AFB00002,34,DG2-256,POST_LOT_TEST_PLAN,N7_DG2_256_TCB_DCP,A90_AFB00002,A90_TCB201,1204,A90,DG2-256_1204
PROD CPU,TCB,DG2-256,SAIGON,A90_AFB00003,34,DG2-256,POST_LOT_TEST_PLAN,N7_DG2_256_TCB_DCP,A90_AFB00003,A90_TCB201,1204,A90,DG2-256_1204
PROD CPU,TCB,DG2-256,SAIGON,A90_AFB00004,34,DG2-256,POST_LOT_TEST_PLAN,N7_DG2_256_TCB_DCP,A90_AFB00004,A90_TCB201,1204,A90,DG2-256_1204
PROD CPU,TCB,DG2-256,SAIGON,A90_AFB00081,34,DG2-256,POST_LOT_TEST_PLAN,N7_DG2_256_TCB_DCP,A90_AFB00081,A90_TCB215,1204,A90,DG2-256_1204
PROD CPU,TCB,DG2-256,SAIGON,A90_AFB00082,34,DG2-256,POST_LOT_TEST_PLAN,N7_DG2_256_TCB_DCP,A90_AFB00082,A90_TCB215,1204,A90,DG2-256_1204
PROD CPU,TCB,DG2-512-B0,SAIGON,A90_AFB00009,59,DG2-512-B0,POST_LOT_TEST_PLAN,N7_DG2_512_TCB_DCP,A90_AFB00009,A90_TCB203,1204,A90,DG2-512-B0_1204
PROD CPU,TCB,DG2-512-B0,SAIGON,A90_AFB00010,59,DG2-512-B0,POST_LOT_TEST_PLAN,N7_DG2_512_TCB_DCP,A90_AFB00010,A90_TCB203,1204,A90,DG2-512-B0_1204
PROD CPU,TCB,DG2-512-B0,SAIGON,A90_AFB00011,59,DG2-512-B0,POST_LOT_TEST_PLAN,N7_DG2_512_TCB_DCP,A90_AFB00011,A90_TCB203,1204,A90,DG2-512-B0_1204
PROD CPU,TCB,DG2-512-B0,SAIGON,A90_AFB00012,59,DG2-512-B0,POST_LOT_TEST_PLAN,N7_DG2_512_TCB_DCP,A90_AFB00012,A90_TCB203,1204,A90,DG2-512-B0_1204
PROD CPU,TCB,DG2-512-B0,SAIGON,A90_AFB00029,59,DG2-512-B0,POST_LOT_TEST_PLAN,N7_DG2_512_TCB_DCP,A90_AFB00029,A90_TCB208,1204,A90,DG2-512-B0_1204
PROD CPU,TCB,DG2-512-B0,SAIGON,A90_AFB00030,59,DG2-512-B0,POST_LOT_TEST_PLAN,N7_DG2_512_TCB_DCP,A90_AFB00030,A90_TCB208,1204,A90,DG2-512-B0_1204
PROD CPU,TCB,DG2-512-B0,SAIGON,A90_AFB00031,59,DG2-512-B0,POST_LOT_TEST_PLAN,N7_DG2_512_TCB_DCP,A90_AFB00031,A90_TCB208,1204,A90,DG2-512-B0_1204
PROD CPU,TCB,DG2-512-B0,SAIGON,A90_AFB00032,59,DG2-512-B0,POST_LOT_TEST_PLAN,N7_DG2_512_TCB_DCP,A90_AFB00032,A90_TCB208,1204,A90,DG2-512-B0_1204
PROD CPU,TCB,DG2-512-B0,SAIGON,A90_AFB00081,59,DG2-512-B0,POST_LOT_TEST_PLAN,N7_DG2_512_TCB_DCP,A90_AFB00081,A90_TCB215,1204,A90,DG2-512-B0_1204
PROD CPU,TCB,DG2-512-B0,SAIGON,A90_AFB00082,59,DG2-512-B0,POST_LOT_TEST_PLAN,N7_DG2_512_TCB_DCP,A90_AFB00082,A90_TCB215,1204,A90,DG2-512-B0_1204
PROD CPU,TCB,DG2-512-B0,SAIGON,A90_AFB00118,59,DG2-512-B0,POST_LOT_TEST_PLAN,N7_DG2_512_TCB_DCP,A90_AFB00118,A90_TCB217,1204,A90,DG2-512-B0_1204
PROD CPU,TCB,DG2-512-B0,SAIGON,A90_AFB00119,59,DG2-512-B0,POST_LOT_TEST_PLAN,N7_DG2_512_TCB_DCP,A90_AFB00119,A90_TCB217,1204,A90,DG2-512-B0_1204
PROD CPU,TCB,DG2-512-B0,SAIGON,A90_AFB00120,59,DG2-512-B0,POST_LOT_TEST_PLAN,N7_DG2_512_TCB_DCP,A90_AFB00120,A90_TCB217,1204,A90,DG2-512-B0_1204
PROD CPU,TCB,DG2-512-B0,SAIGON,A90_AFB00121,59,DG2-512-B0,POST_LOT_TEST_PLAN,N7_DG2_512_TCB_DCP,A90_AFB00121,A90_TCB217,1204,A90,DG2-512-B0_1204
PROD CPU,TCB,ELKHART LAKE 2x9,SAIGON,A90_AFB00001,70,ELKHART LAKE 2x9,POST_LOT_TEST_PLAN,74_EHL_FAST_TCB_DCP,A90_AFB00001,A90_TCB201,1204,A90,ELKHART LAKE 2x9_1204
PROD CPU,TCB,ELKHART LAKE 2x9,SAIGON,A90_AFB00002,70,ELKHART LAKE 2x9,POST_LOT_TEST_PLAN,74_EHL_FAST_TCB_DCP,A90_AFB00002,A90_TCB201,1204,A90,ELKHART LAKE 2x9_1204
PROD CPU,TCB,ELKHART LAKE 2x9,SAIGON,A90_AFB00003,70,ELKHART LAKE 2x9,POST_LOT_TEST_PLAN,74_EHL_FAST_TCB_DCP,A90_AFB00003,A90_TCB201,1204,A90,ELKHART LAKE 2x9_1204
PROD CPU,TCB,ELKHART LAKE 2x9,SAIGON,A90_AFB00004,70,ELKHART LAKE 2x9,POST_LOT_TEST_PLAN,74_EHL_FAST_TCB_DCP,A90_AFB00004,A90_TCB201,1204,A90,ELKHART LAKE 2x9_1204
PROD CPU,TCB,ELKHART LAKE 2x9,SAIGON,A90_AFB00005,70,ELKHART LAKE 2x9,POST_LOT_TEST_PLAN,74_EHL_FAST_TCB_DCP,A90_AFB00005,A90_TCB202,1204,A90,ELKHART LAKE 2x9_1204
PROD CPU,TCB,ELKHART LAKE 2x9,SAIGON,A90_AFB00006,70,ELKHART LAKE 2x9,POST_LOT_TEST_PLAN,74_EHL_FAST_TCB_DCP,A90_AFB00006,A90_TCB202,1204,A90,ELKHART LAKE 2x9_1204
PROD CPU,TCB,ELKHART LAKE 2x9,SAIGON,A90_AFB00007,70,ELKHART LAKE 2x9,POST_LOT_TEST_PLAN,74_EHL_FAST_TCB_DCP,A90_AFB00007,A90_TCB202,1204,A90,ELKHART LAKE 2x9_1204
PROD CPU,TCB,ELKHART LAKE 2x9,SAIGON,A90_AFB00008,70,ELKHART LAKE 2x9,POST_LOT_TEST_PLAN,74_EHL_FAST_TCB_DCP,A90_AFB00008,A90_TCB202,1204,A90,ELKHART LAKE 2x9_1204
PROD CPU,TCB,ELKHART LAKE 2x9,SAIGON,A90_AFB00009,70,ELKHART LAKE 2x9,POST_LOT_TEST_PLAN,74_EHL_FAST_TCB_DCP,A90_AFB00009,A90_TCB203,1204,A90,ELKHART LAKE 2x9_1204
PROD CPU,TCB,ELKHART LAKE 2x9,SAIGON,A90_AFB00010,70,ELKHART LAKE 2x9,POST_LOT_TEST_PLAN,74_EHL_FAST_TCB_DCP,A90_AFB00010,A90_TCB203,1204,A90,ELKHART LAKE 2x9_1204
PROD CPU,TCB,ELKHART LAKE 2x9,SAIGON,A90_AFB00011,70,ELKHART LAKE 2x9,POST_LOT_TEST_PLAN,74_EHL_FAST_TCB_DCP,A90_AFB00011,A90_TCB203,1204,A90,ELKHART LAKE 2x9_1204
PROD CPU,TCB,ELKHART LAKE 2x9,SAIGON,A90_AFB00012,70,ELKHART LAKE 2x9,POST_LOT_TEST_PLAN,74_EHL_FAST_TCB_DCP,A90_AFB00012,A90_TCB203,1204,A90,ELKHART LAKE 2x9_1204
PROD CPU,TCB,ELKHART LAKE 2x9,SAIGON,A90_AFB00017,70,ELKHART LAKE 2x9,POST_LOT_TEST_PLAN,74_EHL_FAST_TCB_DCP,A90_AFB00017,A90_TCB205,1204,A90,ELKHART LAKE 2x9_1204
PROD CPU,TCB,ELKHART LAKE 2x9,SAIGON,A90_AFB00018,70,ELKHART LAKE 2x9,POST_LOT_TEST_PLAN,74_EHL_FAST_TCB_DCP,A90_AFB00018,A90_TCB205,1204,A90,ELKHART LAKE 2x9_1204
PROD CPU,TCB,ELKHART LAKE 2x9,SAIGON,A90_AFB00019,70,ELKHART LAKE 2x9,POST_LOT_TEST_PLAN,74_EHL_FAST_TCB_DCP,A90_AFB00019,A90_TCB205,1204,A90,ELKHART LAKE 2x9_1204
PROD CPU,TCB,ELKHART LAKE 2x9,SAIGON,A90_AFB00020,70,ELKHART LAKE 2x9,POST_LOT_TEST_PLAN,74_EHL_FAST_TCB_DCP,A90_AFB00020,A90_TCB205,1204,A90,ELKHART LAKE 2x9_1204
PROD CPU,TCB,ELKHART LAKE 2x9,SAIGON,A90_AFB00021,70,ELKHART LAKE 2x9,POST_LOT_TEST_PLAN,74_EHL_FAST_TCB_DCP,A90_AFB00021,A90_TCB206,1204,A90,ELKHART LAKE 2x9_1204
PROD CPU,TCB,ELKHART LAKE 2x9,SAIGON,A90_AFB00022,70,ELKHART LAKE 2x9,POST_LOT_TEST_PLAN,74_EHL_FAST_TCB_DCP,A90_AFB00022,A90_TCB206,1204,A90,ELKHART LAKE 2x9_1204
PROD CPU,TCB,ELKHART LAKE 2x9,SAIGON,A90_AFB00023,70,ELKHART LAKE 2x9,POST_LOT_TEST_PLAN,74_EHL_FAST_TCB_DCP,A90_AFB00023,A90_TCB206,1204,A90,ELKHART LAKE 2x9_1204
PROD CPU,TCB,ELKHART LAKE 2x9,SAIGON,A90_AFB00024,70,ELKHART LAKE 2x9,POST_LOT_TEST_PLAN,74_EHL_FAST_TCB_DCP,A90_AFB00024,A90_TCB206,1204,A90,ELKHART LAKE 2x9_1204
PROD CPU,TCB,ELKHART LAKE 2x9,SAIGON,A90_AFB00025,70,ELKHART LAKE 2x9,POST_LOT_TEST_PLAN,74_EHL_FAST_TCB_DCP,A90_AFB00025,A90_TCB207,1204,A90,ELKHART LAKE 2x9_1204
PROD CPU,TCB,ELKHART LAKE 2x9,SAIGON,A90_AFB00026,70,ELKHART LAKE 2x9,POST_LOT_TEST_PLAN,74_EHL_FAST_TCB_DCP,A90_AFB00026,A90_TCB207,1204,A90,ELKHART LAKE 2x9_1204
PROD CPU,TCB,ELKHART LAKE 2x9,SAIGON,A90_AFB00027,70,ELKHART LAKE 2x9,POST_LOT_TEST_PLAN,74_EHL_FAST_TCB_DCP,A90_AFB00027,A90_TCB207,1204,A90,ELKHART LAKE 2x9_1204
PROD CPU,TCB,ELKHART LAKE 2x9,SAIGON,A90_AFB00028,70,ELKHART LAKE 2x9,POST_LOT_TEST_PLAN,74_EHL_FAST_TCB_DCP,A90_AFB00028,A90_TCB207,1204,A90,ELKHART LAKE 2x9_1204
PROD CPU,TCB,ELKHART LAKE 2x9,SAIGON,A90_AFB00029,70,ELKHART LAKE 2x9,POST_LOT_TEST_PLAN,74_EHL_FAST_TCB_DCP,A90_AFB00029,A90_TCB208,1204,A90,ELKHART LAKE 2x9_1204
PROD CPU,TCB,ELKHART LAKE 2x9,SAIGON,A90_AFB00030,70,ELKHART LAKE 2x9,POST_LOT_TEST_PLAN,74_EHL_FAST_TCB_DCP,A90_AFB00030,A90_TCB208,1204,A90,ELKHART LAKE 2x9_1204
PROD CPU,TCB,ELKHART LAKE 2x9,SAIGON,A90_AFB00031,70,ELKHART LAKE 2x9,POST_LOT_TEST_PLAN,74_EHL_FAST_TCB_DCP,A90_AFB00031,A90_TCB208,1204,A90,ELKHART LAKE 2x9_1204
PROD CPU,TCB,ELKHART LAKE 2x9,SAIGON,A90_AFB00032,70,ELKHART LAKE 2x9,POST_LOT_TEST_PLAN,74_EHL_FAST_TCB_DCP,A90_AFB00032,A90_TCB208,1204,A90,ELKHART LAKE 2x9_1204
PROD CPU,TCB,ELKHART LAKE 2x9,SAIGON,A90_AFB00069,70,ELKHART LAKE 2x9,POST_LOT_TEST_PLAN,74_EHL_FAST_TCB_DCP,A90_AFB00069,A90_TCB219,1204,A90,ELKHART LAKE 2x9_1204
PROD CPU,TCB,ELKHART LAKE 2x9,SAIGON,A90_AFB00070,70,ELKHART LAKE 2x9,POST_LOT_TEST_PLAN,74_EHL_FAST_TCB_DCP,A90_AFB00070,A90_TCB219,1204,A90,ELKHART LAKE 2x9_1204
PROD CPU,TCB,ELKHART LAKE 2x9,SAIGON,A90_AFB00071,70,ELKHART LAKE 2x9,POST_LOT_TEST_PLAN,74_EHL_FAST_TCB_DCP,A90_AFB00071,A90_TCB219,1204,A90,ELKHART LAKE 2x9_1204
PROD CPU,TCB,ELKHART LAKE 2x9,SAIGON,A90_AFB00072,70,ELKHART LAKE 2x9,POST_LOT_TEST_PLAN,74_EHL_FAST_TCB_DCP,A90_AFB00072,A90_TCB219,1204,A90,ELKHART LAKE 2x9_1204
PROD CPU,TCB,ELKHART LAKE 2x9,SAIGON,A90_AFB00081,70,ELKHART LAKE 2x9,POST_LOT_TEST_PLAN,74_EHL_FAST_TCB_DCP,A90_AFB00081,A90_TCB215,1204,A90,ELKHART LAKE 2x9_1204
PROD CPU,TCB,ELKHART LAKE 2x9,SAIGON,A90_AFB00082,70,ELKHART LAKE 2x9,POST_LOT_TEST_PLAN,74_EHL_FAST_TCB_DCP,A90_AFB00082,A90_TCB215,1204,A90,ELKHART LAKE 2x9_1204
PROD CPU,TCB,ELKHART LAKE 2x9,SAIGON,A90_AFB00097,70,ELKHART LAKE 2x9,POST_LOT_TEST_PLAN,74_EHL_FAST_TCB_DCP,A90_AFB00097,A90_TCB214,1204,A90,ELKHART LAKE 2x9_1204
PROD CPU,TCB,ELKHART LAKE 2x9,SAIGON,A90_AFB00098,70,ELKHART LAKE 2x9,POST_LOT_TEST_PLAN,74_EHL_FAST_TCB_DCP,A90_AFB00098,A90_TCB214,1204,A90,ELKHART LAKE 2x9_1204
PROD CPU,TCB,ELKHART LAKE 2x9,SAIGON,A90_AFB00099,70,ELKHART LAKE 2x9,POST_LOT_TEST_PLAN,74_EHL_FAST_TCB_DCP,A90_AFB00099,A90_TCB214,1204,A90,ELKHART LAKE 2x9_1204
PROD CPU,TCB,ELKHART LAKE 2x9,SAIGON,A90_AFB00100,70,ELKHART LAKE 2x9,POST_LOT_TEST_PLAN,74_EHL_FAST_TCB_DCP,A90_AFB00100,A90_TCB214,1204,A90,ELKHART LAKE 2x9_1204
PROD CPU,TCB,ELKHART LAKE 2x9,SAIGON,A90_AFB00114,70,ELKHART LAKE 2x9,POST_LOT_TEST_PLAN,74_EHL_FAST_TCB_DCP,A90_AFB00114,A90_TCB218,1204,A90,ELKHART LAKE 2x9_1204
PROD CPU,TCB,ELKHART LAKE 2x9,SAIGON,A90_AFB00115,70,ELKHART LAKE 2x9,POST_LOT_TEST_PLAN,74_EHL_FAST_TCB_DCP,A90_AFB00115,A90_TCB218,1204,A90,ELKHART LAKE 2x9_1204
PROD CPU,TCB,ELKHART LAKE 2x9,SAIGON,A90_AFB00116,70,ELKHART LAKE 2x9,POST_LOT_TEST_PLAN,74_EHL_FAST_TCB_DCP,A90_AFB00116,A90_TCB218,1204,A90,ELKHART LAKE 2x9_1204
PROD CPU,TCB,ELKHART LAKE 2x9,SAIGON,A90_AFB00117,70,ELKHART LAKE 2x9,POST_LOT_TEST_PLAN,74_EHL_FAST_TCB_DCP,A90_AFB00117,A90_TCB218,1204,A90,ELKHART LAKE 2x9_1204
PROD CPU,TCB,ELKHART LAKE 2x9,SAIGON,A90_AFB00118,70,ELKHART LAKE 2x9,POST_LOT_TEST_PLAN,74_EHL_FAST_TCB_DCP,A90_AFB00118,A90_TCB217,1204,A90,ELKHART LAKE 2x9_1204
PROD CPU,TCB,ELKHART LAKE 2x9,SAIGON,A90_AFB00119,70,ELKHART LAKE 2x9,POST_LOT_TEST_PLAN,74_EHL_FAST_TCB_DCP,A90_AFB00119,A90_TCB217,1204,A90,ELKHART LAKE 2x9_1204
PROD CPU,TCB,ELKHART LAKE 2x9,SAIGON,A90_AFB00120,70,ELKHART LAKE 2x9,POST_LOT_TEST_PLAN,74_EHL_FAST_TCB_DCP,A90_AFB00120,A90_TCB217,1204,A90,ELKHART LAKE 2x9_1204
PROD CPU,TCB,ELKHART LAKE 2x9,SAIGON,A90_AFB00121,70,ELKHART LAKE 2x9,POST_LOT_TEST_PLAN,74_EHL_FAST_TCB_DCP,A90_AFB00121,A90_TCB217,1204,A90,ELKHART LAKE 2x9_1204
PROD CPU,TCB,EMERALD RAPIDS SP XCC,KULIM5,A15_TCK00001,86,EMERALD RAPIDS SP XCC,POST_LOT_TEST_PLAN,74_EMR_XCC_TSX_DCP,A15_TCK00001,A15_TSX101,1204,A15,EMERALD RAPIDS SP XCC_1204
PROD CPU,TCB,EMERALD RAPIDS SP XCC,KULIM5;SAIGON;,A15_TCK00002,87,EMERALD RAPIDS SP XCC,POST_LOT_TEST_PLAN,74_EMR_XCC_TSX_DCP,A15_TCK00002,A15_TSX102,1204,A15,EMERALD RAPIDS SP XCC_1204
PROD CPU,TCB,EMERALD RAPIDS SP XCC,KULIM5,A15_TCK00003,85,EMERALD RAPIDS SP XCC,POST_LOT_TEST_PLAN,74_EMR_XCC_TSX_DCP,A15_TCK00003,A15_TSX103,1204,A15,EMERALD RAPIDS SP XCC_1204
PROD CPU,TCB,EMERALD RAPIDS SP XCC,KULIM5;SAIGON;,A15_TCK00004,87,EMERALD RAPIDS SP XCC,POST_LOT_TEST_PLAN,74_EMR_XCC_TSX_DCP,A15_TCK00004,A15_TSX104,1204,A15,EMERALD RAPIDS SP XCC_1204
PROD CPU,TCB,EMERALD RAPIDS SP XCC,"KULIM5;SAIGON;CHANDLER, ARIZONA;",A15_TCK50101,74,EMERALD RAPIDS SP XCC,POST_LOT_TEST_PLAN,74_EMR_XCC_TSX_DCP,A15_TCK50101,A15_TSX501,1204,A15,EMERALD RAPIDS SP XCC_1204
PROD CPU,TCB,EMERALD RAPIDS SP XCC,"KULIM5;SAIGON;CHANDLER, ARIZONA;",A15_TCK50501,74,EMERALD RAPIDS SP XCC,POST_LOT_TEST_PLAN,74_EMR_XCC_TSX_DCP,A15_TCK50501,A15_TSX505,1204,A15,EMERALD RAPIDS SP XCC_1204
PROD CPU,TCB,EMERALD RAPIDS SP XCC,"KULIM5;SAIGON;CHANDLER, ARIZONA;",A15_TCK50601,74,EMERALD RAPIDS SP XCC,POST_LOT_TEST_PLAN,74_EMR_XCC_TSX_DCP,A15_TCK50601,A15_TSX506,1204,A15,EMERALD RAPIDS SP XCC_1204
PROD CPU,TCB,EMERALD RAPIDS SP XCC,"KULIM5;SAIGON;CHANDLER, ARIZONA;",A90_TCK00001,84,EMERALD RAPIDS SP XCC,POST_LOT_TEST_PLAN,74_EMR_XCC_TSX_DCP,A90_TCK00001,A90_TSX201,1204,A90,EMERALD RAPIDS SP XCC_1204
PROD CPU,TCB,EMERALD RAPIDS SP XCC,"KULIM5;SAIGON;CHANDLER, ARIZONA;",A90_TCK00003,84,EMERALD RAPIDS SP XCC,POST_LOT_TEST_PLAN,74_EMR_XCC_TSX_DCP,A90_TCK00003,A90_TSX203,1204,A90,EMERALD RAPIDS SP XCC_1204
PROD CPU,TCB,EMERALD RAPIDS SP XCC,"KULIM5;SAIGON;CHANDLER, ARIZONA;",A90_TCK00005,84,EMERALD RAPIDS SP XCC,POST_LOT_TEST_PLAN,74_EMR_XCC_TSX_DCP,A90_TCK00005,A90_TSX205,1204,A90,EMERALD RAPIDS SP XCC_1204
PROD CPU,TCB,EMERALD RAPIDS SP XCC,"KULIM5;SAIGON;CHANDLER, ARIZONA;",A90_TCK00007,84,EMERALD RAPIDS SP XCC,POST_LOT_TEST_PLAN,74_EMR_XCC_TSX_DCP,A90_TCK00007,A90_TSX207,1204,A90,EMERALD RAPIDS SP XCC_1204
PROD CPU,TCB,EMERALD RAPIDS SP XCC,"KULIM5;SAIGON;CHANDLER, ARIZONA;",A90_TCK00008,84,EMERALD RAPIDS SP XCC,POST_LOT_TEST_PLAN,74_EMR_XCC_TSX_DCP,A90_TCK00008,A90_TSX208,1204,A90,EMERALD RAPIDS SP XCC_1204
PROD CPU,TCB,Emerald Rapids MCC,SAIGON,A90_AFB00081,37,Emerald Rapids MCC,POST_LOT_TEST_PLAN,74_EMR_MCC_TCB_DCP,A90_AFB00081,A90_TCB215,1204,A90,Emerald Rapids MCC_1204
PROD CPU,TCB,Emerald Rapids MCC,SAIGON,A90_AFB00081,37,Emerald Rapids MCC,POST_LOT_TEST_PLAN,74_EMR_MCC_TSX_DCP,A90_AFB00081,A90_TCB215,1204,A90,Emerald Rapids MCC_1204
PROD CPU,TCB,Emerald Rapids MCC,SAIGON,A90_AFB00082,37,Emerald Rapids MCC,POST_LOT_TEST_PLAN,74_EMR_MCC_TCB_DCP,A90_AFB00082,A90_TCB215,1204,A90,Emerald Rapids MCC_1204
PROD CPU,TCB,Emerald Rapids MCC,SAIGON,A90_AFB00082,37,Emerald Rapids MCC,POST_LOT_TEST_PLAN,74_EMR_MCC_TSX_DCP,A90_AFB00082,A90_TCB215,1204,A90,Emerald Rapids MCC_1204
PROD CPU,TCB,Emerald Rapids MCC,SAIGON,A90_AFB00122,37,Emerald Rapids MCC,POST_LOT_TEST_PLAN,74_EMR_MCC_TSX_DCP,A90_AFB00122,A90_TCB216,1204,A90,Emerald Rapids MCC_1204
PROD CPU,TCB,Emerald Rapids MCC,SAIGON,A90_AFB00122,37,Emerald Rapids MCC,POST_LOT_TEST_PLAN,74_EMR_MCC_TCB_DCP,A90_AFB00122,A90_TCB216,1204,A90,Emerald Rapids MCC_1204
PROD CPU,TCB,Emerald Rapids MCC,SAIGON,A90_AFB00123,37,Emerald Rapids MCC,POST_LOT_TEST_PLAN,74_EMR_MCC_TSX_DCP,A90_AFB00123,A90_TCB216,1204,A90,Emerald Rapids MCC_1204
PROD CPU,TCB,Emerald Rapids MCC,SAIGON,A90_AFB00123,37,Emerald Rapids MCC,POST_LOT_TEST_PLAN,74_EMR_MCC_TCB_DCP,A90_AFB00123,A90_TCB216,1204,A90,Emerald Rapids MCC_1204
PROD CPU,TCB,Emerald Rapids MCC,SAIGON,A90_AFB00124,37,Emerald Rapids MCC,POST_LOT_TEST_PLAN,74_EMR_MCC_TSX_DCP,A90_AFB00124,A90_TCB216,1204,A90,Emerald Rapids MCC_1204
PROD CPU,TCB,Emerald Rapids MCC,SAIGON,A90_AFB00124,37,Emerald Rapids MCC,POST_LOT_TEST_PLAN,74_EMR_MCC_TCB_DCP,A90_AFB00124,A90_TCB216,1204,A90,Emerald Rapids MCC_1204
PROD CPU,TCB,Emerald Rapids MCC,SAIGON,A90_AFB00125,37,Emerald Rapids MCC,POST_LOT_TEST_PLAN,74_EMR_MCC_TSX_DCP,A90_AFB00125,A90_TCB216,1204,A90,Emerald Rapids MCC_1204
PROD CPU,TCB,Emerald Rapids MCC,SAIGON,A90_AFB00125,37,Emerald Rapids MCC,POST_LOT_TEST_PLAN,74_EMR_MCC_TCB_DCP,A90_AFB00125,A90_TCB216,1204,A90,Emerald Rapids MCC_1204
PROD CPU,TCB,Emerald Rapids MCC,SAIGON,A90_TCK00001,36,Emerald Rapids MCC,POST_LOT_TEST_PLAN,74_EMR_MCC_TCB_DCP,A90_TCK00001,A90_TSX201,1204,A90,Emerald Rapids MCC_1204
PROD CPU,TCB,Emerald Rapids MCC,SAIGON,A90_TCK00001,36,Emerald Rapids MCC,POST_LOT_TEST_PLAN,74_EMR_MCC_TSX_DCP,A90_TCK00001,A90_TSX201,1204,A90,Emerald Rapids MCC_1204
PROD CPU,TCB,Emerald Rapids MCC,SAIGON,A90_TCK00002,36,Emerald Rapids MCC,POST_LOT_TEST_PLAN,74_EMR_MCC_TCB_DCP,A90_TCK00002,A90_TSX202,1204,A90,Emerald Rapids MCC_1204
PROD CPU,TCB,Emerald Rapids MCC,SAIGON,A90_TCK00002,36,Emerald Rapids MCC,POST_LOT_TEST_PLAN,74_EMR_MCC_TSX_DCP,A90_TCK00002,A90_TSX202,1204,A90,Emerald Rapids MCC_1204
PROD CPU,TCB,Emerald Rapids MCC,SAIGON,A90_TCK00003,36,Emerald Rapids MCC,POST_LOT_TEST_PLAN,74_EMR_MCC_TCB_DCP,A90_TCK00003,A90_TSX203,1204,A90,Emerald Rapids MCC_1204
PROD CPU,TCB,Emerald Rapids MCC,SAIGON,A90_TCK00003,36,Emerald Rapids MCC,POST_LOT_TEST_PLAN,74_EMR_MCC_TSX_DCP,A90_TCK00003,A90_TSX203,1204,A90,Emerald Rapids MCC_1204
PROD CPU,TCB,Emerald Rapids MCC,SAIGON,A90_TCK00004,36,Emerald Rapids MCC,POST_LOT_TEST_PLAN,74_EMR_MCC_TSX_DCP,A90_TCK00004,A90_TSX204,1204,A90,Emerald Rapids MCC_1204
PROD CPU,TCB,Emerald Rapids MCC,SAIGON,A90_TCK00004,36,Emerald Rapids MCC,POST_LOT_TEST_PLAN,74_EMR_MCC_TCB_DCP,A90_TCK00004,A90_TSX204,1204,A90,Emerald Rapids MCC_1204
PROD CPU,TCB,Emerald Rapids MCC,SAIGON,A90_TCK00005,36,Emerald Rapids MCC,POST_LOT_TEST_PLAN,74_EMR_MCC_TCB_DCP,A90_TCK00005,A90_TSX205,1204,A90,Emerald Rapids MCC_1204
PROD CPU,TCB,Emerald Rapids MCC,SAIGON,A90_TCK00005,36,Emerald Rapids MCC,POST_LOT_TEST_PLAN,74_EMR_MCC_TSX_DCP,A90_TCK00005,A90_TSX205,1204,A90,Emerald Rapids MCC_1204
PROD CPU,TCB,Emerald Rapids MCC,SAIGON,A90_TCK00006,36,Emerald Rapids MCC,POST_LOT_TEST_PLAN,74_EMR_MCC_TSX_DCP,A90_TCK00006,A90_TSX206,1204,A90,Emerald Rapids MCC_1204
PROD CPU,TCB,Emerald Rapids MCC,SAIGON,A90_TCK00006,36,Emerald Rapids MCC,POST_LOT_TEST_PLAN,74_EMR_MCC_TCB_DCP,A90_TCK00006,A90_TSX206,1204,A90,Emerald Rapids MCC_1204
PROD CPU,TCB,Emerald Rapids MCC,SAIGON,A90_TCK00008,36,Emerald Rapids MCC,POST_LOT_TEST_PLAN,74_EMR_MCC_TCB_DCP,A90_TCK00008,A90_TSX208,1204,A90,Emerald Rapids MCC_1204
PROD CPU,TCB,Emerald Rapids MCC,SAIGON,A90_TCK00008,36,Emerald Rapids MCC,POST_LOT_TEST_PLAN,74_EMR_MCC_TSX_DCP,A90_TCK00008,A90_TSX208,1204,A90,Emerald Rapids MCC_1204
PROD CPU,TCB,FALCON MESA 71 - New Flux,PENANG,A01_ACB80101,78,FALCON MESA 71 - New Flux,POST_LOT_TEST_PLAN,74_EMIB_FM71_TPS_TCB_DCP,A01_ACB80101,A01_TCB801,1204,A01,FALCON MESA 71 - New Flux_1204
PROD CPU,TCB,FALCON MESA 71 - New Flux,PENANG,A01_ACB80102,78,FALCON MESA 71 - New Flux,POST_LOT_TEST_PLAN,74_EMIB_FM71_TPS_TCB_DCP,A01_ACB80102,A01_TCB801,1204,A01,FALCON MESA 71 - New Flux_1204
PROD CPU,TCB,FALCON MESA 71 - New Flux,PENANG,A01_ACB80201,78,FALCON MESA 71 - New Flux,POST_LOT_TEST_PLAN,74_EMIB_FM71_TPS_TCB_DCP,A01_ACB80201,A01_TCB802,1204,A01,FALCON MESA 71 - New Flux_1204
PROD CPU,TCB,FALCON MESA 71 - New Flux,PENANG,A01_ACB80202,78,FALCON MESA 71 - New Flux,POST_LOT_TEST_PLAN,74_EMIB_FM71_TPS_TCB_DCP,A01_ACB80202,A01_TCB802,1204,A01,FALCON MESA 71 - New Flux_1204
PROD CPU,TCB,FALCON MESA 71 - New Flux,PENANG,A01_ACB80401,78,FALCON MESA 71 - New Flux,POST_LOT_TEST_PLAN,74_EMIB_FM71_TPS_TCB_DCP,A01_ACB80401,A01_TCB804,1204,A01,FALCON MESA 71 - New Flux_1204
PROD CPU,TCB,FALCON MESA 71 - New Flux,PENANG,A01_ACB80402,78,FALCON MESA 71 - New Flux,POST_LOT_TEST_PLAN,74_EMIB_FM71_TPS_TCB_DCP,A01_ACB80402,A01_TCB804,1204,A01,FALCON MESA 71 - New Flux_1204
PROD CPU,TCB,FALCON MESA 71 - New Flux,PENANG,A01_ACB80501,78,FALCON MESA 71 - New Flux,POST_LOT_TEST_PLAN,74_EMIB_FM71_TPS_TCB_DCP,A01_ACB80501,A01_TCB805,1204,A01,FALCON MESA 71 - New Flux_1204
PROD CPU,TCB,FALCON MESA 71 - New Flux,PENANG,A01_ACB80502,78,FALCON MESA 71 - New Flux,POST_LOT_TEST_PLAN,74_EMIB_FM71_TPS_TCB_DCP,A01_ACB80502,A01_TCB805,1204,A01,FALCON MESA 71 - New Flux_1204
PROD CPU,TCB,FALCON MESA 71 - New Flux,PENANG,A01_ACB80701,78,FALCON MESA 71 - New Flux,POST_LOT_TEST_PLAN,74_EMIB_FM71_TPS_TCB_DCP,A01_ACB80701,A01_TCB807,1204,A01,FALCON MESA 71 - New Flux_1204
PROD CPU,TCB,FALCON MESA 71 - New Flux,PENANG,A01_ACB80901,78,FALCON MESA 71 - New Flux,POST_LOT_TEST_PLAN,74_EMIB_FM71_TPS_TCB_DCP,A01_ACB80901,A01_TCB809,1204,A01,FALCON MESA 71 - New Flux_1204
PROD CPU,TCB,FALCON MESA 71 - New Flux,PENANG,A01_ACB80902,78,FALCON MESA 71 - New Flux,POST_LOT_TEST_PLAN,74_EMIB_FM71_TPS_TCB_DCP,A01_ACB80902,A01_TCB809,1204,A01,FALCON MESA 71 - New Flux_1204
PROD CPU,TCB,FALCON MESA 71 - New Flux,PENANG,A01_ACB81001,78,FALCON MESA 71 - New Flux,POST_LOT_TEST_PLAN,74_EMIB_FM71_TPS_TCB_DCP,A01_ACB81001,A01_TCB810,1204,A01,FALCON MESA 71 - New Flux_1204
PROD CPU,TCB,FALCON MESA 71 - New Flux,PENANG,A01_ACB81002,78,FALCON MESA 71 - New Flux,POST_LOT_TEST_PLAN,74_EMIB_FM71_TPS_TCB_DCP,A01_ACB81002,A01_TCB810,1204,A01,FALCON MESA 71 - New Flux_1204
PROD CPU,TCB,FALCON MESA 71 - New Flux,PENANG,A01_ACB81401,78,FALCON MESA 71 - New Flux,POST_LOT_TEST_PLAN,74_EMIB_FM71_TPS_TCB_DCP,A01_ACB81401,A01_TCB814,1204,A01,FALCON MESA 71 - New Flux_1204
PROD CPU,TCB,FALCON MESA 71 - New Flux,PENANG,A01_ACB81402,78,FALCON MESA 71 - New Flux,POST_LOT_TEST_PLAN,74_EMIB_FM71_TPS_TCB_DCP,A01_ACB81402,A01_TCB814,1204,A01,FALCON MESA 71 - New Flux_1204
PROD CPU,TCB,FALCON MESA 71 - New Flux,PENANG,A01_ACB81801,78,FALCON MESA 71 - New Flux,POST_LOT_TEST_PLAN,74_EMIB_FM71_TPS_TCB_DCP,A01_ACB81801,A01_TCB818,1204,A01,FALCON MESA 71 - New Flux_1204
PROD CPU,TCB,FALCON MESA 71 - New Flux,PENANG,A01_ACB81802,78,FALCON MESA 71 - New Flux,POST_LOT_TEST_PLAN,74_EMIB_FM71_TPS_TCB_DCP,A01_ACB81802,A01_TCB818,1204,A01,FALCON MESA 71 - New Flux_1204
PROD CPU,TCB,FALCON MESA 87 B0,PENANG,A01_ACB81001,46,FALCON MESA 87 B0,POST_LOT_TEST_PLAN,74_EMIB_FM87_TCB_DCP,A01_ACB81001,A01_TCB810,1204,A01,FALCON MESA 87 B0_1204
PROD CPU,TCB,FALCON MESA 87 B0,PENANG,A01_ACB81002,46,FALCON MESA 87 B0,POST_LOT_TEST_PLAN,74_EMIB_FM87_TCB_DCP,A01_ACB81002,A01_TCB810,1204,A01,FALCON MESA 87 B0_1204
PROD CPU,TCB,FALCON MESA 87 B0,PENANG,A01_ACB81801,46,FALCON MESA 87 B0,POST_LOT_TEST_PLAN,74_EMIB_FM87_TCB_DCP,A01_ACB81801,A01_TCB818,1204,A01,FALCON MESA 87 B0_1204
PROD CPU,TCB,FALCON MESA 87 B0,PENANG,A01_ACB81802,46,FALCON MESA 87 B0,POST_LOT_TEST_PLAN,74_EMIB_FM87_TCB_DCP,A01_ACB81802,A01_TCB818,1204,A01,FALCON MESA 87 B0_1204
PROD CPU,TCB,FALCON MESA 89 - New Flux,PENANG,A01_ACB80701,70,FALCON MESA 89 - New Flux,POST_LOT_TEST_PLAN,74_EMIB_FM89_TCB_DCP,A01_ACB80701,A01_TCB807,1204,A01,FALCON MESA 89 - New Flux_1204
PROD CPU,TCB,FALCON MESA 89 - New Flux,PENANG,A01_ACB80901,70,FALCON MESA 89 - New Flux,POST_LOT_TEST_PLAN,74_EMIB_FM89_TCB_DCP,A01_ACB80901,A01_TCB809,1204,A01,FALCON MESA 89 - New Flux_1204
PROD CPU,TCB,FALCON MESA 89 - New Flux,PENANG,A01_ACB80902,70,FALCON MESA 89 - New Flux,POST_LOT_TEST_PLAN,74_EMIB_FM89_TCB_DCP,A01_ACB80902,A01_TCB809,1204,A01,FALCON MESA 89 - New Flux_1204
PROD CPU,TCB,FALCON MESA 89 - New Flux,PENANG,A01_ACB81001,70,FALCON MESA 89 - New Flux,POST_LOT_TEST_PLAN,74_EMIB_FM89_TCB_DCP,A01_ACB81001,A01_TCB810,1204,A01,FALCON MESA 89 - New Flux_1204
PROD CPU,TCB,FALCON MESA 89 - New Flux,PENANG,A01_ACB81002,70,FALCON MESA 89 - New Flux,POST_LOT_TEST_PLAN,74_EMIB_FM89_TCB_DCP,A01_ACB81002,A01_TCB810,1204,A01,FALCON MESA 89 - New Flux_1204
PROD CPU,TCB,FALCON MESA 89 - New Flux,PENANG,A01_ACB81801,70,FALCON MESA 89 - New Flux,POST_LOT_TEST_PLAN,74_EMIB_FM89_TCB_DCP,A01_ACB81801,A01_TCB818,1204,A01,FALCON MESA 89 - New Flux_1204
PROD CPU,TCB,FALCON MESA 89 - New Flux,PENANG,A01_ACB81802,70,FALCON MESA 89 - New Flux,POST_LOT_TEST_PLAN,74_EMIB_FM89_TCB_DCP,A01_ACB81802,A01_TCB818,1204,A01,FALCON MESA 89 - New Flux_1204
PROD CPU,TCB,FALCON MESA 89 - New Flux,PENANG,A01_AFB81701,70,FALCON MESA 89 - New Flux,POST_LOT_TEST_PLAN,74_EMIB_FM89_TCB_DCP,A01_AFB81701,A01_TCB817,1204,A01,FALCON MESA 89 - New Flux_1204
PROD CPU,TCB,FALCON MESA 89 - New Flux,PENANG,A01_AFB81702,70,FALCON MESA 89 - New Flux,POST_LOT_TEST_PLAN,74_EMIB_FM89_TCB_DCP,A01_AFB81702,A01_TCB817,1204,A01,FALCON MESA 89 - New Flux_1204
PROD CPU,TCB,FALCON MESA 89 - New Flux,PENANG,A01_AFB81703,70,FALCON MESA 89 - New Flux,POST_LOT_TEST_PLAN,74_EMIB_FM89_TCB_DCP,A01_AFB81703,A01_TCB817,1204,A01,FALCON MESA 89 - New Flux_1204
PROD CPU,TCB,FALCON MESA 89 - New Flux,PENANG,A01_AFB81704,70,FALCON MESA 89 - New Flux,POST_LOT_TEST_PLAN,74_EMIB_FM89_TCB_DCP,A01_AFB81704,A01_TCB817,1204,A01,FALCON MESA 89 - New Flux_1204
PROD CPU,TCB,FALCON PARK 82,PENANG,A01_TCK10101,48,FALCON PARK 82,POST_LOT_TEST_PLAN,74_FALCONPARK8R1_TSX_DCP,A01_TCK10101,A01_TSX101,1204,A01,FALCON PARK 82_1204
PROD CPU,TCB,FALCON PARK 84,PENANG,A01_TCK10101,42,FALCON PARK 84,POST_LOT_TEST_PLAN,74_FALCONPARK8R1_TSX_DCP,A01_TCK10101,A01_TSX101,1204,A01,FALCON PARK 84_1204
PROD CPU,TCB,FALCON PARK 84,PENANG,A01_TCK10201,42,FALCON PARK 84,POST_LOT_TEST_PLAN,74_FALCONPARK8R1_TSX_DCP,A01_TCK10201,A01_TSX102,1204,A01,FALCON PARK 84_1204
PROD CPU,TCB,FALCON PARK 88,PENANG,A01_TCK10101,12,FALCON PARK 88,POST_LOT_TEST_PLAN,74_FALCONPARK88_TSX_DCP,A01_TCK10101,A01_TSX101,1204,A01,FALCON PARK 88_1204
PROD CPU,TCB,Falcon Mesa 41 DSU,PENANG,A01_ACB80101,50,Falcon Mesa 41 DSU,POST_LOT_TEST_PLAN,74_EMIB_FM41_TCB_DCP,A01_ACB80101,A01_TCB801,1204,A01,Falcon Mesa 41 DSU_1204
PROD CPU,TCB,Falcon Mesa 41 DSU,PENANG,A01_ACB80101,50,Falcon Mesa 41 DSU,POST_LOT_TEST_PLAN,74_EMIB_FM41_TSX_DCP,A01_ACB80101,A01_TCB801,1204,A01,Falcon Mesa 41 DSU_1204
PROD CPU,TCB,Falcon Mesa 41 DSU,PENANG,A01_ACB80102,50,Falcon Mesa 41 DSU,POST_LOT_TEST_PLAN,74_EMIB_FM41_TCB_DCP,A01_ACB80102,A01_TCB801,1204,A01,Falcon Mesa 41 DSU_1204
PROD CPU,TCB,Falcon Mesa 41 DSU,PENANG,A01_ACB80102,50,Falcon Mesa 41 DSU,POST_LOT_TEST_PLAN,74_EMIB_FM41_TSX_DCP,A01_ACB80102,A01_TCB801,1204,A01,Falcon Mesa 41 DSU_1204
PROD CPU,TCB,Falcon Mesa 41 DSU,PENANG,A01_ACB80701,50,Falcon Mesa 41 DSU,POST_LOT_TEST_PLAN,74_EMIB_FM41_TCB_DCP,A01_ACB80701,A01_TCB807,1204,A01,Falcon Mesa 41 DSU_1204
PROD CPU,TCB,Falcon Mesa 41 DSU,PENANG,A01_ACB80701,50,Falcon Mesa 41 DSU,POST_LOT_TEST_PLAN,74_EMIB_FM41_TSX_DCP,A01_ACB80701,A01_TCB807,1204,A01,Falcon Mesa 41 DSU_1204
PROD CPU,TCB,Falcon Mesa 41 DSU,PENANG,A01_ACB80901,50,Falcon Mesa 41 DSU,POST_LOT_TEST_PLAN,74_EMIB_FM41_TSX_DCP,A01_ACB80901,A01_TCB809,1204,A01,Falcon Mesa 41 DSU_1204
PROD CPU,TCB,Falcon Mesa 41 DSU,PENANG,A01_ACB80901,50,Falcon Mesa 41 DSU,POST_LOT_TEST_PLAN,74_EMIB_FM41_TCB_DCP,A01_ACB80901,A01_TCB809,1204,A01,Falcon Mesa 41 DSU_1204
PROD CPU,TCB,Falcon Mesa 41 DSU,PENANG,A01_ACB80902,50,Falcon Mesa 41 DSU,POST_LOT_TEST_PLAN,74_EMIB_FM41_TCB_DCP,A01_ACB80902,A01_TCB809,1204,A01,Falcon Mesa 41 DSU_1204
PROD CPU,TCB,Falcon Mesa 41 DSU,PENANG,A01_ACB80902,50,Falcon Mesa 41 DSU,POST_LOT_TEST_PLAN,74_EMIB_FM41_TSX_DCP,A01_ACB80902,A01_TCB809,1204,A01,Falcon Mesa 41 DSU_1204
PROD CPU,TCB,Falcon Mesa 41 DSU,PENANG,A01_ACB81001,50,Falcon Mesa 41 DSU,POST_LOT_TEST_PLAN,74_EMIB_FM41_TSX_DCP,A01_ACB81001,A01_TCB810,1204,A01,Falcon Mesa 41 DSU_1204
PROD CPU,TCB,Falcon Mesa 41 DSU,PENANG,A01_ACB81001,50,Falcon Mesa 41 DSU,POST_LOT_TEST_PLAN,74_EMIB_FM41_TCB_DCP,A01_ACB81001,A01_TCB810,1204,A01,Falcon Mesa 41 DSU_1204
PROD CPU,TCB,Falcon Mesa 41 DSU,PENANG,A01_ACB81002,50,Falcon Mesa 41 DSU,POST_LOT_TEST_PLAN,74_EMIB_FM41_TSX_DCP,A01_ACB81002,A01_TCB810,1204,A01,Falcon Mesa 41 DSU_1204
PROD CPU,TCB,Falcon Mesa 41 DSU,PENANG,A01_ACB81002,50,Falcon Mesa 41 DSU,POST_LOT_TEST_PLAN,74_EMIB_FM41_TCB_DCP,A01_ACB81002,A01_TCB810,1204,A01,Falcon Mesa 41 DSU_1204
PROD CPU,TCB,Falcon Mesa 41 DSU,PENANG,A01_ACB81401,50,Falcon Mesa 41 DSU,POST_LOT_TEST_PLAN,74_EMIB_FM41_TSX_DCP,A01_ACB81401,A01_TCB814,1204,A01,Falcon Mesa 41 DSU_1204
PROD CPU,TCB,Falcon Mesa 41 DSU,PENANG,A01_ACB81401,50,Falcon Mesa 41 DSU,POST_LOT_TEST_PLAN,74_EMIB_FM41_TCB_DCP,A01_ACB81401,A01_TCB814,1204,A01,Falcon Mesa 41 DSU_1204
PROD CPU,TCB,Falcon Mesa 41 DSU,PENANG,A01_ACB81402,50,Falcon Mesa 41 DSU,POST_LOT_TEST_PLAN,74_EMIB_FM41_TCB_DCP,A01_ACB81402,A01_TCB814,1204,A01,Falcon Mesa 41 DSU_1204
PROD CPU,TCB,Falcon Mesa 41 DSU,PENANG,A01_ACB81402,50,Falcon Mesa 41 DSU,POST_LOT_TEST_PLAN,74_EMIB_FM41_TSX_DCP,A01_ACB81402,A01_TCB814,1204,A01,Falcon Mesa 41 DSU_1204
PROD CPU,TCB,Falcon Mesa 41 DSU,PENANG,A01_ACB81501,50,Falcon Mesa 41 DSU,POST_LOT_TEST_PLAN,74_EMIB_FM41_TCB_DCP,A01_ACB81501,A01_TCB815,1204,A01,Falcon Mesa 41 DSU_1204
PROD CPU,TCB,Falcon Mesa 41 DSU,PENANG,A01_ACB81501,50,Falcon Mesa 41 DSU,POST_LOT_TEST_PLAN,74_EMIB_FM41_TSX_DCP,A01_ACB81501,A01_TCB815,1204,A01,Falcon Mesa 41 DSU_1204
PROD CPU,TCB,Falcon Mesa 41 DSU,PENANG,A01_ACB81502,50,Falcon Mesa 41 DSU,POST_LOT_TEST_PLAN,74_EMIB_FM41_TSX_DCP,A01_ACB81502,A01_TCB815,1204,A01,Falcon Mesa 41 DSU_1204
PROD CPU,TCB,Falcon Mesa 41 DSU,PENANG,A01_ACB81502,50,Falcon Mesa 41 DSU,POST_LOT_TEST_PLAN,74_EMIB_FM41_TCB_DCP,A01_ACB81502,A01_TCB815,1204,A01,Falcon Mesa 41 DSU_1204
PROD CPU,TCB,Falcon Mesa 41 DSU,PENANG,A01_ACB81801,50,Falcon Mesa 41 DSU,POST_LOT_TEST_PLAN,74_EMIB_FM41_TCB_DCP,A01_ACB81801,A01_TCB818,1204,A01,Falcon Mesa 41 DSU_1204
PROD CPU,TCB,Falcon Mesa 41 DSU,PENANG,A01_ACB81801,50,Falcon Mesa 41 DSU,POST_LOT_TEST_PLAN,74_EMIB_FM41_TSX_DCP,A01_ACB81801,A01_TCB818,1204,A01,Falcon Mesa 41 DSU_1204
PROD CPU,TCB,Falcon Mesa 41 DSU,PENANG,A01_ACB81802,50,Falcon Mesa 41 DSU,POST_LOT_TEST_PLAN,74_EMIB_FM41_TCB_DCP,A01_ACB81802,A01_TCB818,1204,A01,Falcon Mesa 41 DSU_1204
PROD CPU,TCB,Falcon Mesa 41 DSU,PENANG,A01_ACB81802,50,Falcon Mesa 41 DSU,POST_LOT_TEST_PLAN,74_EMIB_FM41_TSX_DCP,A01_ACB81802,A01_TCB818,1204,A01,Falcon Mesa 41 DSU_1204
PROD CPU,TCB,Falcon Mesa 42,PENANG,A01_ACB80401,24,Falcon Mesa 42,POST_LOT_TEST_PLAN,74_EMIB_FM42_TCB_DCP,A01_ACB80401,A01_TCB804,1204,A01,Falcon Mesa 42_1204
PROD CPU,TCB,Falcon Mesa 42,PENANG,A01_ACB80402,24,Falcon Mesa 42,POST_LOT_TEST_PLAN,74_EMIB_FM42_TCB_DCP,A01_ACB80402,A01_TCB804,1204,A01,Falcon Mesa 42_1204
PROD CPU,TCB,Falcon Mesa 42,PENANG,A01_ACB80701,24,Falcon Mesa 42,POST_LOT_TEST_PLAN,74_EMIB_FM42_TCB_DCP,A01_ACB80701,A01_TCB807,1204,A01,Falcon Mesa 42_1204
PROD CPU,TCB,Falcon Mesa 42,PENANG,A01_ACB81001,24,Falcon Mesa 42,POST_LOT_TEST_PLAN,74_EMIB_FM42_TCB_DCP,A01_ACB81001,A01_TCB810,1204,A01,Falcon Mesa 42_1204
PROD CPU,TCB,Falcon Mesa 42,PENANG,A01_ACB81002,24,Falcon Mesa 42,POST_LOT_TEST_PLAN,74_EMIB_FM42_TCB_DCP,A01_ACB81002,A01_TCB810,1204,A01,Falcon Mesa 42_1204
PROD CPU,TCB,Falcon Mesa 42,PENANG,A01_ACB81801,24,Falcon Mesa 42,POST_LOT_TEST_PLAN,74_EMIB_FM42_TCB_DCP,A01_ACB81801,A01_TCB818,1204,A01,Falcon Mesa 42_1204
PROD CPU,TCB,Falcon Mesa 42,PENANG,A01_ACB81802,24,Falcon Mesa 42,POST_LOT_TEST_PLAN,74_EMIB_FM42_TCB_DCP,A01_ACB81802,A01_TCB818,1204,A01,Falcon Mesa 42_1204
PROD CPU,TCB,Falcon Mesa 44,PENANG,A01_TCK10101,21,Falcon Mesa 44,POST_LOT_TEST_PLAN,74_EMIB_FM44_TSX_DCP,A01_TCK10101,A01_TSX101,1204,A01,Falcon Mesa 44_1204
PROD CPU,TCB,Falcon Mesa 44,PENANG,A01_TCK10101,21,Falcon Mesa 44,POST_LOT_TEST_PLAN,74_EMIB_FM83_TCB_DCP,A01_TCK10101,A01_TSX101,1204,A01,Falcon Mesa 44_1204
PROD CPU,TCB,Falcon Mesa 52 A0,PENANG,A01_ACB81001,46,Falcon Mesa 52 A0,POST_LOT_TEST_PLAN,74_EMIB_FM52_TCB_DCP,A01_ACB81001,A01_TCB810,1204,A01,Falcon Mesa 52 A0_1204
PROD CPU,TCB,Falcon Mesa 52 A0,PENANG,A01_ACB81002,46,Falcon Mesa 52 A0,POST_LOT_TEST_PLAN,74_EMIB_FM52_TCB_DCP,A01_ACB81002,A01_TCB810,1204,A01,Falcon Mesa 52 A0_1204
PROD CPU,TCB,Falcon Mesa 52 A0,PENANG,A01_ACB81801,46,Falcon Mesa 52 A0,POST_LOT_TEST_PLAN,74_EMIB_FM52_TCB_DCP,A01_ACB81801,A01_TCB818,1204,A01,Falcon Mesa 52 A0_1204
PROD CPU,TCB,Falcon Mesa 52 A0,PENANG,A01_ACB81802,46,Falcon Mesa 52 A0,POST_LOT_TEST_PLAN,74_EMIB_FM52_TCB_DCP,A01_ACB81802,A01_TCB818,1204,A01,Falcon Mesa 52 A0_1204
PROD CPU,TCB,Falcon Mesa 54,PENANG,A01_ACB81001,38,Falcon Mesa 54,POST_LOT_TEST_PLAN,74_EMIB_FM54_TCB_DCP,A01_ACB81001,A01_TCB810,1204,A01,Falcon Mesa 54_1204
PROD CPU,TCB,Falcon Mesa 54,PENANG,A01_ACB81002,38,Falcon Mesa 54,POST_LOT_TEST_PLAN,74_EMIB_FM54_TCB_DCP,A01_ACB81002,A01_TCB810,1204,A01,Falcon Mesa 54_1204
PROD CPU,TCB,Falcon Mesa 54,PENANG,A01_ACB81801,38,Falcon Mesa 54,POST_LOT_TEST_PLAN,74_EMIB_FM54_TCB_DCP,A01_ACB81801,A01_TCB818,1204,A01,Falcon Mesa 54_1204
PROD CPU,TCB,Falcon Mesa 54,PENANG,A01_ACB81802,38,Falcon Mesa 54,POST_LOT_TEST_PLAN,74_EMIB_FM54_TCB_DCP,A01_ACB81802,A01_TCB818,1204,A01,Falcon Mesa 54_1204
PROD CPU,TCB,Falcon Mesa 55,PENANG,A01_ACB81001,34,Falcon Mesa 55,POST_LOT_TEST_PLAN,74_EMIB_FM55_TCB_DCP,A01_ACB81001,A01_TCB810,1204,A01,Falcon Mesa 55_1204
PROD CPU,TCB,Falcon Mesa 55,PENANG,A01_ACB81002,34,Falcon Mesa 55,POST_LOT_TEST_PLAN,74_EMIB_FM55_TCB_DCP,A01_ACB81002,A01_TCB810,1204,A01,Falcon Mesa 55_1204
PROD CPU,TCB,Falcon Mesa 619 - TPS,PENANG,A01_ACB80701,48,Falcon Mesa 619 - TPS,POST_LOT_TEST_PLAN,74_EMIB_FM61_TPS_TCB_DCP,A01_ACB80701,A01_TCB807,1204,A01,Falcon Mesa 619 - TPS_1204
PROD CPU,TCB,Falcon Mesa 619 - TPS,PENANG,A01_ACB81001,48,Falcon Mesa 619 - TPS,POST_LOT_TEST_PLAN,74_EMIB_FM61_TPS_TCB_DCP,A01_ACB81001,A01_TCB810,1204,A01,Falcon Mesa 619 - TPS_1204
PROD CPU,TCB,Falcon Mesa 619 - TPS,PENANG,A01_ACB81002,48,Falcon Mesa 619 - TPS,POST_LOT_TEST_PLAN,74_EMIB_FM61_TPS_TCB_DCP,A01_ACB81002,A01_TCB810,1204,A01,Falcon Mesa 619 - TPS_1204
PROD CPU,TCB,Falcon Mesa 66,PENANG,A01_ACB80701,31,Falcon Mesa 66,POST_LOT_TEST_PLAN,74_EMIB_FM66_TCB_DCP,A01_ACB80701,A01_TCB807,1204,A01,Falcon Mesa 66_1204
PROD CPU,TCB,Falcon Mesa 66,PENANG,A01_ACB81001,31,Falcon Mesa 66,POST_LOT_TEST_PLAN,74_EMIB_FM66_TCB_DCP,A01_ACB81001,A01_TCB810,1204,A01,Falcon Mesa 66_1204
PROD CPU,TCB,Falcon Mesa 66,PENANG,A01_ACB81002,31,Falcon Mesa 66,POST_LOT_TEST_PLAN,74_EMIB_FM66_TCB_DCP,A01_ACB81002,A01_TCB810,1204,A01,Falcon Mesa 66_1204
PROD CPU,TCB,Falcon Mesa 69 B0,PENANG,A01_ACB80401,40,Falcon Mesa 69 B0,POST_LOT_TEST_PLAN,74_EMIB_FM69_TCB_DCP,A01_ACB80401,A01_TCB804,1204,A01,Falcon Mesa 69 B0_1204
PROD CPU,TCB,Falcon Mesa 69 B0,PENANG,A01_ACB80402,40,Falcon Mesa 69 B0,POST_LOT_TEST_PLAN,74_EMIB_FM69_TCB_DCP,A01_ACB80402,A01_TCB804,1204,A01,Falcon Mesa 69 B0_1204
PROD CPU,TCB,Falcon Mesa 69 B0,PENANG,A01_ACB80701,40,Falcon Mesa 69 B0,POST_LOT_TEST_PLAN,74_EMIB_FM69_TCB_DCP,A01_ACB80701,A01_TCB807,1204,A01,Falcon Mesa 69 B0_1204
PROD CPU,TCB,Falcon Mesa 69 B0,PENANG,A01_ACB81001,40,Falcon Mesa 69 B0,POST_LOT_TEST_PLAN,74_EMIB_FM69_TCB_DCP,A01_ACB81001,A01_TCB810,1204,A01,Falcon Mesa 69 B0_1204
PROD CPU,TCB,Falcon Mesa 69 B0,PENANG,A01_ACB81002,40,Falcon Mesa 69 B0,POST_LOT_TEST_PLAN,74_EMIB_FM69_TCB_DCP,A01_ACB81002,A01_TCB810,1204,A01,Falcon Mesa 69 B0_1204
PROD CPU,TCB,Falcon Mesa 76 - New Flux,PENANG,A01_ACB81001,41,Falcon Mesa 76 - New Flux,POST_LOT_TEST_PLAN,74_EMIB_FM76_TCB_DCP,A01_ACB81001,A01_TCB810,1204,A01,Falcon Mesa 76 - New Flux_1204
PROD CPU,TCB,Falcon Mesa 76 - New Flux,PENANG,A01_ACB81002,41,Falcon Mesa 76 - New Flux,POST_LOT_TEST_PLAN,74_EMIB_FM76_TCB_DCP,A01_ACB81002,A01_TCB810,1204,A01,Falcon Mesa 76 - New Flux_1204
PROD CPU,TCB,Falcon Mesa 77 DSU,PENANG,A01_ACB80701,41,Falcon Mesa 77 DSU,POST_LOT_TEST_PLAN,74_EMIB_FM77_TCB_DCP,A01_ACB80701,A01_TCB807,1204,A01,Falcon Mesa 77 DSU_1204
PROD CPU,TCB,Falcon Mesa 77 DSU,PENANG,A01_ACB81001,41,Falcon Mesa 77 DSU,POST_LOT_TEST_PLAN,74_EMIB_FM77_TCB_DCP,A01_ACB81001,A01_TCB810,1204,A01,Falcon Mesa 77 DSU_1204
PROD CPU,TCB,Falcon Mesa 77 DSU,PENANG,A01_ACB81002,41,Falcon Mesa 77 DSU,POST_LOT_TEST_PLAN,74_EMIB_FM77_TCB_DCP,A01_ACB81002,A01_TCB810,1204,A01,Falcon Mesa 77 DSU_1204
PROD CPU,TCB,Falcon Mesa 83,PENANG,A01_ACB81001,39,Falcon Mesa 83,POST_LOT_TEST_PLAN,74_EMIB_FM83_TCB_DCP,A01_ACB81001,A01_TCB810,1204,A01,Falcon Mesa 83_1204
PROD CPU,TCB,Falcon Mesa 83,PENANG,A01_ACB81002,39,Falcon Mesa 83,POST_LOT_TEST_PLAN,74_EMIB_FM83_TCB_DCP,A01_ACB81002,A01_TCB810,1204,A01,Falcon Mesa 83_1204
PROD CPU,TCB,Falcon Mesa 83,PENANG,A01_ACB81801,39,Falcon Mesa 83,POST_LOT_TEST_PLAN,74_EMIB_FM83_TCB_DCP,A01_ACB81801,A01_TCB818,1204,A01,Falcon Mesa 83_1204
PROD CPU,TCB,Falcon Mesa 83,PENANG,A01_ACB81802,39,Falcon Mesa 83,POST_LOT_TEST_PLAN,74_EMIB_FM83_TCB_DCP,A01_ACB81802,A01_TCB818,1204,A01,Falcon Mesa 83_1204
PROD CPU,TCB,Falcon Mesa 85 TPS SC B0,PENANG,A01_ACB81001,45,Falcon Mesa 85 TPS SC B0,POST_LOT_TEST_PLAN,74_EMIB_FM85_TCB_DCP,A01_ACB81001,A01_TCB810,1204,A01,Falcon Mesa 85 TPS SC B0_1204
PROD CPU,TCB,Falcon Mesa 85 TPS SC B0,PENANG,A01_ACB81002,45,Falcon Mesa 85 TPS SC B0,POST_LOT_TEST_PLAN,74_EMIB_FM85_TCB_DCP,A01_ACB81002,A01_TCB810,1204,A01,Falcon Mesa 85 TPS SC B0_1204
PROD CPU,TCB,Falcon Mesa 85 TPS SC B0,PENANG,A01_ACB81801,45,Falcon Mesa 85 TPS SC B0,POST_LOT_TEST_PLAN,74_EMIB_FM85_TCB_DCP,A01_ACB81801,A01_TCB818,1204,A01,Falcon Mesa 85 TPS SC B0_1204
PROD CPU,TCB,Falcon Mesa 85 TPS SC B0,PENANG,A01_ACB81802,45,Falcon Mesa 85 TPS SC B0,POST_LOT_TEST_PLAN,74_EMIB_FM85_TCB_DCP,A01_ACB81802,A01_TCB818,1204,A01,Falcon Mesa 85 TPS SC B0_1204
PROD CPU,TCB,Falcon Mesa 86 B0,PENANG,A01_ACB81001,43,Falcon Mesa 86 B0,POST_LOT_TEST_PLAN,74_EMIB_FM86_TCB_DCP,A01_ACB81001,A01_TCB810,1204,A01,Falcon Mesa 86 B0_1204
PROD CPU,TCB,Falcon Mesa 86 B0,PENANG,A01_ACB81002,43,Falcon Mesa 86 B0,POST_LOT_TEST_PLAN,74_EMIB_FM86_TCB_DCP,A01_ACB81002,A01_TCB810,1204,A01,Falcon Mesa 86 B0_1204
PROD CPU,TCB,Falcon Mesa 86 B0,PENANG,A01_ACB81801,43,Falcon Mesa 86 B0,POST_LOT_TEST_PLAN,74_EMIB_FM86_TCB_DCP,A01_ACB81801,A01_TCB818,1204,A01,Falcon Mesa 86 B0_1204
PROD CPU,TCB,Falcon Mesa 86 B0,PENANG,A01_ACB81802,43,Falcon Mesa 86 B0,POST_LOT_TEST_PLAN,74_EMIB_FM86_TCB_DCP,A01_ACB81802,A01_TCB818,1204,A01,Falcon Mesa 86 B0_1204
PROD CPU,TCB,Falcon Mesa 91 - New Flux,PENANG,A01_ACB81001,46,Falcon Mesa 91 - New Flux,POST_LOT_TEST_PLAN,74_EMIB_FM91_TCB_DCP,A01_ACB81001,A01_TCB810,1204,A01,Falcon Mesa 91 - New Flux_1204
PROD CPU,TCB,Falcon Mesa 91 - New Flux,PENANG,A01_ACB81002,46,Falcon Mesa 91 - New Flux,POST_LOT_TEST_PLAN,74_EMIB_FM91_TCB_DCP,A01_ACB81002,A01_TCB810,1204,A01,Falcon Mesa 91 - New Flux_1204
PROD CPU,TCB,Falcon Mesa 91 - New Flux,PENANG,A01_ACB81801,46,Falcon Mesa 91 - New Flux,POST_LOT_TEST_PLAN,74_EMIB_FM91_TCB_DCP,A01_ACB81801,A01_TCB818,1204,A01,Falcon Mesa 91 - New Flux_1204
PROD CPU,TCB,Falcon Mesa 91 - New Flux,PENANG,A01_ACB81802,46,Falcon Mesa 91 - New Flux,POST_LOT_TEST_PLAN,74_EMIB_FM91_TCB_DCP,A01_ACB81802,A01_TCB818,1204,A01,Falcon Mesa 91 - New Flux_1204
PROD CPU,TCB,Falcon Mesa FM72-DSU,PENANG,A01_ACB80701,66,Falcon Mesa FM72-DSU,POST_LOT_TEST_PLAN,74_EMIB_FM72_TCB_DCP,A01_ACB80701,A01_TCB807,1204,A01,Falcon Mesa FM72-DSU_1204
PROD CPU,TCB,Falcon Mesa FM72-DSU,PENANG,A01_ACB81001,66,Falcon Mesa FM72-DSU,POST_LOT_TEST_PLAN,74_EMIB_FM72_TCB_DCP,A01_ACB81001,A01_TCB810,1204,A01,Falcon Mesa FM72-DSU_1204
PROD CPU,TCB,Falcon Mesa FM72-DSU,PENANG,A01_ACB81002,66,Falcon Mesa FM72-DSU,POST_LOT_TEST_PLAN,74_EMIB_FM72_TCB_DCP,A01_ACB81002,A01_TCB810,1204,A01,Falcon Mesa FM72-DSU_1204
PROD CPU,TCB,Falcon Park 81,PENANG,A01_TCK10101,13,Falcon Park 81,POST_LOT_TEST_PLAN,74_FALCONPARK81_TSX_DCP,A01_TCK10101,A01_TSX101,1204,A01,Falcon Park 81_1204
PROD CPU,TCB,Falcon Park 85,PENANG,A01_TCK10101,9,Falcon Park 85,POST_LOT_TEST_PLAN,74_FALCONPARK85_TSX_DCP,A01_TCK10101,A01_TSX101,1204,A01,Falcon Park 85_1204
PROD CPU,TCB,GMM,CHENGDU6,A48_TCK80001,4,GMM,POST_LOT_TEST_PLAN,76_GMM_TSX_DCP,A48_TCK80001,A48_TSX801,1204,A48,GMM_1204
PROD CPU,TCB,GNR D XCC Plus,KULIM5,A15_TCK50101,2,GNR D XCC Plus,POST_LOT_TEST_PLAN,76_GNR_D_XCC+_NOFLX_TSX_DCP,A15_TCK50101,A15_TSX501,1204,A15,GNR D XCC Plus_1204
PROD CPU,TCB,GNR D XCC Plus,KULIM5,A15_TCK51001,25,GNR D XCC Plus,POST_LOT_TEST_PLAN,76_GNR_D_XCC+_NOFLX_TSX_DCP,A15_TCK51001,A15_TSX510,2511,A15,GNR D XCC Plus_2511
PROD CPU,TCB,GNR D XCC Plus,KULIM5,A15_TCK51102,25,GNR D XCC Plus,POST_LOT_TEST_PLAN,76_GNR_D_XCC+_NOFLX_TSX_DCP,A15_TCK51102,A15_TSX511,2511,A15,GNR D XCC Plus_2511
PROD CPU,TCB,GNR SP HCC,KULIM5;SAIGON;,A15_TCK50501,28,GNR SP HCC,POST_LOT_TEST_PLAN,76_GNR_SP_HCC_FLUX_TSX_DCP,A15_TCK50501,A15_TSX505,1204,A15,GNR SP HCC_1204
PROD CPU,TCB,GNR SP HCC,KULIM5,A15_TCK50901,56,GNR SP HCC,POST_LOT_TEST_PLAN,76_GNR_SP_HCC_TSX_DCP,A15_TCK50901,A15_TSX509,2511,A15,GNR SP HCC_2511
PROD CPU,TCB,GNR SP HCC,KULIM5,A15_TCK51001,56,GNR SP HCC,POST_LOT_TEST_PLAN,76_GNR_SP_HCC_TSX_DCP,A15_TCK51001,A15_TSX510,2511,A15,GNR SP HCC_2511
PROD CPU,TCB,GNR SP HCC,KULIM5,A15_TCK51301,56,GNR SP HCC,POST_LOT_TEST_PLAN,76_GNR_SP_HCC_TSX_DCP,A15_TCK51301,A15_TSX513,2511,A15,GNR SP HCC_2511
PROD CPU,TCB,GNR SP HCC,KULIM5;SAIGON;,A90_TCK00008,29,GNR SP HCC,POST_LOT_TEST_PLAN,76_GNR_SP_HCC_FLUX_TSX_DCP,A90_TCK00008,A90_TSX208,1204,A90,GNR SP HCC_1204
PROD CPU,TCB,GNR SP HCC,KULIM5;SAIGON;,A90_TCK00009,29,GNR SP HCC,POST_LOT_TEST_PLAN,76_GNR_SP_HCC_FLUX_TSX_DCP,A90_TCK00009,A90_TSX209,1204,A90,GNR SP HCC_1204
PROD CPU,TCB,GNR SP LCC,KULIM5;SAIGON;,A15_TCK50601,30,GNR SP LCC,POST_LOT_TEST_PLAN,76_GNR_SP_LCC_FLUX_TSX_DCP,A15_TCK50601,A15_TSX506,1204,A15,GNR SP LCC_1204
PROD CPU,TCB,GNR SP LCC,KULIM5,A15_TCK51102,49,GNR SP LCC,POST_LOT_TEST_PLAN,76_GNR_SP_LCC_TSX_DCP,A15_TCK51102,A15_TSX511,2511,A15,GNR SP LCC_2511
PROD CPU,TCB,GNR SP LCC,KULIM5,A15_TCK51301,49,GNR SP LCC,POST_LOT_TEST_PLAN,76_GNR_SP_LCC_TSX_DCP,A15_TCK51301,A15_TSX513,2511,A15,GNR SP LCC_2511
PROD CPU,TCB,GNR SP LCC,KULIM5;SAIGON;,A90_TCK00005,33,GNR SP LCC,POST_LOT_TEST_PLAN,76_GNR_SP_LCC_FLUX_TSX_DCP,A90_TCK00005,A90_TSX205,1204,A90,GNR SP LCC_1204
PROD CPU,TCB,GNR SP LCC,SAIGON,A90_TCK00007,34,GNR SP LCC,POST_LOT_TEST_PLAN,76_GNR_SP_LCC_FLUX_TSX_DCP,A90_TCK00007,A90_TSX207,1204,A90,GNR SP LCC_1204
PROD CPU,TCB,GNR SP LCC,KULIM5;SAIGON;,A90_TCK00009,33,GNR SP LCC,POST_LOT_TEST_PLAN,76_GNR_SP_LCC_FLUX_TSX_DCP,A90_TCK00009,A90_TSX209,1204,A90,GNR SP LCC_1204
PROD CPU,TCB,GNR UCC,KULIM5,A15_TCK00002,64,GNR UCC,POST_LOT_TEST_PLAN,76_GNR_UCC_TSX_DCP,A15_TCK00002,A15_TSX102,1204,A15,GNR UCC_1204
PROD CPU,TCB,GNR UCC,KULIM5,A15_TCK50501,64,GNR UCC,POST_LOT_TEST_PLAN,76_GNR_UCC_TSX_DCP,A15_TCK50501,A15_TSX505,1204,A15,GNR UCC_1204
PROD CPU,TCB,GNR UCC,KULIM5,A15_TCK50601,64,GNR UCC,POST_LOT_TEST_PLAN,76_GNR_UCC_TSX_DCP,A15_TCK50601,A15_TSX506,1204,A15,GNR UCC_1204
PROD CPU,TCB,GNR UCC,PG18;KULIM5;,A15_TCK50901,87,GNR UCC,POST_LOT_TEST_PLAN,76_GNR_UCC_FA_TSX_DCP,A15_TCK50901,A15_TSX509,2511,A15,GNR UCC_2511
PROD CPU,TCB,GNR UCC,PG18;KULIM5;,A15_TCK51001,87,GNR UCC,POST_LOT_TEST_PLAN,76_GNR_UCC_FA_TSX_DCP,A15_TCK51001,A15_TSX510,2511,A15,GNR UCC_2511
PROD CPU,TCB,GNR UCC,PG18;KULIM5;,A15_TCK51102,87,GNR UCC,POST_LOT_TEST_PLAN,76_GNR_UCC_FA_TSX_DCP,A15_TCK51102,A15_TSX511,2511,A15,GNR UCC_2511
PROD CPU,TCB,GNR UCC,PG18;KULIM5;,A15_TCK51201,87,GNR UCC,POST_LOT_TEST_PLAN,76_GNR_UCC_FA_TSX_DCP,A15_TCK51201,A15_TSX512,2511,A15,GNR UCC_2511
PROD CPU,TCB,GNR UCC,PG18;KULIM5;,A15_TCK51301,87,GNR UCC,POST_LOT_TEST_PLAN,76_GNR_UCC_FA_TSX_DCP,A15_TCK51301,A15_TSX513,2511,A15,GNR UCC_2511
PROD CPU,TCB,GNR UCC,PG18;KULIM5;,A15_TCK51501,87,GNR UCC,POST_LOT_TEST_PLAN,76_GNR_UCC_FA_TSX_DCP,A15_TCK51501,A15_TSX515,2511,A15,GNR UCC_2511
PROD CPU,TCB,GNR UCC,PG18;KULIM5;,A15_TCK51601,87,GNR UCC,POST_LOT_TEST_PLAN,76_GNR_UCC_FA_TSX_DCP,A15_TCK51601,A15_TSX516,2511,A15,GNR UCC_2511
PROD CPU,TCB,GNR XCC,KULIM5,A15_TCK50501,38,GNR XCC,POST_LOT_TEST_PLAN,76_GNR_XCC_TSX_DCP,A15_TCK50501,A15_TSX505,1204,A15,GNR XCC_1204
PROD CPU,TCB,GNR XCC,KULIM5,A15_TCK51001,65,GNR XCC,POST_LOT_TEST_PLAN,76_GNR_XCC_FA_TSX_DCP,A15_TCK51001,A15_TSX510,2511,A15,GNR XCC_2511
PROD CPU,TCB,GNR XCC,KULIM5,A15_TCK51201,65,GNR XCC,POST_LOT_TEST_PLAN,76_GNR_XCC_FA_TSX_DCP,A15_TCK51201,A15_TSX512,2511,A15,GNR XCC_2511
PROD CPU,TCB,GNR XCC,KULIM5,A15_TCK51301,65,GNR XCC,POST_LOT_TEST_PLAN,76_GNR_XCC_FA_TSX_DCP,A15_TCK51301,A15_TSX513,2511,A15,GNR XCC_2511
PROD CPU,TCB,GNR XCC,KULIM5,A15_TCK51501,65,GNR XCC,POST_LOT_TEST_PLAN,76_GNR_XCC_FA_TSX_DCP,A15_TCK51501,A15_TSX515,2511,A15,GNR XCC_2511
PROD CPU,TCB,Grand Ridge PCH,SAIGON,A90_AFB00009,64,Grand Ridge PCH,POST_LOT_TEST_PLAN,76_GRR_TCB_DCP,A90_AFB00009,A90_TCB203,1204,A90,Grand Ridge PCH_1204
PROD CPU,TCB,Grand Ridge PCH,SAIGON,A90_AFB00010,64,Grand Ridge PCH,POST_LOT_TEST_PLAN,76_GRR_TCB_DCP,A90_AFB00010,A90_TCB203,1204,A90,Grand Ridge PCH_1204
PROD CPU,TCB,Grand Ridge PCH,SAIGON,A90_AFB00011,64,Grand Ridge PCH,POST_LOT_TEST_PLAN,76_GRR_TCB_DCP,A90_AFB00011,A90_TCB203,1204,A90,Grand Ridge PCH_1204
PROD CPU,TCB,Grand Ridge PCH,SAIGON,A90_AFB00012,64,Grand Ridge PCH,POST_LOT_TEST_PLAN,76_GRR_TCB_DCP,A90_AFB00012,A90_TCB203,1204,A90,Grand Ridge PCH_1204
PROD CPU,TCB,Grand Ridge PCH,SAIGON,A90_AFB00081,64,Grand Ridge PCH,POST_LOT_TEST_PLAN,76_GRR_TCB_DCP,A90_AFB00081,A90_TCB215,1204,A90,Grand Ridge PCH_1204
PROD CPU,TCB,Grand Ridge PCH,SAIGON,A90_AFB00082,64,Grand Ridge PCH,POST_LOT_TEST_PLAN,76_GRR_TCB_DCP,A90_AFB00082,A90_TCB215,1204,A90,Grand Ridge PCH_1204
PROD CPU,TCB,Grand Ridge PCH,SAIGON,A90_AFB00122,64,Grand Ridge PCH,POST_LOT_TEST_PLAN,76_GRR_TCB_DCP,A90_AFB00122,A90_TCB216,1204,A90,Grand Ridge PCH_1204
PROD CPU,TCB,Grand Ridge PCH,SAIGON,A90_AFB00123,64,Grand Ridge PCH,POST_LOT_TEST_PLAN,76_GRR_TCB_DCP,A90_AFB00123,A90_TCB216,1204,A90,Grand Ridge PCH_1204
PROD CPU,TCB,Grand Ridge PCH,SAIGON,A90_AFB00124,64,Grand Ridge PCH,POST_LOT_TEST_PLAN,76_GRR_TCB_DCP,A90_AFB00124,A90_TCB216,1204,A90,Grand Ridge PCH_1204
PROD CPU,TCB,Grand Ridge PCH,SAIGON,A90_AFB00125,64,Grand Ridge PCH,POST_LOT_TEST_PLAN,76_GRR_TCB_DCP,A90_AFB00125,A90_TCB216,1204,A90,Grand Ridge PCH_1204
PROD CPU,TCB,Granite Rapids D HCC,KULIM5,A15_TCK50901,46,Granite Rapids D HCC,POST_LOT_TEST_PLAN,76_GNRD_HCCR1_TSX_DCP,A15_TCK50901,A15_TSX509,2511,A15,Granite Rapids D HCC_2511
PROD CPU,TCB,Granite Rapids D HCC,KULIM5,A15_TCK51102,46,Granite Rapids D HCC,POST_LOT_TEST_PLAN,76_GNRD_HCCR1_TSX_DCP,A15_TCK51102,A15_TSX511,2511,A15,Granite Rapids D HCC_2511
PROD CPU,TCB,ICE LAKE DE HCC,PENANG,A01_ACB80401,66,ICE LAKE DE HCC,POST_LOT_TEST_PLAN,74_ICX_DE_HCC_TCB_DCP,A01_ACB80401,A01_TCB804,1204,A01,ICE LAKE DE HCC_1204
PROD CPU,TCB,ICE LAKE DE HCC,PENANG,A01_ACB80402,66,ICE LAKE DE HCC,POST_LOT_TEST_PLAN,74_ICX_DE_HCC_TCB_DCP,A01_ACB80402,A01_TCB804,1204,A01,ICE LAKE DE HCC_1204
PROD CPU,TCB,ICE LAKE DE HCC,PENANG,A01_ACB80801,66,ICE LAKE DE HCC,POST_LOT_TEST_PLAN,74_ICX_DE_HCC_TCB_DCP,A01_ACB80801,A01_TCB808,1204,A01,ICE LAKE DE HCC_1204
PROD CPU,TCB,ICE LAKE DE HCC,PENANG,A01_ACB80802,66,ICE LAKE DE HCC,POST_LOT_TEST_PLAN,74_ICX_DE_HCC_TCB_DCP,A01_ACB80802,A01_TCB808,1204,A01,ICE LAKE DE HCC_1204
PROD CPU,TCB,ICE LAKE DE HCC,PENANG,A01_ACB80901,66,ICE LAKE DE HCC,POST_LOT_TEST_PLAN,74_ICX_DE_HCC_TCB_DCP,A01_ACB80901,A01_TCB809,1204,A01,ICE LAKE DE HCC_1204
PROD CPU,TCB,ICE LAKE DE HCC,PENANG,A01_ACB80902,66,ICE LAKE DE HCC,POST_LOT_TEST_PLAN,74_ICX_DE_HCC_TCB_DCP,A01_ACB80902,A01_TCB809,1204,A01,ICE LAKE DE HCC_1204
PROD CPU,TCB,ICE LAKE DE HCC,PENANG,A01_AFB81201,66,ICE LAKE DE HCC,POST_LOT_TEST_PLAN,74_ICX_DE_HCC_TCB_DCP,A01_AFB81201,A01_TCB812,1204,A01,ICE LAKE DE HCC_1204
PROD CPU,TCB,ICE LAKE DE HCC,PENANG,A01_AFB81202,66,ICE LAKE DE HCC,POST_LOT_TEST_PLAN,74_ICX_DE_HCC_TCB_DCP,A01_AFB81202,A01_TCB812,1204,A01,ICE LAKE DE HCC_1204
PROD CPU,TCB,ICE LAKE DE HCC,PENANG,A01_AFB81301,66,ICE LAKE DE HCC,POST_LOT_TEST_PLAN,74_ICX_DE_HCC_TCB_DCP,A01_AFB81301,A01_TCB813,1204,A01,ICE LAKE DE HCC_1204
PROD CPU,TCB,ICE LAKE DE HCC,PENANG,A01_AFB81302,66,ICE LAKE DE HCC,POST_LOT_TEST_PLAN,74_ICX_DE_HCC_TCB_DCP,A01_AFB81302,A01_TCB813,1204,A01,ICE LAKE DE HCC_1204
PROD CPU,TCB,ICE LAKE DE LCC,PENANG,A01_ACB80401,86,ICE LAKE DE LCC,POST_LOT_TEST_PLAN,74_ICX_DE_LCC_TCB_DCP,A01_ACB80401,A01_TCB804,1204,A01,ICE LAKE DE LCC_1204
PROD CPU,TCB,ICE LAKE DE LCC,PENANG,A01_ACB80402,86,ICE LAKE DE LCC,POST_LOT_TEST_PLAN,74_ICX_DE_LCC_TCB_DCP,A01_ACB80402,A01_TCB804,1204,A01,ICE LAKE DE LCC_1204
PROD CPU,TCB,ICE LAKE DE LCC,PENANG,A01_ACB80801,86,ICE LAKE DE LCC,POST_LOT_TEST_PLAN,74_ICX_DE_LCC_TCB_DCP,A01_ACB80801,A01_TCB808,1204,A01,ICE LAKE DE LCC_1204
PROD CPU,TCB,ICE LAKE DE LCC,PENANG,A01_ACB80802,86,ICE LAKE DE LCC,POST_LOT_TEST_PLAN,74_ICX_DE_LCC_TCB_DCP,A01_ACB80802,A01_TCB808,1204,A01,ICE LAKE DE LCC_1204
PROD CPU,TCB,ICE LAKE DE LCC,PENANG,A01_ACB80901,86,ICE LAKE DE LCC,POST_LOT_TEST_PLAN,74_ICX_DE_LCC_TCB_DCP,A01_ACB80901,A01_TCB809,1204,A01,ICE LAKE DE LCC_1204
PROD CPU,TCB,ICE LAKE DE LCC,PENANG,A01_ACB80902,86,ICE LAKE DE LCC,POST_LOT_TEST_PLAN,74_ICX_DE_LCC_TCB_DCP,A01_ACB80902,A01_TCB809,1204,A01,ICE LAKE DE LCC_1204
PROD CPU,TCB,ICE LAKE DE LCC,PENANG,A01_AFB81201,86,ICE LAKE DE LCC,POST_LOT_TEST_PLAN,74_ICX_DE_LCC_TCB_DCP,A01_AFB81201,A01_TCB812,1204,A01,ICE LAKE DE LCC_1204
PROD CPU,TCB,ICE LAKE DE LCC,PENANG,A01_AFB81202,86,ICE LAKE DE LCC,POST_LOT_TEST_PLAN,74_ICX_DE_LCC_TCB_DCP,A01_AFB81202,A01_TCB812,1204,A01,ICE LAKE DE LCC_1204
PROD CPU,TCB,ICE LAKE DE LCC,PENANG,A01_AFB81301,86,ICE LAKE DE LCC,POST_LOT_TEST_PLAN,74_ICX_DE_LCC_TCB_DCP,A01_AFB81301,A01_TCB813,1204,A01,ICE LAKE DE LCC_1204
PROD CPU,TCB,ICE LAKE DE LCC,PENANG,A01_AFB81302,86,ICE LAKE DE LCC,POST_LOT_TEST_PLAN,74_ICX_DE_LCC_TCB_DCP,A01_AFB81302,A01_TCB813,1204,A01,ICE LAKE DE LCC_1204
PROD CPU,TCB,ICE LAKE SP HCC 500UM,SAIGON,A90_AFB00081,107,ICE LAKE SP HCC 500UM,POST_LOT_TEST_PLAN,74_ICX_SP_HCC_TSX_DCP,A90_AFB00081,A90_TCB215,1204,A90,ICE LAKE SP HCC 500UM_1204
PROD CPU,TCB,ICE LAKE SP HCC 500UM,SAIGON,A90_AFB00081,107,ICE LAKE SP HCC 500UM,POST_LOT_TEST_PLAN,74_ICX_SP_HCC_TCB_DCP,A90_AFB00081,A90_TCB215,1204,A90,ICE LAKE SP HCC 500UM_1204
PROD CPU,TCB,ICE LAKE SP HCC 500UM,SAIGON,A90_AFB00082,107,ICE LAKE SP HCC 500UM,POST_LOT_TEST_PLAN,74_ICX_SP_HCC_TCB_DCP,A90_AFB00082,A90_TCB215,1204,A90,ICE LAKE SP HCC 500UM_1204
PROD CPU,TCB,ICE LAKE SP HCC 500UM,SAIGON,A90_AFB00082,107,ICE LAKE SP HCC 500UM,POST_LOT_TEST_PLAN,74_ICX_SP_HCC_TSX_DCP,A90_AFB00082,A90_TCB215,1204,A90,ICE LAKE SP HCC 500UM_1204
PROD CPU,TCB,ICE LAKE SP HCC 500UM,SAIGON,A90_AFB00122,107,ICE LAKE SP HCC 500UM,POST_LOT_TEST_PLAN,74_ICX_SP_HCC_TCB_DCP,A90_AFB00122,A90_TCB216,1204,A90,ICE LAKE SP HCC 500UM_1204
PROD CPU,TCB,ICE LAKE SP HCC 500UM,SAIGON,A90_AFB00122,107,ICE LAKE SP HCC 500UM,POST_LOT_TEST_PLAN,74_ICX_SP_HCC_TSX_DCP,A90_AFB00122,A90_TCB216,1204,A90,ICE LAKE SP HCC 500UM_1204
PROD CPU,TCB,ICE LAKE SP HCC 500UM,SAIGON,A90_AFB00123,107,ICE LAKE SP HCC 500UM,POST_LOT_TEST_PLAN,74_ICX_SP_HCC_TSX_DCP,A90_AFB00123,A90_TCB216,1204,A90,ICE LAKE SP HCC 500UM_1204
PROD CPU,TCB,ICE LAKE SP HCC 500UM,SAIGON,A90_AFB00123,107,ICE LAKE SP HCC 500UM,POST_LOT_TEST_PLAN,74_ICX_SP_HCC_TCB_DCP,A90_AFB00123,A90_TCB216,1204,A90,ICE LAKE SP HCC 500UM_1204
PROD CPU,TCB,ICE LAKE SP HCC 500UM,SAIGON,A90_AFB00124,107,ICE LAKE SP HCC 500UM,POST_LOT_TEST_PLAN,74_ICX_SP_HCC_TCB_DCP,A90_AFB00124,A90_TCB216,1204,A90,ICE LAKE SP HCC 500UM_1204
PROD CPU,TCB,ICE LAKE SP HCC 500UM,SAIGON,A90_AFB00124,107,ICE LAKE SP HCC 500UM,POST_LOT_TEST_PLAN,74_ICX_SP_HCC_TSX_DCP,A90_AFB00124,A90_TCB216,1204,A90,ICE LAKE SP HCC 500UM_1204
PROD CPU,TCB,ICE LAKE SP HCC 500UM,SAIGON,A90_AFB00125,107,ICE LAKE SP HCC 500UM,POST_LOT_TEST_PLAN,74_ICX_SP_HCC_TSX_DCP,A90_AFB00125,A90_TCB216,1204,A90,ICE LAKE SP HCC 500UM_1204
PROD CPU,TCB,ICE LAKE SP HCC 500UM,SAIGON,A90_AFB00125,107,ICE LAKE SP HCC 500UM,POST_LOT_TEST_PLAN,74_ICX_SP_HCC_TCB_DCP,A90_AFB00125,A90_TCB216,1204,A90,ICE LAKE SP HCC 500UM_1204
PROD CPU,TCB,ICE LAKE XCC SERVER THIN,PENANG,A01_ACB80101,84,ICE LAKE XCC SERVER THIN,POST_LOT_TEST_PLAN,74_ICX_SP_XCC_TCB_DCP,A01_ACB80101,A01_TCB801,1204,A01,ICE LAKE XCC SERVER THIN_1204
PROD CPU,TCB,ICE LAKE XCC SERVER THIN,PENANG,A01_ACB80102,84,ICE LAKE XCC SERVER THIN,POST_LOT_TEST_PLAN,74_ICX_SP_XCC_TCB_DCP,A01_ACB80102,A01_TCB801,1204,A01,ICE LAKE XCC SERVER THIN_1204
PROD CPU,TCB,ICE LAKE XCC SERVER THIN,PENANG,A01_ACB80901,84,ICE LAKE XCC SERVER THIN,POST_LOT_TEST_PLAN,74_ICX_SP_XCC_TCB_DCP,A01_ACB80901,A01_TCB809,1204,A01,ICE LAKE XCC SERVER THIN_1204
PROD CPU,TCB,ICE LAKE XCC SERVER THIN,PENANG,A01_ACB80902,84,ICE LAKE XCC SERVER THIN,POST_LOT_TEST_PLAN,74_ICX_SP_XCC_TCB_DCP,A01_ACB80902,A01_TCB809,1204,A01,ICE LAKE XCC SERVER THIN_1204
PROD CPU,TCB,ICE LAKE XCC SERVER THIN,PENANG,A01_AFB81201,84,ICE LAKE XCC SERVER THIN,POST_LOT_TEST_PLAN,74_ICX_SP_XCC_TCB_DCP,A01_AFB81201,A01_TCB812,1204,A01,ICE LAKE XCC SERVER THIN_1204
PROD CPU,TCB,ICE LAKE XCC SERVER THIN,PENANG,A01_AFB81202,84,ICE LAKE XCC SERVER THIN,POST_LOT_TEST_PLAN,74_ICX_SP_XCC_TCB_DCP,A01_AFB81202,A01_TCB812,1204,A01,ICE LAKE XCC SERVER THIN_1204
PROD CPU,TCB,ICE LAKE XCC SERVER THIN,KULIM5,A15_ACB00019,121,ICE LAKE XCC SERVER THIN,POST_LOT_TEST_PLAN,74_ICX_SP_XCC_TCB_DCP,A15_ACB00019,A15_TCB005,1204,A15,ICE LAKE XCC SERVER THIN_1204
PROD CPU,TCB,ICE LAKE XCC SERVER THIN,KULIM5,A15_ACB00019,121,ICE LAKE XCC SERVER THIN,POST_LOT_TEST_PLAN,74_ICX_SP_XCC_TSX_DCP,A15_ACB00019,A15_TCB005,1204,A15,ICE LAKE XCC SERVER THIN_1204
PROD CPU,TCB,ICE LAKE XCC SERVER THIN,KULIM5,A15_ACB00020,121,ICE LAKE XCC SERVER THIN,POST_LOT_TEST_PLAN,74_ICX_SP_XCC_TSX_DCP,A15_ACB00020,A15_TCB005,1204,A15,ICE LAKE XCC SERVER THIN_1204
PROD CPU,TCB,ICE LAKE XCC SERVER THIN,KULIM5,A15_ACB00020,121,ICE LAKE XCC SERVER THIN,POST_LOT_TEST_PLAN,74_ICX_SP_XCC_TCB_DCP,A15_ACB00020,A15_TCB005,1204,A15,ICE LAKE XCC SERVER THIN_1204
PROD CPU,TCB,ICE LAKE XCC SERVER THIN,KULIM5,A15_ACB00021,121,ICE LAKE XCC SERVER THIN,POST_LOT_TEST_PLAN,74_ICX_SP_XCC_TSX_DCP,A15_ACB00021,A15_TCB006,1204,A15,ICE LAKE XCC SERVER THIN_1204
PROD CPU,TCB,ICE LAKE XCC SERVER THIN,KULIM5,A15_ACB00021,121,ICE LAKE XCC SERVER THIN,POST_LOT_TEST_PLAN,74_ICX_SP_XCC_TCB_DCP,A15_ACB00021,A15_TCB006,1204,A15,ICE LAKE XCC SERVER THIN_1204
PROD CPU,TCB,ICE LAKE XCC SERVER THIN,KULIM5,A15_ACB00022,121,ICE LAKE XCC SERVER THIN,POST_LOT_TEST_PLAN,74_ICX_SP_XCC_TCB_DCP,A15_ACB00022,A15_TCB006,1204,A15,ICE LAKE XCC SERVER THIN_1204
PROD CPU,TCB,ICE LAKE XCC SERVER THIN,KULIM5,A15_ACB00022,121,ICE LAKE XCC SERVER THIN,POST_LOT_TEST_PLAN,74_ICX_SP_XCC_TSX_DCP,A15_ACB00022,A15_TCB006,1204,A15,ICE LAKE XCC SERVER THIN_1204
PROD CPU,TCB,ICE LAKE XCC SERVER THIN,SAIGON,A90_AFB00081,123,ICE LAKE XCC SERVER THIN,POST_LOT_TEST_PLAN,74_ICX_SP_XCC_TSX_DCP,A90_AFB00081,A90_TCB215,1204,A90,ICE LAKE XCC SERVER THIN_1204
PROD CPU,TCB,ICE LAKE XCC SERVER THIN,SAIGON,A90_AFB00081,123,ICE LAKE XCC SERVER THIN,POST_LOT_TEST_PLAN,74_ICX_SP_XCC_TCB_DCP,A90_AFB00081,A90_TCB215,1204,A90,ICE LAKE XCC SERVER THIN_1204
PROD CPU,TCB,ICE LAKE XCC SERVER THIN,SAIGON,A90_AFB00082,123,ICE LAKE XCC SERVER THIN,POST_LOT_TEST_PLAN,74_ICX_SP_XCC_TSX_DCP,A90_AFB00082,A90_TCB215,1204,A90,ICE LAKE XCC SERVER THIN_1204
PROD CPU,TCB,ICE LAKE XCC SERVER THIN,SAIGON,A90_AFB00082,123,ICE LAKE XCC SERVER THIN,POST_LOT_TEST_PLAN,74_ICX_SP_XCC_TCB_DCP,A90_AFB00082,A90_TCB215,1204,A90,ICE LAKE XCC SERVER THIN_1204
PROD CPU,TCB,ICE LAKE XCC SERVER THIN,SAIGON,A90_AFB00122,123,ICE LAKE XCC SERVER THIN,POST_LOT_TEST_PLAN,74_ICX_SP_XCC_TCB_DCP,A90_AFB00122,A90_TCB216,1204,A90,ICE LAKE XCC SERVER THIN_1204
PROD CPU,TCB,ICE LAKE XCC SERVER THIN,SAIGON,A90_AFB00122,123,ICE LAKE XCC SERVER THIN,POST_LOT_TEST_PLAN,74_ICX_SP_XCC_TSX_DCP,A90_AFB00122,A90_TCB216,1204,A90,ICE LAKE XCC SERVER THIN_1204
PROD CPU,TCB,ICE LAKE XCC SERVER THIN,SAIGON,A90_AFB00123,123,ICE LAKE XCC SERVER THIN,POST_LOT_TEST_PLAN,74_ICX_SP_XCC_TSX_DCP,A90_AFB00123,A90_TCB216,1204,A90,ICE LAKE XCC SERVER THIN_1204
PROD CPU,TCB,ICE LAKE XCC SERVER THIN,SAIGON,A90_AFB00123,123,ICE LAKE XCC SERVER THIN,POST_LOT_TEST_PLAN,74_ICX_SP_XCC_TCB_DCP,A90_AFB00123,A90_TCB216,1204,A90,ICE LAKE XCC SERVER THIN_1204
PROD CPU,TCB,ICE LAKE XCC SERVER THIN,SAIGON,A90_AFB00124,123,ICE LAKE XCC SERVER THIN,POST_LOT_TEST_PLAN,74_ICX_SP_XCC_TCB_DCP,A90_AFB00124,A90_TCB216,1204,A90,ICE LAKE XCC SERVER THIN_1204
PROD CPU,TCB,ICE LAKE XCC SERVER THIN,SAIGON,A90_AFB00124,123,ICE LAKE XCC SERVER THIN,POST_LOT_TEST_PLAN,74_ICX_SP_XCC_TSX_DCP,A90_AFB00124,A90_TCB216,1204,A90,ICE LAKE XCC SERVER THIN_1204
PROD CPU,TCB,ICE LAKE XCC SERVER THIN,SAIGON,A90_AFB00125,123,ICE LAKE XCC SERVER THIN,POST_LOT_TEST_PLAN,74_ICX_SP_XCC_TSX_DCP,A90_AFB00125,A90_TCB216,1204,A90,ICE LAKE XCC SERVER THIN_1204
PROD CPU,TCB,ICE LAKE XCC SERVER THIN,SAIGON,A90_AFB00125,123,ICE LAKE XCC SERVER THIN,POST_LOT_TEST_PLAN,74_ICX_SP_XCC_TCB_DCP,A90_AFB00125,A90_TCB216,1204,A90,ICE LAKE XCC SERVER THIN_1204
PROD CPU,TCB,IFS GLACIER ROCK A0,"PENANG;CHENGDU6;CHANDLER, ARIZONA;",A01_ACB80401,39,IFS GLACIER ROCK A0,POST_LOT_TEST_PLAN,FOUNDRY_GR_TCB_DCP,A01_ACB80401,A01_TCB804,1204,A01,IFS GLACIER ROCK A0_1204
PROD CPU,TCB,IFS GLACIER ROCK A0,"PENANG;CHENGDU6;CHANDLER, ARIZONA;",A01_ACB80402,39,IFS GLACIER ROCK A0,POST_LOT_TEST_PLAN,FOUNDRY_GR_TCB_DCP,A01_ACB80402,A01_TCB804,1204,A01,IFS GLACIER ROCK A0_1204
PROD CPU,TCB,IFS GLACIER ROCK A0,"PENANG;CHENGDU6;CHANDLER, ARIZONA;",A01_ACB80901,39,IFS GLACIER ROCK A0,POST_LOT_TEST_PLAN,FOUNDRY_GR_TCB_DCP,A01_ACB80901,A01_TCB809,1204,A01,IFS GLACIER ROCK A0_1204
PROD CPU,TCB,IFS GLACIER ROCK A0,"PENANG;CHENGDU6;CHANDLER, ARIZONA;",A01_ACB80902,39,IFS GLACIER ROCK A0,POST_LOT_TEST_PLAN,FOUNDRY_GR_TCB_DCP,A01_ACB80902,A01_TCB809,1204,A01,IFS GLACIER ROCK A0_1204
PROD CPU,TCB,IFS GLACIER ROCK A0,"PENANG;CHENGDU6;CHANDLER, ARIZONA;",A01_ACB81401,39,IFS GLACIER ROCK A0,POST_LOT_TEST_PLAN,FOUNDRY_GR_TCB_DCP,A01_ACB81401,A01_TCB814,1204,A01,IFS GLACIER ROCK A0_1204
PROD CPU,TCB,IFS GLACIER ROCK A0,"PENANG;CHENGDU6;CHANDLER, ARIZONA;",A01_ACB81402,39,IFS GLACIER ROCK A0,POST_LOT_TEST_PLAN,FOUNDRY_GR_TCB_DCP,A01_ACB81402,A01_TCB814,1204,A01,IFS GLACIER ROCK A0_1204
PROD CPU,TCB,Icicle Creek 500um,CHENGDU6,A48_ACB70009,59,Icicle Creek 500um,POST_LOT_TEST_PLAN,74_ICICLE_CREEK_FASTTCB_DCP,A48_ACB70009,A48_TCB703,1204,A48,Icicle Creek 500um_1204
PROD CPU,TCB,Icicle Creek 500um,CHENGDU6,A48_ACB70010,59,Icicle Creek 500um,POST_LOT_TEST_PLAN,74_ICICLE_CREEK_FASTTCB_DCP,A48_ACB70010,A48_TCB703,1204,A48,Icicle Creek 500um_1204
PROD CPU,TCB,Icicle Creek 500um,CHENGDU6,A48_ACB70011,59,Icicle Creek 500um,POST_LOT_TEST_PLAN,74_ICICLE_CREEK_FASTTCB_DCP,A48_ACB70011,A48_TCB703,1204,A48,Icicle Creek 500um_1204
PROD CPU,TCB,Icicle Creek 500um,CHENGDU6,A48_ACB70012,59,Icicle Creek 500um,POST_LOT_TEST_PLAN,74_ICICLE_CREEK_FASTTCB_DCP,A48_ACB70012,A48_TCB703,1204,A48,Icicle Creek 500um_1204
PROD CPU,TCB,Icicle Creek 500um,CHENGDU6,A48_ACB70029,59,Icicle Creek 500um,POST_LOT_TEST_PLAN,74_ICICLE_CREEK_FASTTCB_DCP,A48_ACB70029,A48_TCB708,1204,A48,Icicle Creek 500um_1204
PROD CPU,TCB,Icicle Creek 500um,CHENGDU6,A48_ACB70030,59,Icicle Creek 500um,POST_LOT_TEST_PLAN,74_ICICLE_CREEK_FASTTCB_DCP,A48_ACB70030,A48_TCB708,1204,A48,Icicle Creek 500um_1204
PROD CPU,TCB,Icicle Creek 500um,CHENGDU6,A48_ACB70031,59,Icicle Creek 500um,POST_LOT_TEST_PLAN,74_ICICLE_CREEK_FASTTCB_DCP,A48_ACB70031,A48_TCB708,1204,A48,Icicle Creek 500um_1204
PROD CPU,TCB,Icicle Creek 500um,CHENGDU6,A48_ACB70032,59,Icicle Creek 500um,POST_LOT_TEST_PLAN,74_ICICLE_CREEK_FASTTCB_DCP,A48_ACB70032,A48_TCB708,1204,A48,Icicle Creek 500um_1204
PROD CPU,TCB,JASPER LAKE R2 2X9,SAIGON,A90_AFB00001,87,JASPER LAKE R2 2X9,POST_LOT_TEST_PLAN,74_JSL_FAST_TCB_DCP,A90_AFB00001,A90_TCB201,1204,A90,JASPER LAKE R2 2X9_1204
PROD CPU,TCB,JASPER LAKE R2 2X9,SAIGON,A90_AFB00002,87,JASPER LAKE R2 2X9,POST_LOT_TEST_PLAN,74_JSL_FAST_TCB_DCP,A90_AFB00002,A90_TCB201,1204,A90,JASPER LAKE R2 2X9_1204
PROD CPU,TCB,JASPER LAKE R2 2X9,SAIGON,A90_AFB00003,87,JASPER LAKE R2 2X9,POST_LOT_TEST_PLAN,74_JSL_FAST_TCB_DCP,A90_AFB00003,A90_TCB201,1204,A90,JASPER LAKE R2 2X9_1204
PROD CPU,TCB,JASPER LAKE R2 2X9,SAIGON,A90_AFB00004,87,JASPER LAKE R2 2X9,POST_LOT_TEST_PLAN,74_JSL_FAST_TCB_DCP,A90_AFB00004,A90_TCB201,1204,A90,JASPER LAKE R2 2X9_1204
PROD CPU,TCB,JASPER LAKE R2 2X9,SAIGON,A90_AFB00005,87,JASPER LAKE R2 2X9,POST_LOT_TEST_PLAN,74_JSL_FAST_TCB_DCP,A90_AFB00005,A90_TCB202,1204,A90,JASPER LAKE R2 2X9_1204
PROD CPU,TCB,JASPER LAKE R2 2X9,SAIGON,A90_AFB00006,87,JASPER LAKE R2 2X9,POST_LOT_TEST_PLAN,74_JSL_FAST_TCB_DCP,A90_AFB00006,A90_TCB202,1204,A90,JASPER LAKE R2 2X9_1204
PROD CPU,TCB,JASPER LAKE R2 2X9,SAIGON,A90_AFB00007,87,JASPER LAKE R2 2X9,POST_LOT_TEST_PLAN,74_JSL_FAST_TCB_DCP,A90_AFB00007,A90_TCB202,1204,A90,JASPER LAKE R2 2X9_1204
PROD CPU,TCB,JASPER LAKE R2 2X9,SAIGON,A90_AFB00008,87,JASPER LAKE R2 2X9,POST_LOT_TEST_PLAN,74_JSL_FAST_TCB_DCP,A90_AFB00008,A90_TCB202,1204,A90,JASPER LAKE R2 2X9_1204
PROD CPU,TCB,JASPER LAKE R2 2X9,SAIGON,A90_AFB00009,87,JASPER LAKE R2 2X9,POST_LOT_TEST_PLAN,74_JSL_FAST_TCB_DCP,A90_AFB00009,A90_TCB203,1204,A90,JASPER LAKE R2 2X9_1204
PROD CPU,TCB,JASPER LAKE R2 2X9,SAIGON,A90_AFB00010,87,JASPER LAKE R2 2X9,POST_LOT_TEST_PLAN,74_JSL_FAST_TCB_DCP,A90_AFB00010,A90_TCB203,1204,A90,JASPER LAKE R2 2X9_1204
PROD CPU,TCB,JASPER LAKE R2 2X9,SAIGON,A90_AFB00011,87,JASPER LAKE R2 2X9,POST_LOT_TEST_PLAN,74_JSL_FAST_TCB_DCP,A90_AFB00011,A90_TCB203,1204,A90,JASPER LAKE R2 2X9_1204
PROD CPU,TCB,JASPER LAKE R2 2X9,SAIGON,A90_AFB00012,87,JASPER LAKE R2 2X9,POST_LOT_TEST_PLAN,74_JSL_FAST_TCB_DCP,A90_AFB00012,A90_TCB203,1204,A90,JASPER LAKE R2 2X9_1204
PROD CPU,TCB,JASPER LAKE R2 2X9,SAIGON,A90_AFB00013,87,JASPER LAKE R2 2X9,POST_LOT_TEST_PLAN,74_JSL_FAST_TCB_DCP,A90_AFB00013,A90_TCB204,1204,A90,JASPER LAKE R2 2X9_1204
PROD CPU,TCB,JASPER LAKE R2 2X9,SAIGON,A90_AFB00014,87,JASPER LAKE R2 2X9,POST_LOT_TEST_PLAN,74_JSL_FAST_TCB_DCP,A90_AFB00014,A90_TCB204,1204,A90,JASPER LAKE R2 2X9_1204
PROD CPU,TCB,JASPER LAKE R2 2X9,SAIGON,A90_AFB00015,87,JASPER LAKE R2 2X9,POST_LOT_TEST_PLAN,74_JSL_FAST_TCB_DCP,A90_AFB00015,A90_TCB204,1204,A90,JASPER LAKE R2 2X9_1204
PROD CPU,TCB,JASPER LAKE R2 2X9,SAIGON,A90_AFB00016,87,JASPER LAKE R2 2X9,POST_LOT_TEST_PLAN,74_JSL_FAST_TCB_DCP,A90_AFB00016,A90_TCB204,1204,A90,JASPER LAKE R2 2X9_1204
PROD CPU,TCB,JASPER LAKE R2 2X9,SAIGON,A90_AFB00021,87,JASPER LAKE R2 2X9,POST_LOT_TEST_PLAN,74_JSL_FAST_TCB_DCP,A90_AFB00021,A90_TCB206,1204,A90,JASPER LAKE R2 2X9_1204
PROD CPU,TCB,JASPER LAKE R2 2X9,SAIGON,A90_AFB00022,87,JASPER LAKE R2 2X9,POST_LOT_TEST_PLAN,74_JSL_FAST_TCB_DCP,A90_AFB00022,A90_TCB206,1204,A90,JASPER LAKE R2 2X9_1204
PROD CPU,TCB,JASPER LAKE R2 2X9,SAIGON,A90_AFB00023,87,JASPER LAKE R2 2X9,POST_LOT_TEST_PLAN,74_JSL_FAST_TCB_DCP,A90_AFB00023,A90_TCB206,1204,A90,JASPER LAKE R2 2X9_1204
PROD CPU,TCB,JASPER LAKE R2 2X9,SAIGON,A90_AFB00024,87,JASPER LAKE R2 2X9,POST_LOT_TEST_PLAN,74_JSL_FAST_TCB_DCP,A90_AFB00024,A90_TCB206,1204,A90,JASPER LAKE R2 2X9_1204
PROD CPU,TCB,JASPER LAKE R2 2X9,SAIGON,A90_AFB00025,87,JASPER LAKE R2 2X9,POST_LOT_TEST_PLAN,74_JSL_FAST_TCB_DCP,A90_AFB00025,A90_TCB207,1204,A90,JASPER LAKE R2 2X9_1204
PROD CPU,TCB,JASPER LAKE R2 2X9,SAIGON,A90_AFB00026,87,JASPER LAKE R2 2X9,POST_LOT_TEST_PLAN,74_JSL_FAST_TCB_DCP,A90_AFB00026,A90_TCB207,1204,A90,JASPER LAKE R2 2X9_1204
PROD CPU,TCB,JASPER LAKE R2 2X9,SAIGON,A90_AFB00027,87,JASPER LAKE R2 2X9,POST_LOT_TEST_PLAN,74_JSL_FAST_TCB_DCP,A90_AFB00027,A90_TCB207,1204,A90,JASPER LAKE R2 2X9_1204
PROD CPU,TCB,JASPER LAKE R2 2X9,SAIGON,A90_AFB00028,87,JASPER LAKE R2 2X9,POST_LOT_TEST_PLAN,74_JSL_FAST_TCB_DCP,A90_AFB00028,A90_TCB207,1204,A90,JASPER LAKE R2 2X9_1204
PROD CPU,TCB,JASPER LAKE R2 2X9,SAIGON,A90_AFB00029,87,JASPER LAKE R2 2X9,POST_LOT_TEST_PLAN,74_JSL_FAST_TCB_DCP,A90_AFB00029,A90_TCB208,1204,A90,JASPER LAKE R2 2X9_1204
PROD CPU,TCB,JASPER LAKE R2 2X9,SAIGON,A90_AFB00030,87,JASPER LAKE R2 2X9,POST_LOT_TEST_PLAN,74_JSL_FAST_TCB_DCP,A90_AFB00030,A90_TCB208,1204,A90,JASPER LAKE R2 2X9_1204
PROD CPU,TCB,JASPER LAKE R2 2X9,SAIGON,A90_AFB00031,87,JASPER LAKE R2 2X9,POST_LOT_TEST_PLAN,74_JSL_FAST_TCB_DCP,A90_AFB00031,A90_TCB208,1204,A90,JASPER LAKE R2 2X9_1204
PROD CPU,TCB,JASPER LAKE R2 2X9,SAIGON,A90_AFB00032,87,JASPER LAKE R2 2X9,POST_LOT_TEST_PLAN,74_JSL_FAST_TCB_DCP,A90_AFB00032,A90_TCB208,1204,A90,JASPER LAKE R2 2X9_1204
PROD CPU,TCB,JASPER LAKE R2 2X9,SAIGON,A90_AFB00033,87,JASPER LAKE R2 2X9,POST_LOT_TEST_PLAN,74_JSL_FAST_TCB_DCP,A90_AFB00033,A90_TCB209,1204,A90,JASPER LAKE R2 2X9_1204
PROD CPU,TCB,JASPER LAKE R2 2X9,SAIGON,A90_AFB00034,87,JASPER LAKE R2 2X9,POST_LOT_TEST_PLAN,74_JSL_FAST_TCB_DCP,A90_AFB00034,A90_TCB209,1204,A90,JASPER LAKE R2 2X9_1204
PROD CPU,TCB,JASPER LAKE R2 2X9,SAIGON,A90_AFB00035,87,JASPER LAKE R2 2X9,POST_LOT_TEST_PLAN,74_JSL_FAST_TCB_DCP,A90_AFB00035,A90_TCB209,1204,A90,JASPER LAKE R2 2X9_1204
PROD CPU,TCB,JASPER LAKE R2 2X9,SAIGON,A90_AFB00036,87,JASPER LAKE R2 2X9,POST_LOT_TEST_PLAN,74_JSL_FAST_TCB_DCP,A90_AFB00036,A90_TCB209,1204,A90,JASPER LAKE R2 2X9_1204
PROD CPU,TCB,JASPER LAKE R2 2X9,SAIGON,A90_AFB00037,87,JASPER LAKE R2 2X9,POST_LOT_TEST_PLAN,74_JSL_FAST_TCB_DCP,A90_AFB00037,A90_TCB210,1204,A90,JASPER LAKE R2 2X9_1204
PROD CPU,TCB,JASPER LAKE R2 2X9,SAIGON,A90_AFB00038,87,JASPER LAKE R2 2X9,POST_LOT_TEST_PLAN,74_JSL_FAST_TCB_DCP,A90_AFB00038,A90_TCB210,1204,A90,JASPER LAKE R2 2X9_1204
PROD CPU,TCB,JASPER LAKE R2 2X9,SAIGON,A90_AFB00039,87,JASPER LAKE R2 2X9,POST_LOT_TEST_PLAN,74_JSL_FAST_TCB_DCP,A90_AFB00039,A90_TCB210,1204,A90,JASPER LAKE R2 2X9_1204
PROD CPU,TCB,JASPER LAKE R2 2X9,SAIGON,A90_AFB00040,87,JASPER LAKE R2 2X9,POST_LOT_TEST_PLAN,74_JSL_FAST_TCB_DCP,A90_AFB00040,A90_TCB210,1204,A90,JASPER LAKE R2 2X9_1204
PROD CPU,TCB,JASPER LAKE R2 2X9,SAIGON,A90_AFB00045,87,JASPER LAKE R2 2X9,POST_LOT_TEST_PLAN,74_JSL_FAST_TCB_DCP,A90_AFB00045,A90_TCB220,1204,A90,JASPER LAKE R2 2X9_1204
PROD CPU,TCB,JASPER LAKE R2 2X9,SAIGON,A90_AFB00046,87,JASPER LAKE R2 2X9,POST_LOT_TEST_PLAN,74_JSL_FAST_TCB_DCP,A90_AFB00046,A90_TCB220,1204,A90,JASPER LAKE R2 2X9_1204
PROD CPU,TCB,JASPER LAKE R2 2X9,SAIGON,A90_AFB00047,87,JASPER LAKE R2 2X9,POST_LOT_TEST_PLAN,74_JSL_FAST_TCB_DCP,A90_AFB00047,A90_TCB220,1204,A90,JASPER LAKE R2 2X9_1204
PROD CPU,TCB,JASPER LAKE R2 2X9,SAIGON,A90_AFB00048,87,JASPER LAKE R2 2X9,POST_LOT_TEST_PLAN,74_JSL_FAST_TCB_DCP,A90_AFB00048,A90_TCB220,1204,A90,JASPER LAKE R2 2X9_1204
PROD CPU,TCB,JASPER LAKE R2 2X9,SAIGON,A90_AFB00069,87,JASPER LAKE R2 2X9,POST_LOT_TEST_PLAN,74_JSL_FAST_TCB_DCP,A90_AFB00069,A90_TCB219,1204,A90,JASPER LAKE R2 2X9_1204
PROD CPU,TCB,JASPER LAKE R2 2X9,SAIGON,A90_AFB00070,87,JASPER LAKE R2 2X9,POST_LOT_TEST_PLAN,74_JSL_FAST_TCB_DCP,A90_AFB00070,A90_TCB219,1204,A90,JASPER LAKE R2 2X9_1204
PROD CPU,TCB,JASPER LAKE R2 2X9,SAIGON,A90_AFB00071,87,JASPER LAKE R2 2X9,POST_LOT_TEST_PLAN,74_JSL_FAST_TCB_DCP,A90_AFB00071,A90_TCB219,1204,A90,JASPER LAKE R2 2X9_1204
PROD CPU,TCB,JASPER LAKE R2 2X9,SAIGON,A90_AFB00072,87,JASPER LAKE R2 2X9,POST_LOT_TEST_PLAN,74_JSL_FAST_TCB_DCP,A90_AFB00072,A90_TCB219,1204,A90,JASPER LAKE R2 2X9_1204
PROD CPU,TCB,JASPER LAKE R2 2X9,SAIGON,A90_AFB00093,87,JASPER LAKE R2 2X9,POST_LOT_TEST_PLAN,74_JSL_FAST_TCB_DCP,A90_AFB00093,A90_TCB213,1204,A90,JASPER LAKE R2 2X9_1204
PROD CPU,TCB,JASPER LAKE R2 2X9,SAIGON,A90_AFB00094,87,JASPER LAKE R2 2X9,POST_LOT_TEST_PLAN,74_JSL_FAST_TCB_DCP,A90_AFB00094,A90_TCB213,1204,A90,JASPER LAKE R2 2X9_1204
PROD CPU,TCB,JASPER LAKE R2 2X9,SAIGON,A90_AFB00095,87,JASPER LAKE R2 2X9,POST_LOT_TEST_PLAN,74_JSL_FAST_TCB_DCP,A90_AFB00095,A90_TCB213,1204,A90,JASPER LAKE R2 2X9_1204
PROD CPU,TCB,JASPER LAKE R2 2X9,SAIGON,A90_AFB00096,87,JASPER LAKE R2 2X9,POST_LOT_TEST_PLAN,74_JSL_FAST_TCB_DCP,A90_AFB00096,A90_TCB213,1204,A90,JASPER LAKE R2 2X9_1204
PROD CPU,TCB,JASPER LAKE R2 2X9,SAIGON,A90_AFB00097,87,JASPER LAKE R2 2X9,POST_LOT_TEST_PLAN,74_JSL_FAST_TCB_DCP,A90_AFB00097,A90_TCB214,1204,A90,JASPER LAKE R2 2X9_1204
PROD CPU,TCB,JASPER LAKE R2 2X9,SAIGON,A90_AFB00098,87,JASPER LAKE R2 2X9,POST_LOT_TEST_PLAN,74_JSL_FAST_TCB_DCP,A90_AFB00098,A90_TCB214,1204,A90,JASPER LAKE R2 2X9_1204
PROD CPU,TCB,JASPER LAKE R2 2X9,SAIGON,A90_AFB00099,87,JASPER LAKE R2 2X9,POST_LOT_TEST_PLAN,74_JSL_FAST_TCB_DCP,A90_AFB00099,A90_TCB214,1204,A90,JASPER LAKE R2 2X9_1204
PROD CPU,TCB,JASPER LAKE R2 2X9,SAIGON,A90_AFB00100,87,JASPER LAKE R2 2X9,POST_LOT_TEST_PLAN,74_JSL_FAST_TCB_DCP,A90_AFB00100,A90_TCB214,1204,A90,JASPER LAKE R2 2X9_1204
PROD CPU,TCB,JASPER LAKE R2 2X9,SAIGON,A90_AFB00114,87,JASPER LAKE R2 2X9,POST_LOT_TEST_PLAN,74_JSL_FAST_TCB_DCP,A90_AFB00114,A90_TCB218,1204,A90,JASPER LAKE R2 2X9_1204
PROD CPU,TCB,JASPER LAKE R2 2X9,SAIGON,A90_AFB00115,87,JASPER LAKE R2 2X9,POST_LOT_TEST_PLAN,74_JSL_FAST_TCB_DCP,A90_AFB00115,A90_TCB218,1204,A90,JASPER LAKE R2 2X9_1204
PROD CPU,TCB,JASPER LAKE R2 2X9,SAIGON,A90_AFB00116,87,JASPER LAKE R2 2X9,POST_LOT_TEST_PLAN,74_JSL_FAST_TCB_DCP,A90_AFB00116,A90_TCB218,1204,A90,JASPER LAKE R2 2X9_1204
PROD CPU,TCB,JASPER LAKE R2 2X9,SAIGON,A90_AFB00117,87,JASPER LAKE R2 2X9,POST_LOT_TEST_PLAN,74_JSL_FAST_TCB_DCP,A90_AFB00117,A90_TCB218,1204,A90,JASPER LAKE R2 2X9_1204
PROD CPU,TCB,JASPER LAKE R2 2X9,SAIGON,A90_AFB00118,87,JASPER LAKE R2 2X9,POST_LOT_TEST_PLAN,74_JSL_FAST_TCB_DCP,A90_AFB00118,A90_TCB217,1204,A90,JASPER LAKE R2 2X9_1204
PROD CPU,TCB,JASPER LAKE R2 2X9,SAIGON,A90_AFB00119,87,JASPER LAKE R2 2X9,POST_LOT_TEST_PLAN,74_JSL_FAST_TCB_DCP,A90_AFB00119,A90_TCB217,1204,A90,JASPER LAKE R2 2X9_1204
PROD CPU,TCB,JASPER LAKE R2 2X9,SAIGON,A90_AFB00120,87,JASPER LAKE R2 2X9,POST_LOT_TEST_PLAN,74_JSL_FAST_TCB_DCP,A90_AFB00120,A90_TCB217,1204,A90,JASPER LAKE R2 2X9_1204
PROD CPU,TCB,JASPER LAKE R2 2X9,SAIGON,A90_AFB00121,87,JASPER LAKE R2 2X9,POST_LOT_TEST_PLAN,74_JSL_FAST_TCB_DCP,A90_AFB00121,A90_TCB217,1204,A90,JASPER LAKE R2 2X9_1204
PROD CPU,TCB,JASPER LAKE R2 2X9,SAIGON,A90_AFB00122,87,JASPER LAKE R2 2X9,POST_LOT_TEST_PLAN,74_JSL_FAST_TCB_DCP,A90_AFB00122,A90_TCB216,1204,A90,JASPER LAKE R2 2X9_1204
PROD CPU,TCB,JASPER LAKE R2 2X9,SAIGON,A90_AFB00123,87,JASPER LAKE R2 2X9,POST_LOT_TEST_PLAN,74_JSL_FAST_TCB_DCP,A90_AFB00123,A90_TCB216,1204,A90,JASPER LAKE R2 2X9_1204
PROD CPU,TCB,JASPER LAKE R2 2X9,SAIGON,A90_AFB00124,87,JASPER LAKE R2 2X9,POST_LOT_TEST_PLAN,74_JSL_FAST_TCB_DCP,A90_AFB00124,A90_TCB216,1204,A90,JASPER LAKE R2 2X9_1204
PROD CPU,TCB,JASPER LAKE R2 2X9,SAIGON,A90_AFB00125,87,JASPER LAKE R2 2X9,POST_LOT_TEST_PLAN,74_JSL_FAST_TCB_DCP,A90_AFB00125,A90_TCB216,1204,A90,JASPER LAKE R2 2X9_1204
PROD CPU,TCB,KBL ULT22 370UM,SAIGON,A90_AFB00029,107,KBL ULT22 370UM,POST_LOT_TEST_PLAN,72_KBL_ULT2+2_MIXED_TCB_DCP,A90_AFB00029,A90_TCB208,1204,A90,KBL ULT22 370UM_1204
PROD CPU,TCB,KBL ULT22 370UM,SAIGON,A90_AFB00030,107,KBL ULT22 370UM,POST_LOT_TEST_PLAN,72_KBL_ULT2+2_MIXED_TCB_DCP,A90_AFB00030,A90_TCB208,1204,A90,KBL ULT22 370UM_1204
PROD CPU,TCB,KBL ULT22 370UM,SAIGON,A90_AFB00031,107,KBL ULT22 370UM,POST_LOT_TEST_PLAN,72_KBL_ULT2+2_MIXED_TCB_DCP,A90_AFB00031,A90_TCB208,1204,A90,KBL ULT22 370UM_1204
PROD CPU,TCB,KBL ULT22 370UM,SAIGON,A90_AFB00032,107,KBL ULT22 370UM,POST_LOT_TEST_PLAN,72_KBL_ULT2+2_MIXED_TCB_DCP,A90_AFB00032,A90_TCB208,1204,A90,KBL ULT22 370UM_1204
PROD CPU,TCB,KBL ULT22 370UM,SAIGON,A90_AFB00033,107,KBL ULT22 370UM,POST_LOT_TEST_PLAN,72_KBL_ULT2+2_MIXED_TCB_DCP,A90_AFB00033,A90_TCB209,1204,A90,KBL ULT22 370UM_1204
PROD CPU,TCB,KBL ULT22 370UM,SAIGON,A90_AFB00034,107,KBL ULT22 370UM,POST_LOT_TEST_PLAN,72_KBL_ULT2+2_MIXED_TCB_DCP,A90_AFB00034,A90_TCB209,1204,A90,KBL ULT22 370UM_1204
PROD CPU,TCB,KBL ULT22 370UM,SAIGON,A90_AFB00035,107,KBL ULT22 370UM,POST_LOT_TEST_PLAN,72_KBL_ULT2+2_MIXED_TCB_DCP,A90_AFB00035,A90_TCB209,1204,A90,KBL ULT22 370UM_1204
PROD CPU,TCB,KBL ULT22 370UM,SAIGON,A90_AFB00036,107,KBL ULT22 370UM,POST_LOT_TEST_PLAN,72_KBL_ULT2+2_MIXED_TCB_DCP,A90_AFB00036,A90_TCB209,1204,A90,KBL ULT22 370UM_1204
PROD CPU,TCB,KBL ULT22 370UM,SAIGON,A90_AFB00081,107,KBL ULT22 370UM,POST_LOT_TEST_PLAN,72_KBL_ULT2+2_MIXED_TCB_DCP,A90_AFB00081,A90_TCB215,1204,A90,KBL ULT22 370UM_1204
PROD CPU,TCB,KBL ULT22 370UM,SAIGON,A90_AFB00082,107,KBL ULT22 370UM,POST_LOT_TEST_PLAN,72_KBL_ULT2+2_MIXED_TCB_DCP,A90_AFB00082,A90_TCB215,1204,A90,KBL ULT22 370UM_1204
PROD CPU,TCB,KBL ULT22 370UM,SAIGON,A90_AFB00118,107,KBL ULT22 370UM,POST_LOT_TEST_PLAN,72_KBL_ULT2+2_MIXED_TCB_DCP,A90_AFB00118,A90_TCB217,1204,A90,KBL ULT22 370UM_1204
PROD CPU,TCB,KBL ULT22 370UM,SAIGON,A90_AFB00119,107,KBL ULT22 370UM,POST_LOT_TEST_PLAN,72_KBL_ULT2+2_MIXED_TCB_DCP,A90_AFB00119,A90_TCB217,1204,A90,KBL ULT22 370UM_1204
PROD CPU,TCB,KBL ULT22 370UM,SAIGON,A90_AFB00120,107,KBL ULT22 370UM,POST_LOT_TEST_PLAN,72_KBL_ULT2+2_MIXED_TCB_DCP,A90_AFB00120,A90_TCB217,1204,A90,KBL ULT22 370UM_1204
PROD CPU,TCB,KBL ULT22 370UM,SAIGON,A90_AFB00121,107,KBL ULT22 370UM,POST_LOT_TEST_PLAN,72_KBL_ULT2+2_MIXED_TCB_DCP,A90_AFB00121,A90_TCB217,1204,A90,KBL ULT22 370UM_1204
PROD CPU,TCB,KBL ULT23,CHENGDU6;KULIM5;,A15_ACB00021,17,KBL ULT23,POST_LOT_TEST_PLAN,72_KBL_ULT2+3_MIXED_TCB_DCP,A15_ACB00021,A15_TCB006,1204,A15,KBL ULT23_1204
PROD CPU,TCB,KBL ULT23,CHENGDU6;KULIM5;,A15_ACB00022,17,KBL ULT23,POST_LOT_TEST_PLAN,72_KBL_ULT2+3_MIXED_TCB_DCP,A15_ACB00022,A15_TCB006,1204,A15,KBL ULT23_1204
PROD CPU,TCB,Liberty Mesa 42-DSU,PENANG,A01_ACB80401,4,Liberty Mesa 42-DSU,POST_LOT_TEST_PLAN,75_LTM_42_TCB_DCP,A01_ACB80401,A01_TCB804,1204,A01,Liberty Mesa 42-DSU_1204
PROD CPU,TCB,Liberty Mesa 42-DSU,PENANG,A01_ACB80402,4,Liberty Mesa 42-DSU,POST_LOT_TEST_PLAN,75_LTM_42_TCB_DCP,A01_ACB80402,A01_TCB804,1204,A01,Liberty Mesa 42-DSU_1204
PROD CPU,TCB,Liberty Mesa 42-DSU,PENANG,A01_ACB81401,4,Liberty Mesa 42-DSU,POST_LOT_TEST_PLAN,75_LTM_42_TCB_DCP,A01_ACB81401,A01_TCB814,1204,A01,Liberty Mesa 42-DSU_1204
PROD CPU,TCB,Liberty Mesa 42-DSU,PENANG,A01_ACB81402,4,Liberty Mesa 42-DSU,POST_LOT_TEST_PLAN,75_LTM_42_TCB_DCP,A01_ACB81402,A01_TCB814,1204,A01,Liberty Mesa 42-DSU_1204
PROD CPU,TCB,Lunar Lake M,SAIGON,A90_AFB00009,51,Lunar Lake M,POST_LOT_TEST_PLAN,76_LNL_M_TCB_DCP,A90_AFB00009,A90_TCB203,1204,A90,Lunar Lake M_1204
PROD CPU,TCB,Lunar Lake M,SAIGON,A90_AFB00010,51,Lunar Lake M,POST_LOT_TEST_PLAN,76_LNL_M_TCB_DCP,A90_AFB00010,A90_TCB203,1204,A90,Lunar Lake M_1204
PROD CPU,TCB,Lunar Lake M,SAIGON,A90_AFB00011,51,Lunar Lake M,POST_LOT_TEST_PLAN,76_LNL_M_TCB_DCP,A90_AFB00011,A90_TCB203,1204,A90,Lunar Lake M_1204
PROD CPU,TCB,Lunar Lake M,SAIGON,A90_AFB00012,51,Lunar Lake M,POST_LOT_TEST_PLAN,76_LNL_M_TCB_DCP,A90_AFB00012,A90_TCB203,1204,A90,Lunar Lake M_1204
PROD CPU,TCB,Lunar Lake M,SAIGON,A90_AFB00017,51,Lunar Lake M,POST_LOT_TEST_PLAN,76_LNL_M_TCB_DCP,A90_AFB00017,A90_TCB205,1204,A90,Lunar Lake M_1204
PROD CPU,TCB,Lunar Lake M,SAIGON,A90_AFB00018,51,Lunar Lake M,POST_LOT_TEST_PLAN,76_LNL_M_TCB_DCP,A90_AFB00018,A90_TCB205,1204,A90,Lunar Lake M_1204
PROD CPU,TCB,Lunar Lake M,SAIGON,A90_AFB00019,51,Lunar Lake M,POST_LOT_TEST_PLAN,76_LNL_M_TCB_DCP,A90_AFB00019,A90_TCB205,1204,A90,Lunar Lake M_1204
PROD CPU,TCB,Lunar Lake M,SAIGON,A90_AFB00020,51,Lunar Lake M,POST_LOT_TEST_PLAN,76_LNL_M_TCB_DCP,A90_AFB00020,A90_TCB205,1204,A90,Lunar Lake M_1204
PROD CPU,TCB,Lunar Lake M,SAIGON,A90_AFB00021,51,Lunar Lake M,POST_LOT_TEST_PLAN,76_LNL_M_TCB_DCP,A90_AFB00021,A90_TCB206,1204,A90,Lunar Lake M_1204
PROD CPU,TCB,Lunar Lake M,SAIGON,A90_AFB00022,51,Lunar Lake M,POST_LOT_TEST_PLAN,76_LNL_M_TCB_DCP,A90_AFB00022,A90_TCB206,1204,A90,Lunar Lake M_1204
PROD CPU,TCB,Lunar Lake M,SAIGON,A90_AFB00023,51,Lunar Lake M,POST_LOT_TEST_PLAN,76_LNL_M_TCB_DCP,A90_AFB00023,A90_TCB206,1204,A90,Lunar Lake M_1204
PROD CPU,TCB,Lunar Lake M,SAIGON,A90_AFB00024,51,Lunar Lake M,POST_LOT_TEST_PLAN,76_LNL_M_TCB_DCP,A90_AFB00024,A90_TCB206,1204,A90,Lunar Lake M_1204
PROD CPU,TCB,Lunar Lake M,SAIGON,A90_AFB00037,51,Lunar Lake M,POST_LOT_TEST_PLAN,76_LNL_M_TCB_DCP,A90_AFB00037,A90_TCB210,1204,A90,Lunar Lake M_1204
PROD CPU,TCB,Lunar Lake M,SAIGON,A90_AFB00038,51,Lunar Lake M,POST_LOT_TEST_PLAN,76_LNL_M_TCB_DCP,A90_AFB00038,A90_TCB210,1204,A90,Lunar Lake M_1204
PROD CPU,TCB,Lunar Lake M,SAIGON,A90_AFB00039,51,Lunar Lake M,POST_LOT_TEST_PLAN,76_LNL_M_TCB_DCP,A90_AFB00039,A90_TCB210,1204,A90,Lunar Lake M_1204
PROD CPU,TCB,Lunar Lake M,SAIGON,A90_AFB00040,51,Lunar Lake M,POST_LOT_TEST_PLAN,76_LNL_M_TCB_DCP,A90_AFB00040,A90_TCB210,1204,A90,Lunar Lake M_1204
PROD CPU,TCB,Lunar Lake M,SAIGON,A90_AFB00045,51,Lunar Lake M,POST_LOT_TEST_PLAN,76_LNL_M_TCB_DCP,A90_AFB00045,A90_TCB220,1204,A90,Lunar Lake M_1204
PROD CPU,TCB,Lunar Lake M,SAIGON,A90_AFB00046,51,Lunar Lake M,POST_LOT_TEST_PLAN,76_LNL_M_TCB_DCP,A90_AFB00046,A90_TCB220,1204,A90,Lunar Lake M_1204
PROD CPU,TCB,Lunar Lake M,SAIGON,A90_AFB00047,51,Lunar Lake M,POST_LOT_TEST_PLAN,76_LNL_M_TCB_DCP,A90_AFB00047,A90_TCB220,1204,A90,Lunar Lake M_1204
PROD CPU,TCB,Lunar Lake M,SAIGON,A90_AFB00048,51,Lunar Lake M,POST_LOT_TEST_PLAN,76_LNL_M_TCB_DCP,A90_AFB00048,A90_TCB220,1204,A90,Lunar Lake M_1204
PROD CPU,TCB,Lunar Lake M,SAIGON,A90_AFB00069,51,Lunar Lake M,POST_LOT_TEST_PLAN,76_LNL_M_TCB_DCP,A90_AFB00069,A90_TCB219,1204,A90,Lunar Lake M_1204
PROD CPU,TCB,Lunar Lake M,SAIGON,A90_AFB00070,51,Lunar Lake M,POST_LOT_TEST_PLAN,76_LNL_M_TCB_DCP,A90_AFB00070,A90_TCB219,1204,A90,Lunar Lake M_1204
PROD CPU,TCB,Lunar Lake M,SAIGON,A90_AFB00071,51,Lunar Lake M,POST_LOT_TEST_PLAN,76_LNL_M_TCB_DCP,A90_AFB00071,A90_TCB219,1204,A90,Lunar Lake M_1204
PROD CPU,TCB,Lunar Lake M,SAIGON,A90_AFB00072,51,Lunar Lake M,POST_LOT_TEST_PLAN,76_LNL_M_TCB_DCP,A90_AFB00072,A90_TCB219,1204,A90,Lunar Lake M_1204
PROD CPU,TCB,Lunar Lake M,SAIGON,A90_AFB00093,51,Lunar Lake M,POST_LOT_TEST_PLAN,76_LNL_M_TCB_DCP,A90_AFB00093,A90_TCB213,1204,A90,Lunar Lake M_1204
PROD CPU,TCB,Lunar Lake M,SAIGON,A90_AFB00094,51,Lunar Lake M,POST_LOT_TEST_PLAN,76_LNL_M_TCB_DCP,A90_AFB00094,A90_TCB213,1204,A90,Lunar Lake M_1204
PROD CPU,TCB,Lunar Lake M,SAIGON,A90_AFB00095,51,Lunar Lake M,POST_LOT_TEST_PLAN,76_LNL_M_TCB_DCP,A90_AFB00095,A90_TCB213,1204,A90,Lunar Lake M_1204
PROD CPU,TCB,Lunar Lake M,SAIGON,A90_AFB00096,51,Lunar Lake M,POST_LOT_TEST_PLAN,76_LNL_M_TCB_DCP,A90_AFB00096,A90_TCB213,1204,A90,Lunar Lake M_1204
PROD CPU,TCB,Lunar Lake M,SAIGON,A90_AFB00114,51,Lunar Lake M,POST_LOT_TEST_PLAN,76_LNL_M_TCB_DCP,A90_AFB00114,A90_TCB218,1204,A90,Lunar Lake M_1204
PROD CPU,TCB,Lunar Lake M,SAIGON,A90_AFB00115,51,Lunar Lake M,POST_LOT_TEST_PLAN,76_LNL_M_TCB_DCP,A90_AFB00115,A90_TCB218,1204,A90,Lunar Lake M_1204
PROD CPU,TCB,Lunar Lake M,SAIGON,A90_AFB00116,51,Lunar Lake M,POST_LOT_TEST_PLAN,76_LNL_M_TCB_DCP,A90_AFB00116,A90_TCB218,1204,A90,Lunar Lake M_1204
PROD CPU,TCB,Lunar Lake M,SAIGON,A90_AFB00117,51,Lunar Lake M,POST_LOT_TEST_PLAN,76_LNL_M_TCB_DCP,A90_AFB00117,A90_TCB218,1204,A90,Lunar Lake M_1204
PROD CPU,TCB,Lunar Lake M,SAIGON,A90_AFB00122,51,Lunar Lake M,POST_LOT_TEST_PLAN,76_LNL_M_TCB_DCP,A90_AFB00122,A90_TCB216,1204,A90,Lunar Lake M_1204
PROD CPU,TCB,Lunar Lake M,SAIGON,A90_AFB00123,51,Lunar Lake M,POST_LOT_TEST_PLAN,76_LNL_M_TCB_DCP,A90_AFB00123,A90_TCB216,1204,A90,Lunar Lake M_1204
PROD CPU,TCB,Lunar Lake M,SAIGON,A90_AFB00124,51,Lunar Lake M,POST_LOT_TEST_PLAN,76_LNL_M_TCB_DCP,A90_AFB00124,A90_TCB216,1204,A90,Lunar Lake M_1204
PROD CPU,TCB,Lunar Lake M,SAIGON,A90_AFB00125,51,Lunar Lake M,POST_LOT_TEST_PLAN,76_LNL_M_TCB_DCP,A90_AFB00125,A90_TCB216,1204,A90,Lunar Lake M_1204
PROD CPU,TCB,MTL M282 STACKED,SAIGON,A90_AFB00009,64,MTL M282 STACKED,POST_LOT_TEST_PLAN,76_MTLM282_TCB_DCP,A90_AFB00009,A90_TCB203,1204,A90,MTL M282 STACKED_1204
PROD CPU,TCB,MTL M282 STACKED,SAIGON,A90_AFB00010,64,MTL M282 STACKED,POST_LOT_TEST_PLAN,76_MTLM282_TCB_DCP,A90_AFB00010,A90_TCB203,1204,A90,MTL M282 STACKED_1204
PROD CPU,TCB,MTL M282 STACKED,SAIGON,A90_AFB00011,64,MTL M282 STACKED,POST_LOT_TEST_PLAN,76_MTLM282_TCB_DCP,A90_AFB00011,A90_TCB203,1204,A90,MTL M282 STACKED_1204
PROD CPU,TCB,MTL M282 STACKED,SAIGON,A90_AFB00012,64,MTL M282 STACKED,POST_LOT_TEST_PLAN,76_MTLM282_TCB_DCP,A90_AFB00012,A90_TCB203,1204,A90,MTL M282 STACKED_1204
PROD CPU,TCB,MTL M282 STACKED,SAIGON,A90_AFB00013,64,MTL M282 STACKED,POST_LOT_TEST_PLAN,76_MTLM282_TCB_DCP,A90_AFB00013,A90_TCB204,1204,A90,MTL M282 STACKED_1204
PROD CPU,TCB,MTL M282 STACKED,SAIGON,A90_AFB00014,64,MTL M282 STACKED,POST_LOT_TEST_PLAN,76_MTLM282_TCB_DCP,A90_AFB00014,A90_TCB204,1204,A90,MTL M282 STACKED_1204
PROD CPU,TCB,MTL M282 STACKED,SAIGON,A90_AFB00015,64,MTL M282 STACKED,POST_LOT_TEST_PLAN,76_MTLM282_TCB_DCP,A90_AFB00015,A90_TCB204,1204,A90,MTL M282 STACKED_1204
PROD CPU,TCB,MTL M282 STACKED,SAIGON,A90_AFB00016,64,MTL M282 STACKED,POST_LOT_TEST_PLAN,76_MTLM282_TCB_DCP,A90_AFB00016,A90_TCB204,1204,A90,MTL M282 STACKED_1204
PROD CPU,TCB,MTL M282 STACKED,SAIGON,A90_AFB00021,64,MTL M282 STACKED,POST_LOT_TEST_PLAN,76_MTLM282_TCB_DCP,A90_AFB00021,A90_TCB206,1204,A90,MTL M282 STACKED_1204
PROD CPU,TCB,MTL M282 STACKED,SAIGON,A90_AFB00022,64,MTL M282 STACKED,POST_LOT_TEST_PLAN,76_MTLM282_TCB_DCP,A90_AFB00022,A90_TCB206,1204,A90,MTL M282 STACKED_1204
PROD CPU,TCB,MTL M282 STACKED,SAIGON,A90_AFB00023,64,MTL M282 STACKED,POST_LOT_TEST_PLAN,76_MTLM282_TCB_DCP,A90_AFB00023,A90_TCB206,1204,A90,MTL M282 STACKED_1204
PROD CPU,TCB,MTL M282 STACKED,SAIGON,A90_AFB00024,64,MTL M282 STACKED,POST_LOT_TEST_PLAN,76_MTLM282_TCB_DCP,A90_AFB00024,A90_TCB206,1204,A90,MTL M282 STACKED_1204
PROD CPU,TCB,MTL M282 STACKED,SAIGON,A90_AFB00025,64,MTL M282 STACKED,POST_LOT_TEST_PLAN,76_MTLM282_TCB_DCP,A90_AFB00025,A90_TCB207,1204,A90,MTL M282 STACKED_1204
PROD CPU,TCB,MTL M282 STACKED,SAIGON,A90_AFB00026,64,MTL M282 STACKED,POST_LOT_TEST_PLAN,76_MTLM282_TCB_DCP,A90_AFB00026,A90_TCB207,1204,A90,MTL M282 STACKED_1204
PROD CPU,TCB,MTL M282 STACKED,SAIGON,A90_AFB00027,64,MTL M282 STACKED,POST_LOT_TEST_PLAN,76_MTLM282_TCB_DCP,A90_AFB00027,A90_TCB207,1204,A90,MTL M282 STACKED_1204
PROD CPU,TCB,MTL M282 STACKED,SAIGON,A90_AFB00028,64,MTL M282 STACKED,POST_LOT_TEST_PLAN,76_MTLM282_TCB_DCP,A90_AFB00028,A90_TCB207,1204,A90,MTL M282 STACKED_1204
PROD CPU,TCB,MTL M282 STACKED,SAIGON,A90_AFB00033,64,MTL M282 STACKED,POST_LOT_TEST_PLAN,76_MTLM282_TCB_DCP,A90_AFB00033,A90_TCB209,1204,A90,MTL M282 STACKED_1204
PROD CPU,TCB,MTL M282 STACKED,SAIGON,A90_AFB00034,64,MTL M282 STACKED,POST_LOT_TEST_PLAN,76_MTLM282_TCB_DCP,A90_AFB00034,A90_TCB209,1204,A90,MTL M282 STACKED_1204
PROD CPU,TCB,MTL M282 STACKED,SAIGON,A90_AFB00035,64,MTL M282 STACKED,POST_LOT_TEST_PLAN,76_MTLM282_TCB_DCP,A90_AFB00035,A90_TCB209,1204,A90,MTL M282 STACKED_1204
PROD CPU,TCB,MTL M282 STACKED,SAIGON,A90_AFB00036,64,MTL M282 STACKED,POST_LOT_TEST_PLAN,76_MTLM282_TCB_DCP,A90_AFB00036,A90_TCB209,1204,A90,MTL M282 STACKED_1204
PROD CPU,TCB,MTL M282 STACKED,SAIGON,A90_AFB00069,64,MTL M282 STACKED,POST_LOT_TEST_PLAN,76_MTLM282_TCB_DCP,A90_AFB00069,A90_TCB219,1204,A90,MTL M282 STACKED_1204
PROD CPU,TCB,MTL M282 STACKED,SAIGON,A90_AFB00070,64,MTL M282 STACKED,POST_LOT_TEST_PLAN,76_MTLM282_TCB_DCP,A90_AFB00070,A90_TCB219,1204,A90,MTL M282 STACKED_1204
PROD CPU,TCB,MTL M282 STACKED,SAIGON,A90_AFB00071,64,MTL M282 STACKED,POST_LOT_TEST_PLAN,76_MTLM282_TCB_DCP,A90_AFB00071,A90_TCB219,1204,A90,MTL M282 STACKED_1204
PROD CPU,TCB,MTL M282 STACKED,SAIGON,A90_AFB00072,64,MTL M282 STACKED,POST_LOT_TEST_PLAN,76_MTLM282_TCB_DCP,A90_AFB00072,A90_TCB219,1204,A90,MTL M282 STACKED_1204
PROD CPU,TCB,MTL M282 STACKED,SAIGON,A90_AFB00081,64,MTL M282 STACKED,POST_LOT_TEST_PLAN,76_MTLM282_TCB_DCP,A90_AFB00081,A90_TCB215,1204,A90,MTL M282 STACKED_1204
PROD CPU,TCB,MTL M282 STACKED,SAIGON,A90_AFB00082,64,MTL M282 STACKED,POST_LOT_TEST_PLAN,76_MTLM282_TCB_DCP,A90_AFB00082,A90_TCB215,1204,A90,MTL M282 STACKED_1204
PROD CPU,TCB,MTL M282 STACKED,SAIGON,A90_AFB00093,64,MTL M282 STACKED,POST_LOT_TEST_PLAN,76_MTLM282_TCB_DCP,A90_AFB00093,A90_TCB213,1204,A90,MTL M282 STACKED_1204
PROD CPU,TCB,MTL M282 STACKED,SAIGON,A90_AFB00094,64,MTL M282 STACKED,POST_LOT_TEST_PLAN,76_MTLM282_TCB_DCP,A90_AFB00094,A90_TCB213,1204,A90,MTL M282 STACKED_1204
PROD CPU,TCB,MTL M282 STACKED,SAIGON,A90_AFB00095,64,MTL M282 STACKED,POST_LOT_TEST_PLAN,76_MTLM282_TCB_DCP,A90_AFB00095,A90_TCB213,1204,A90,MTL M282 STACKED_1204
PROD CPU,TCB,MTL M282 STACKED,SAIGON,A90_AFB00096,64,MTL M282 STACKED,POST_LOT_TEST_PLAN,76_MTLM282_TCB_DCP,A90_AFB00096,A90_TCB213,1204,A90,MTL M282 STACKED_1204
PROD CPU,TCB,MTL M282 STACKED,SAIGON,A90_AFB00114,64,MTL M282 STACKED,POST_LOT_TEST_PLAN,76_MTLM282_TCB_DCP,A90_AFB00114,A90_TCB218,1204,A90,MTL M282 STACKED_1204
PROD CPU,TCB,MTL M282 STACKED,SAIGON,A90_AFB00115,64,MTL M282 STACKED,POST_LOT_TEST_PLAN,76_MTLM282_TCB_DCP,A90_AFB00115,A90_TCB218,1204,A90,MTL M282 STACKED_1204
PROD CPU,TCB,MTL M282 STACKED,SAIGON,A90_AFB00116,64,MTL M282 STACKED,POST_LOT_TEST_PLAN,76_MTLM282_TCB_DCP,A90_AFB00116,A90_TCB218,1204,A90,MTL M282 STACKED_1204
PROD CPU,TCB,MTL M282 STACKED,SAIGON,A90_AFB00117,64,MTL M282 STACKED,POST_LOT_TEST_PLAN,76_MTLM282_TCB_DCP,A90_AFB00117,A90_TCB218,1204,A90,MTL M282 STACKED_1204
PROD CPU,TCB,MTL M282 STACKED,SAIGON,A90_AFB00118,64,MTL M282 STACKED,POST_LOT_TEST_PLAN,76_MTLM282_TCB_DCP,A90_AFB00118,A90_TCB217,1204,A90,MTL M282 STACKED_1204
PROD CPU,TCB,MTL M282 STACKED,SAIGON,A90_AFB00119,64,MTL M282 STACKED,POST_LOT_TEST_PLAN,76_MTLM282_TCB_DCP,A90_AFB00119,A90_TCB217,1204,A90,MTL M282 STACKED_1204
PROD CPU,TCB,MTL M282 STACKED,SAIGON,A90_AFB00120,64,MTL M282 STACKED,POST_LOT_TEST_PLAN,76_MTLM282_TCB_DCP,A90_AFB00120,A90_TCB217,1204,A90,MTL M282 STACKED_1204
PROD CPU,TCB,MTL M282 STACKED,SAIGON,A90_AFB00121,64,MTL M282 STACKED,POST_LOT_TEST_PLAN,76_MTLM282_TCB_DCP,A90_AFB00121,A90_TCB217,1204,A90,MTL M282 STACKED_1204
PROD CPU,TCB,MTL P682 STACKED,PENANG,A01_ACB80201,293,MTL P682 STACKED,POST_LOT_TEST_PLAN,76_MTLP682_TCB_DCP,A01_ACB80201,A01_TCB802,1204,A01,MTL P682 STACKED_1204
PROD CPU,TCB,MTL P682 STACKED,PENANG,A01_ACB80202,293,MTL P682 STACKED,POST_LOT_TEST_PLAN,76_MTLP682_TCB_DCP,A01_ACB80202,A01_TCB802,1204,A01,MTL P682 STACKED_1204
PROD CPU,TCB,MTL P682 STACKED,PENANG,A01_ACB81401,293,MTL P682 STACKED,POST_LOT_TEST_PLAN,76_MTLP682_TCB_DCP,A01_ACB81401,A01_TCB814,1204,A01,MTL P682 STACKED_1204
PROD CPU,TCB,MTL P682 STACKED,PENANG,A01_ACB81402,293,MTL P682 STACKED,POST_LOT_TEST_PLAN,76_MTLP682_TCB_DCP,A01_ACB81402,A01_TCB814,1204,A01,MTL P682 STACKED_1204
PROD CPU,TCB,MTL P682 STACKED,PENANG,A01_ACB81501,293,MTL P682 STACKED,POST_LOT_TEST_PLAN,76_MTLP682_TCB_DCP,A01_ACB81501,A01_TCB815,1204,A01,MTL P682 STACKED_1204
PROD CPU,TCB,MTL P682 STACKED,PENANG,A01_ACB81502,293,MTL P682 STACKED,POST_LOT_TEST_PLAN,76_MTLP682_TCB_DCP,A01_ACB81502,A01_TCB815,1204,A01,MTL P682 STACKED_1204
PROD CPU,TCB,MTL P682 STACKED,PENANG,A01_AFB81101,293,MTL P682 STACKED,POST_LOT_TEST_PLAN,76_MTLP682_TCB_DCP,A01_AFB81101,A01_TCB811,1204,A01,MTL P682 STACKED_1204
PROD CPU,TCB,MTL P682 STACKED,PENANG,A01_AFB81102,293,MTL P682 STACKED,POST_LOT_TEST_PLAN,76_MTLP682_TCB_DCP,A01_AFB81102,A01_TCB811,1204,A01,MTL P682 STACKED_1204
PROD CPU,TCB,MTL P682 STACKED,PENANG,A01_AFB81201,293,MTL P682 STACKED,POST_LOT_TEST_PLAN,76_MTLP682_TCB_DCP,A01_AFB81201,A01_TCB812,1204,A01,MTL P682 STACKED_1204
PROD CPU,TCB,MTL P682 STACKED,PENANG,A01_AFB81202,293,MTL P682 STACKED,POST_LOT_TEST_PLAN,76_MTLP682_TCB_DCP,A01_AFB81202,A01_TCB812,1204,A01,MTL P682 STACKED_1204
PROD CPU,TCB,MTL P682 STACKED,PENANG,A01_AFB81301,293,MTL P682 STACKED,POST_LOT_TEST_PLAN,76_MTLP682_TCB_DCP,A01_AFB81301,A01_TCB813,1204,A01,MTL P682 STACKED_1204
PROD CPU,TCB,MTL P682 STACKED,PENANG,A01_AFB81302,293,MTL P682 STACKED,POST_LOT_TEST_PLAN,76_MTLP682_TCB_DCP,A01_AFB81302,A01_TCB813,1204,A01,MTL P682 STACKED_1204
PROD CPU,TCB,MTL P682 STACKED,PENANG,A01_AFB81601,293,MTL P682 STACKED,POST_LOT_TEST_PLAN,76_MTLP682_TCB_DCP,A01_AFB81601,A01_TCB816,1204,A01,MTL P682 STACKED_1204
PROD CPU,TCB,MTL P682 STACKED,PENANG,A01_AFB81602,293,MTL P682 STACKED,POST_LOT_TEST_PLAN,76_MTLP682_TCB_DCP,A01_AFB81602,A01_TCB816,1204,A01,MTL P682 STACKED_1204
PROD CPU,TCB,MTL P682 STACKED,PENANG,A01_AFB81603,293,MTL P682 STACKED,POST_LOT_TEST_PLAN,76_MTLP682_TCB_DCP,A01_AFB81603,A01_TCB816,1204,A01,MTL P682 STACKED_1204
PROD CPU,TCB,MTL P682 STACKED,PENANG,A01_AFB81604,293,MTL P682 STACKED,POST_LOT_TEST_PLAN,76_MTLP682_TCB_DCP,A01_AFB81604,A01_TCB816,1204,A01,MTL P682 STACKED_1204
PROD CPU,TCB,MTL P682 STACKED,PENANG,A01_AFB81701,293,MTL P682 STACKED,POST_LOT_TEST_PLAN,76_MTLP682_TCB_DCP,A01_AFB81701,A01_TCB817,1204,A01,MTL P682 STACKED_1204
PROD CPU,TCB,MTL P682 STACKED,PENANG,A01_AFB81702,293,MTL P682 STACKED,POST_LOT_TEST_PLAN,76_MTLP682_TCB_DCP,A01_AFB81702,A01_TCB817,1204,A01,MTL P682 STACKED_1204
PROD CPU,TCB,MTL P682 STACKED,PENANG,A01_AFB81703,293,MTL P682 STACKED,POST_LOT_TEST_PLAN,76_MTLP682_TCB_DCP,A01_AFB81703,A01_TCB817,1204,A01,MTL P682 STACKED_1204
PROD CPU,TCB,MTL P682 STACKED,PENANG,A01_AFB81704,293,MTL P682 STACKED,POST_LOT_TEST_PLAN,76_MTLP682_TCB_DCP,A01_AFB81704,A01_TCB817,1204,A01,MTL P682 STACKED_1204
PROD CPU,TCB,MTL P682 STACKED,CHENGDU6,A48_ACB70021,297,MTL P682 STACKED,POST_LOT_TEST_PLAN,76_MTLP682_TCB_DCP,A48_ACB70021,A48_TCB706,1204,A48,MTL P682 STACKED_1204
PROD CPU,TCB,MTL P682 STACKED,CHENGDU6,A48_ACB70022,297,MTL P682 STACKED,POST_LOT_TEST_PLAN,76_MTLP682_TCB_DCP,A48_ACB70022,A48_TCB706,1204,A48,MTL P682 STACKED_1204
PROD CPU,TCB,MTL P682 STACKED,CHENGDU6,A48_ACB70023,297,MTL P682 STACKED,POST_LOT_TEST_PLAN,76_MTLP682_TCB_DCP,A48_ACB70023,A48_TCB706,1204,A48,MTL P682 STACKED_1204
PROD CPU,TCB,MTL P682 STACKED,CHENGDU6,A48_ACB70024,297,MTL P682 STACKED,POST_LOT_TEST_PLAN,76_MTLP682_TCB_DCP,A48_ACB70024,A48_TCB706,1204,A48,MTL P682 STACKED_1204
PROD CPU,TCB,MTL P682 STACKED,CHENGDU6,A48_ACB70029,297,MTL P682 STACKED,POST_LOT_TEST_PLAN,76_MTLP682_TCB_DCP,A48_ACB70029,A48_TCB708,1204,A48,MTL P682 STACKED_1204
PROD CPU,TCB,MTL P682 STACKED,CHENGDU6,A48_ACB70030,297,MTL P682 STACKED,POST_LOT_TEST_PLAN,76_MTLP682_TCB_DCP,A48_ACB70030,A48_TCB708,1204,A48,MTL P682 STACKED_1204
PROD CPU,TCB,MTL P682 STACKED,CHENGDU6,A48_ACB70031,297,MTL P682 STACKED,POST_LOT_TEST_PLAN,76_MTLP682_TCB_DCP,A48_ACB70031,A48_TCB708,1204,A48,MTL P682 STACKED_1204
PROD CPU,TCB,MTL P682 STACKED,CHENGDU6,A48_ACB70032,297,MTL P682 STACKED,POST_LOT_TEST_PLAN,76_MTLP682_TCB_DCP,A48_ACB70032,A48_TCB708,1204,A48,MTL P682 STACKED_1204
PROD CPU,TCB,MTL P682 STACKED,CHENGDU6,A48_AFB70005,297,MTL P682 STACKED,POST_LOT_TEST_PLAN,76_MTLP682_TCB_DCP,A48_AFB70005,A48_TCB711,1204,A48,MTL P682 STACKED_1204
PROD CPU,TCB,MTL P682 STACKED,CHENGDU6,A48_AFB70006,297,MTL P682 STACKED,POST_LOT_TEST_PLAN,76_MTLP682_TCB_DCP,A48_AFB70006,A48_TCB711,1204,A48,MTL P682 STACKED_1204
PROD CPU,TCB,MTL P682 STACKED,CHENGDU6,A48_AFB70007,297,MTL P682 STACKED,POST_LOT_TEST_PLAN,76_MTLP682_TCB_DCP,A48_AFB70007,A48_TCB711,1204,A48,MTL P682 STACKED_1204
PROD CPU,TCB,MTL P682 STACKED,CHENGDU6,A48_AFB70008,297,MTL P682 STACKED,POST_LOT_TEST_PLAN,76_MTLP682_TCB_DCP,A48_AFB70008,A48_TCB711,1204,A48,MTL P682 STACKED_1204
PROD CPU,TCB,MTL P682 STACKED,CHENGDU6,A48_AFB70013,297,MTL P682 STACKED,POST_LOT_TEST_PLAN,76_MTLP682_TCB_DCP,A48_AFB70013,A48_TCB712,1204,A48,MTL P682 STACKED_1204
PROD CPU,TCB,MTL P682 STACKED,CHENGDU6,A48_AFB70014,297,MTL P682 STACKED,POST_LOT_TEST_PLAN,76_MTLP682_TCB_DCP,A48_AFB70014,A48_TCB712,1204,A48,MTL P682 STACKED_1204
PROD CPU,TCB,MTL P682 STACKED,CHENGDU6,A48_AFB70015,297,MTL P682 STACKED,POST_LOT_TEST_PLAN,76_MTLP682_TCB_DCP,A48_AFB70015,A48_TCB712,1204,A48,MTL P682 STACKED_1204
PROD CPU,TCB,MTL P682 STACKED,CHENGDU6,A48_AFB70016,297,MTL P682 STACKED,POST_LOT_TEST_PLAN,76_MTLP682_TCB_DCP,A48_AFB70016,A48_TCB712,1204,A48,MTL P682 STACKED_1204
PROD CPU,TCB,MTL P682 STACKED,CHENGDU6,A48_AFB70017,297,MTL P682 STACKED,POST_LOT_TEST_PLAN,76_MTLP682_TCB_DCP,A48_AFB70017,A48_TCB713,1204,A48,MTL P682 STACKED_1204
PROD CPU,TCB,MTL P682 STACKED,CHENGDU6,A48_AFB70018,297,MTL P682 STACKED,POST_LOT_TEST_PLAN,76_MTLP682_TCB_DCP,A48_AFB70018,A48_TCB713,1204,A48,MTL P682 STACKED_1204
PROD CPU,TCB,MTL P682 STACKED,CHENGDU6,A48_AFB70019,297,MTL P682 STACKED,POST_LOT_TEST_PLAN,76_MTLP682_TCB_DCP,A48_AFB70019,A48_TCB713,1204,A48,MTL P682 STACKED_1204
PROD CPU,TCB,MTL P682 STACKED,CHENGDU6,A48_AFB70020,297,MTL P682 STACKED,POST_LOT_TEST_PLAN,76_MTLP682_TCB_DCP,A48_AFB70020,A48_TCB713,1204,A48,MTL P682 STACKED_1204
PROD CPU,TCB,MTL P682 STACKED,PENANG;CHENGDU6;SAIGON;,A90_AFB00009,298,MTL P682 STACKED,POST_LOT_TEST_PLAN,76_MTLP682_TCB_DCP,A90_AFB00009,A90_TCB203,1204,A90,MTL P682 STACKED_1204
PROD CPU,TCB,MTL P682 STACKED,PENANG;CHENGDU6;SAIGON;,A90_AFB00010,298,MTL P682 STACKED,POST_LOT_TEST_PLAN,76_MTLP682_TCB_DCP,A90_AFB00010,A90_TCB203,1204,A90,MTL P682 STACKED_1204
PROD CPU,TCB,MTL P682 STACKED,PENANG;CHENGDU6;SAIGON;,A90_AFB00011,298,MTL P682 STACKED,POST_LOT_TEST_PLAN,76_MTLP682_TCB_DCP,A90_AFB00011,A90_TCB203,1204,A90,MTL P682 STACKED_1204
PROD CPU,TCB,MTL P682 STACKED,PENANG;CHENGDU6;SAIGON;,A90_AFB00012,298,MTL P682 STACKED,POST_LOT_TEST_PLAN,76_MTLP682_TCB_DCP,A90_AFB00012,A90_TCB203,1204,A90,MTL P682 STACKED_1204
PROD CPU,TCB,MTL P682 STACKED,PENANG;CHENGDU6;SAIGON;,A90_AFB00013,298,MTL P682 STACKED,POST_LOT_TEST_PLAN,76_MTLP682_TCB_DCP,A90_AFB00013,A90_TCB204,1204,A90,MTL P682 STACKED_1204
PROD CPU,TCB,MTL P682 STACKED,PENANG;CHENGDU6;SAIGON;,A90_AFB00014,298,MTL P682 STACKED,POST_LOT_TEST_PLAN,76_MTLP682_TCB_DCP,A90_AFB00014,A90_TCB204,1204,A90,MTL P682 STACKED_1204
PROD CPU,TCB,MTL P682 STACKED,PENANG;CHENGDU6;SAIGON;,A90_AFB00015,298,MTL P682 STACKED,POST_LOT_TEST_PLAN,76_MTLP682_TCB_DCP,A90_AFB00015,A90_TCB204,1204,A90,MTL P682 STACKED_1204
PROD CPU,TCB,MTL P682 STACKED,PENANG;CHENGDU6;SAIGON;,A90_AFB00016,298,MTL P682 STACKED,POST_LOT_TEST_PLAN,76_MTLP682_TCB_DCP,A90_AFB00016,A90_TCB204,1204,A90,MTL P682 STACKED_1204
PROD CPU,TCB,MTL P682 STACKED,PENANG;CHENGDU6;SAIGON;,A90_AFB00025,298,MTL P682 STACKED,POST_LOT_TEST_PLAN,76_MTLP682_TCB_DCP,A90_AFB00025,A90_TCB207,1204,A90,MTL P682 STACKED_1204
PROD CPU,TCB,MTL P682 STACKED,PENANG;CHENGDU6;SAIGON;,A90_AFB00026,298,MTL P682 STACKED,POST_LOT_TEST_PLAN,76_MTLP682_TCB_DCP,A90_AFB00026,A90_TCB207,1204,A90,MTL P682 STACKED_1204
PROD CPU,TCB,MTL P682 STACKED,PENANG;CHENGDU6;SAIGON;,A90_AFB00027,298,MTL P682 STACKED,POST_LOT_TEST_PLAN,76_MTLP682_TCB_DCP,A90_AFB00027,A90_TCB207,1204,A90,MTL P682 STACKED_1204
PROD CPU,TCB,MTL P682 STACKED,PENANG;CHENGDU6;SAIGON;,A90_AFB00028,298,MTL P682 STACKED,POST_LOT_TEST_PLAN,76_MTLP682_TCB_DCP,A90_AFB00028,A90_TCB207,1204,A90,MTL P682 STACKED_1204
PROD CPU,TCB,MTL P682 STACKED,PENANG;CHENGDU6;SAIGON;,A90_AFB00033,298,MTL P682 STACKED,POST_LOT_TEST_PLAN,76_MTLP682_TCB_DCP,A90_AFB00033,A90_TCB209,1204,A90,MTL P682 STACKED_1204
PROD CPU,TCB,MTL P682 STACKED,PENANG;CHENGDU6;SAIGON;,A90_AFB00034,298,MTL P682 STACKED,POST_LOT_TEST_PLAN,76_MTLP682_TCB_DCP,A90_AFB00034,A90_TCB209,1204,A90,MTL P682 STACKED_1204
PROD CPU,TCB,MTL P682 STACKED,PENANG;CHENGDU6;SAIGON;,A90_AFB00035,298,MTL P682 STACKED,POST_LOT_TEST_PLAN,76_MTLP682_TCB_DCP,A90_AFB00035,A90_TCB209,1204,A90,MTL P682 STACKED_1204
PROD CPU,TCB,MTL P682 STACKED,PENANG;CHENGDU6;SAIGON;,A90_AFB00036,298,MTL P682 STACKED,POST_LOT_TEST_PLAN,76_MTLP682_TCB_DCP,A90_AFB00036,A90_TCB209,1204,A90,MTL P682 STACKED_1204
PROD CPU,TCB,MTL P682 STACKED,PENANG;CHENGDU6;SAIGON;,A90_AFB00037,298,MTL P682 STACKED,POST_LOT_TEST_PLAN,76_MTLP682_TCB_DCP,A90_AFB00037,A90_TCB210,1204,A90,MTL P682 STACKED_1204
PROD CPU,TCB,MTL P682 STACKED,PENANG;CHENGDU6;SAIGON;,A90_AFB00038,298,MTL P682 STACKED,POST_LOT_TEST_PLAN,76_MTLP682_TCB_DCP,A90_AFB00038,A90_TCB210,1204,A90,MTL P682 STACKED_1204
PROD CPU,TCB,MTL P682 STACKED,PENANG;CHENGDU6;SAIGON;,A90_AFB00039,298,MTL P682 STACKED,POST_LOT_TEST_PLAN,76_MTLP682_TCB_DCP,A90_AFB00039,A90_TCB210,1204,A90,MTL P682 STACKED_1204
PROD CPU,TCB,MTL P682 STACKED,PENANG;CHENGDU6;SAIGON;,A90_AFB00040,298,MTL P682 STACKED,POST_LOT_TEST_PLAN,76_MTLP682_TCB_DCP,A90_AFB00040,A90_TCB210,1204,A90,MTL P682 STACKED_1204
PROD CPU,TCB,MTL P682 STACKED,PENANG;CHENGDU6;SAIGON;,A90_AFB00069,298,MTL P682 STACKED,POST_LOT_TEST_PLAN,76_MTLP682_TCB_DCP,A90_AFB00069,A90_TCB219,1204,A90,MTL P682 STACKED_1204
PROD CPU,TCB,MTL P682 STACKED,PENANG;CHENGDU6;SAIGON;,A90_AFB00070,298,MTL P682 STACKED,POST_LOT_TEST_PLAN,76_MTLP682_TCB_DCP,A90_AFB00070,A90_TCB219,1204,A90,MTL P682 STACKED_1204
PROD CPU,TCB,MTL P682 STACKED,PENANG;CHENGDU6;SAIGON;,A90_AFB00071,298,MTL P682 STACKED,POST_LOT_TEST_PLAN,76_MTLP682_TCB_DCP,A90_AFB00071,A90_TCB219,1204,A90,MTL P682 STACKED_1204
PROD CPU,TCB,MTL P682 STACKED,PENANG;CHENGDU6;SAIGON;,A90_AFB00072,298,MTL P682 STACKED,POST_LOT_TEST_PLAN,76_MTLP682_TCB_DCP,A90_AFB00072,A90_TCB219,1204,A90,MTL P682 STACKED_1204
PROD CPU,TCB,MTL P682 STACKED,PENANG;CHENGDU6;SAIGON;,A90_AFB00081,298,MTL P682 STACKED,POST_LOT_TEST_PLAN,76_MTLP682_TCB_DCP,A90_AFB00081,A90_TCB215,1204,A90,MTL P682 STACKED_1204
PROD CPU,TCB,MTL P682 STACKED,PENANG;CHENGDU6;SAIGON;,A90_AFB00082,298,MTL P682 STACKED,POST_LOT_TEST_PLAN,76_MTLP682_TCB_DCP,A90_AFB00082,A90_TCB215,1204,A90,MTL P682 STACKED_1204
PROD CPU,TCB,MTL P682 STACKED,PENANG;CHENGDU6;SAIGON;,A90_AFB00093,298,MTL P682 STACKED,POST_LOT_TEST_PLAN,76_MTLP682_TCB_DCP,A90_AFB00093,A90_TCB213,1204,A90,MTL P682 STACKED_1204
PROD CPU,TCB,MTL P682 STACKED,PENANG;CHENGDU6;SAIGON;,A90_AFB00094,298,MTL P682 STACKED,POST_LOT_TEST_PLAN,76_MTLP682_TCB_DCP,A90_AFB00094,A90_TCB213,1204,A90,MTL P682 STACKED_1204
PROD CPU,TCB,MTL P682 STACKED,PENANG;CHENGDU6;SAIGON;,A90_AFB00095,298,MTL P682 STACKED,POST_LOT_TEST_PLAN,76_MTLP682_TCB_DCP,A90_AFB00095,A90_TCB213,1204,A90,MTL P682 STACKED_1204
PROD CPU,TCB,MTL P682 STACKED,PENANG;CHENGDU6;SAIGON;,A90_AFB00096,298,MTL P682 STACKED,POST_LOT_TEST_PLAN,76_MTLP682_TCB_DCP,A90_AFB00096,A90_TCB213,1204,A90,MTL P682 STACKED_1204
PROD CPU,TCB,MTL P682 STACKED,PENANG;CHENGDU6;SAIGON;,A90_AFB00114,298,MTL P682 STACKED,POST_LOT_TEST_PLAN,76_MTLP682_TCB_DCP,A90_AFB00114,A90_TCB218,1204,A90,MTL P682 STACKED_1204
PROD CPU,TCB,MTL P682 STACKED,PENANG;CHENGDU6;SAIGON;,A90_AFB00115,298,MTL P682 STACKED,POST_LOT_TEST_PLAN,76_MTLP682_TCB_DCP,A90_AFB00115,A90_TCB218,1204,A90,MTL P682 STACKED_1204
PROD CPU,TCB,MTL P682 STACKED,PENANG;CHENGDU6;SAIGON;,A90_AFB00116,298,MTL P682 STACKED,POST_LOT_TEST_PLAN,76_MTLP682_TCB_DCP,A90_AFB00116,A90_TCB218,1204,A90,MTL P682 STACKED_1204
PROD CPU,TCB,MTL P682 STACKED,PENANG;CHENGDU6;SAIGON;,A90_AFB00117,298,MTL P682 STACKED,POST_LOT_TEST_PLAN,76_MTLP682_TCB_DCP,A90_AFB00117,A90_TCB218,1204,A90,MTL P682 STACKED_1204
PROD CPU,TCB,MTL P682 STACKED,PENANG;CHENGDU6;SAIGON;,A90_AFB00118,298,MTL P682 STACKED,POST_LOT_TEST_PLAN,76_MTLP682_TCB_DCP,A90_AFB00118,A90_TCB217,1204,A90,MTL P682 STACKED_1204
PROD CPU,TCB,MTL P682 STACKED,PENANG;CHENGDU6;SAIGON;,A90_AFB00119,298,MTL P682 STACKED,POST_LOT_TEST_PLAN,76_MTLP682_TCB_DCP,A90_AFB00119,A90_TCB217,1204,A90,MTL P682 STACKED_1204
PROD CPU,TCB,MTL P682 STACKED,PENANG;CHENGDU6;SAIGON;,A90_AFB00120,298,MTL P682 STACKED,POST_LOT_TEST_PLAN,76_MTLP682_TCB_DCP,A90_AFB00120,A90_TCB217,1204,A90,MTL P682 STACKED_1204
PROD CPU,TCB,MTL P682 STACKED,PENANG;CHENGDU6;SAIGON;,A90_AFB00121,298,MTL P682 STACKED,POST_LOT_TEST_PLAN,76_MTLP682_TCB_DCP,A90_AFB00121,A90_TCB217,1204,A90,MTL P682 STACKED_1204
PROD CPU,TCB,MTL P682 STACKED,SAIGON,A90_AFB00122,272,MTL P682 STACKED,POST_LOT_TEST_PLAN,76_MTLP682_TCB_DCP,A90_AFB00122,A90_TCB216,1204,A90,MTL P682 STACKED_1204
PROD CPU,TCB,MTL P682 STACKED,SAIGON,A90_AFB00123,272,MTL P682 STACKED,POST_LOT_TEST_PLAN,76_MTLP682_TCB_DCP,A90_AFB00123,A90_TCB216,1204,A90,MTL P682 STACKED_1204
PROD CPU,TCB,MTL PS281,SAIGON,A90_AFB00009,44,MTL PS281,POST_LOT_TEST_PLAN,76_MTLPS682_HFB_TCB_DCP,A90_AFB00009,A90_TCB203,1204,A90,MTL PS281_1204
PROD CPU,TCB,MTL PS281,SAIGON,A90_AFB00010,44,MTL PS281,POST_LOT_TEST_PLAN,76_MTLPS682_HFB_TCB_DCP,A90_AFB00010,A90_TCB203,1204,A90,MTL PS281_1204
PROD CPU,TCB,MTL PS281,SAIGON,A90_AFB00011,44,MTL PS281,POST_LOT_TEST_PLAN,76_MTLPS682_HFB_TCB_DCP,A90_AFB00011,A90_TCB203,1204,A90,MTL PS281_1204
PROD CPU,TCB,MTL PS281,SAIGON,A90_AFB00012,44,MTL PS281,POST_LOT_TEST_PLAN,76_MTLPS682_HFB_TCB_DCP,A90_AFB00012,A90_TCB203,1204,A90,MTL PS281_1204
PROD CPU,TCB,MTL PS281,SAIGON,A90_AFB00013,44,MTL PS281,POST_LOT_TEST_PLAN,76_MTLPS682_HFB_TCB_DCP,A90_AFB00013,A90_TCB204,1204,A90,MTL PS281_1204
PROD CPU,TCB,MTL PS281,SAIGON,A90_AFB00014,44,MTL PS281,POST_LOT_TEST_PLAN,76_MTLPS682_HFB_TCB_DCP,A90_AFB00014,A90_TCB204,1204,A90,MTL PS281_1204
PROD CPU,TCB,MTL PS281,SAIGON,A90_AFB00015,44,MTL PS281,POST_LOT_TEST_PLAN,76_MTLPS682_HFB_TCB_DCP,A90_AFB00015,A90_TCB204,1204,A90,MTL PS281_1204
PROD CPU,TCB,MTL PS281,SAIGON,A90_AFB00016,44,MTL PS281,POST_LOT_TEST_PLAN,76_MTLPS682_HFB_TCB_DCP,A90_AFB00016,A90_TCB204,1204,A90,MTL PS281_1204
PROD CPU,TCB,MTL PS281,SAIGON,A90_AFB00037,44,MTL PS281,POST_LOT_TEST_PLAN,76_MTLPS682_HFB_TCB_DCP,A90_AFB00037,A90_TCB210,1204,A90,MTL PS281_1204
PROD CPU,TCB,MTL PS281,SAIGON,A90_AFB00038,44,MTL PS281,POST_LOT_TEST_PLAN,76_MTLPS682_HFB_TCB_DCP,A90_AFB00038,A90_TCB210,1204,A90,MTL PS281_1204
PROD CPU,TCB,MTL PS281,SAIGON,A90_AFB00039,44,MTL PS281,POST_LOT_TEST_PLAN,76_MTLPS682_HFB_TCB_DCP,A90_AFB00039,A90_TCB210,1204,A90,MTL PS281_1204
PROD CPU,TCB,MTL PS281,SAIGON,A90_AFB00040,44,MTL PS281,POST_LOT_TEST_PLAN,76_MTLPS682_HFB_TCB_DCP,A90_AFB00040,A90_TCB210,1204,A90,MTL PS281_1204
PROD CPU,TCB,MTL PS281,SAIGON,A90_AFB00122,44,MTL PS281,POST_LOT_TEST_PLAN,76_MTLPS682_HFB_TCB_DCP,A90_AFB00122,A90_TCB216,1204,A90,MTL PS281_1204
PROD CPU,TCB,MTL PS281,SAIGON,A90_AFB00123,44,MTL PS281,POST_LOT_TEST_PLAN,76_MTLPS682_HFB_TCB_DCP,A90_AFB00123,A90_TCB216,1204,A90,MTL PS281_1204
PROD CPU,TCB,MTL PS281,SAIGON,A90_AFB00124,44,MTL PS281,POST_LOT_TEST_PLAN,76_MTLPS682_HFB_TCB_DCP,A90_AFB00124,A90_TCB216,1204,A90,MTL PS281_1204
PROD CPU,TCB,MTL PS281,SAIGON,A90_AFB00125,44,MTL PS281,POST_LOT_TEST_PLAN,76_MTLPS682_HFB_TCB_DCP,A90_AFB00125,A90_TCB216,1204,A90,MTL PS281_1204
PROD CPU,TCB,MTL PS682,SAIGON,A90_AFB00009,65,MTL PS682,POST_LOT_TEST_PLAN,76_MTLPS682_HFB_TCB_DCP,A90_AFB00009,A90_TCB203,1204,A90,MTL PS682_1204
PROD CPU,TCB,MTL PS682,SAIGON,A90_AFB00010,65,MTL PS682,POST_LOT_TEST_PLAN,76_MTLPS682_HFB_TCB_DCP,A90_AFB00010,A90_TCB203,1204,A90,MTL PS682_1204
PROD CPU,TCB,MTL PS682,SAIGON,A90_AFB00011,65,MTL PS682,POST_LOT_TEST_PLAN,76_MTLPS682_HFB_TCB_DCP,A90_AFB00011,A90_TCB203,1204,A90,MTL PS682_1204
PROD CPU,TCB,MTL PS682,SAIGON,A90_AFB00012,65,MTL PS682,POST_LOT_TEST_PLAN,76_MTLPS682_HFB_TCB_DCP,A90_AFB00012,A90_TCB203,1204,A90,MTL PS682_1204
PROD CPU,TCB,MTL PS682,SAIGON,A90_AFB00013,65,MTL PS682,POST_LOT_TEST_PLAN,76_MTLPS682_HFB_TCB_DCP,A90_AFB00013,A90_TCB204,1204,A90,MTL PS682_1204
PROD CPU,TCB,MTL PS682,SAIGON,A90_AFB00014,65,MTL PS682,POST_LOT_TEST_PLAN,76_MTLPS682_HFB_TCB_DCP,A90_AFB00014,A90_TCB204,1204,A90,MTL PS682_1204
PROD CPU,TCB,MTL PS682,SAIGON,A90_AFB00015,65,MTL PS682,POST_LOT_TEST_PLAN,76_MTLPS682_HFB_TCB_DCP,A90_AFB00015,A90_TCB204,1204,A90,MTL PS682_1204
PROD CPU,TCB,MTL PS682,SAIGON,A90_AFB00016,65,MTL PS682,POST_LOT_TEST_PLAN,76_MTLPS682_HFB_TCB_DCP,A90_AFB00016,A90_TCB204,1204,A90,MTL PS682_1204
PROD CPU,TCB,MTL PS682,SAIGON,A90_AFB00037,65,MTL PS682,POST_LOT_TEST_PLAN,76_MTLPS682_HFB_TCB_DCP,A90_AFB00037,A90_TCB210,1204,A90,MTL PS682_1204
PROD CPU,TCB,MTL PS682,SAIGON,A90_AFB00038,65,MTL PS682,POST_LOT_TEST_PLAN,76_MTLPS682_HFB_TCB_DCP,A90_AFB00038,A90_TCB210,1204,A90,MTL PS682_1204
PROD CPU,TCB,MTL PS682,SAIGON,A90_AFB00039,65,MTL PS682,POST_LOT_TEST_PLAN,76_MTLPS682_HFB_TCB_DCP,A90_AFB00039,A90_TCB210,1204,A90,MTL PS682_1204
PROD CPU,TCB,MTL PS682,SAIGON,A90_AFB00040,65,MTL PS682,POST_LOT_TEST_PLAN,76_MTLPS682_HFB_TCB_DCP,A90_AFB00040,A90_TCB210,1204,A90,MTL PS682_1204
PROD CPU,TCB,MTL PS682,SAIGON,A90_AFB00122,65,MTL PS682,POST_LOT_TEST_PLAN,76_MTLPS682_HFB_TCB_DCP,A90_AFB00122,A90_TCB216,1204,A90,MTL PS682_1204
PROD CPU,TCB,MTL PS682,SAIGON,A90_AFB00123,65,MTL PS682,POST_LOT_TEST_PLAN,76_MTLPS682_HFB_TCB_DCP,A90_AFB00123,A90_TCB216,1204,A90,MTL PS682_1204
PROD CPU,TCB,MTL PS682,SAIGON,A90_AFB00124,65,MTL PS682,POST_LOT_TEST_PLAN,76_MTLPS682_HFB_TCB_DCP,A90_AFB00124,A90_TCB216,1204,A90,MTL PS682_1204
PROD CPU,TCB,MTL PS682,SAIGON,A90_AFB00125,65,MTL PS682,POST_LOT_TEST_PLAN,76_MTLPS682_HFB_TCB_DCP,A90_AFB00125,A90_TCB216,1204,A90,MTL PS682_1204
PROD CPU,TCB,Meadow Wood 758um,SAIGON,A90_AFB00009,92,Meadow Wood 758um,POST_LOT_TEST_PLAN,74_MEADOW_WOOD_TCB_DCP,A90_AFB00009,A90_TCB203,1204,A90,Meadow Wood 758um_1204
PROD CPU,TCB,Meadow Wood 758um,SAIGON,A90_AFB00010,92,Meadow Wood 758um,POST_LOT_TEST_PLAN,74_MEADOW_WOOD_TCB_DCP,A90_AFB00010,A90_TCB203,1204,A90,Meadow Wood 758um_1204
PROD CPU,TCB,Meadow Wood 758um,SAIGON,A90_AFB00011,92,Meadow Wood 758um,POST_LOT_TEST_PLAN,74_MEADOW_WOOD_TCB_DCP,A90_AFB00011,A90_TCB203,1204,A90,Meadow Wood 758um_1204
PROD CPU,TCB,Meadow Wood 758um,SAIGON,A90_AFB00012,92,Meadow Wood 758um,POST_LOT_TEST_PLAN,74_MEADOW_WOOD_TCB_DCP,A90_AFB00012,A90_TCB203,1204,A90,Meadow Wood 758um_1204
PROD CPU,TCB,Meadow Wood 758um,SAIGON,A90_AFB00029,92,Meadow Wood 758um,POST_LOT_TEST_PLAN,74_MEADOW_WOOD_TCB_DCP,A90_AFB00029,A90_TCB208,1204,A90,Meadow Wood 758um_1204
PROD CPU,TCB,Meadow Wood 758um,SAIGON,A90_AFB00030,92,Meadow Wood 758um,POST_LOT_TEST_PLAN,74_MEADOW_WOOD_TCB_DCP,A90_AFB00030,A90_TCB208,1204,A90,Meadow Wood 758um_1204
PROD CPU,TCB,Meadow Wood 758um,SAIGON,A90_AFB00031,92,Meadow Wood 758um,POST_LOT_TEST_PLAN,74_MEADOW_WOOD_TCB_DCP,A90_AFB00031,A90_TCB208,1204,A90,Meadow Wood 758um_1204
PROD CPU,TCB,Meadow Wood 758um,SAIGON,A90_AFB00032,92,Meadow Wood 758um,POST_LOT_TEST_PLAN,74_MEADOW_WOOD_TCB_DCP,A90_AFB00032,A90_TCB208,1204,A90,Meadow Wood 758um_1204
PROD CPU,TCB,Meadow Wood 758um,SAIGON,A90_AFB00081,92,Meadow Wood 758um,POST_LOT_TEST_PLAN,74_MEADOW_WOOD_TCB_DCP,A90_AFB00081,A90_TCB215,1204,A90,Meadow Wood 758um_1204
PROD CPU,TCB,Meadow Wood 758um,SAIGON,A90_AFB00082,92,Meadow Wood 758um,POST_LOT_TEST_PLAN,74_MEADOW_WOOD_TCB_DCP,A90_AFB00082,A90_TCB215,1204,A90,Meadow Wood 758um_1204
PROD CPU,TCB,Meadow Wood 758um,SAIGON,A90_AFB00114,92,Meadow Wood 758um,POST_LOT_TEST_PLAN,74_MEADOW_WOOD_TCB_DCP,A90_AFB00114,A90_TCB218,1204,A90,Meadow Wood 758um_1204
PROD CPU,TCB,Meadow Wood 758um,SAIGON,A90_AFB00115,92,Meadow Wood 758um,POST_LOT_TEST_PLAN,74_MEADOW_WOOD_TCB_DCP,A90_AFB00115,A90_TCB218,1204,A90,Meadow Wood 758um_1204
PROD CPU,TCB,Meadow Wood 758um,SAIGON,A90_AFB00116,92,Meadow Wood 758um,POST_LOT_TEST_PLAN,74_MEADOW_WOOD_TCB_DCP,A90_AFB00116,A90_TCB218,1204,A90,Meadow Wood 758um_1204
PROD CPU,TCB,Meadow Wood 758um,SAIGON,A90_AFB00117,92,Meadow Wood 758um,POST_LOT_TEST_PLAN,74_MEADOW_WOOD_TCB_DCP,A90_AFB00117,A90_TCB218,1204,A90,Meadow Wood 758um_1204
PROD CPU,TCB,Meadow Wood 758um,SAIGON,A90_AFB00118,92,Meadow Wood 758um,POST_LOT_TEST_PLAN,74_MEADOW_WOOD_TCB_DCP,A90_AFB00118,A90_TCB217,1204,A90,Meadow Wood 758um_1204
PROD CPU,TCB,Meadow Wood 758um,SAIGON,A90_AFB00119,92,Meadow Wood 758um,POST_LOT_TEST_PLAN,74_MEADOW_WOOD_TCB_DCP,A90_AFB00119,A90_TCB217,1204,A90,Meadow Wood 758um_1204
PROD CPU,TCB,Meadow Wood 758um,SAIGON,A90_AFB00120,92,Meadow Wood 758um,POST_LOT_TEST_PLAN,74_MEADOW_WOOD_TCB_DCP,A90_AFB00120,A90_TCB217,1204,A90,Meadow Wood 758um_1204
PROD CPU,TCB,Meadow Wood 758um,SAIGON,A90_AFB00121,92,Meadow Wood 758um,POST_LOT_TEST_PLAN,74_MEADOW_WOOD_TCB_DCP,A90_AFB00121,A90_TCB217,1204,A90,Meadow Wood 758um_1204
PROD CPU,TCB,Mount Evans,KULIM5,A15_ACB00009,79,Mount Evans,POST_LOT_TEST_PLAN,N7_EMIB_MTEVANS_TCB_DCP,A15_ACB00009,A15_TCB003,1204,A15,Mount Evans_1204
PROD CPU,TCB,Mount Evans,KULIM5,A15_ACB00010,79,Mount Evans,POST_LOT_TEST_PLAN,N7_EMIB_MTEVANS_TCB_DCP,A15_ACB00010,A15_TCB003,1204,A15,Mount Evans_1204
PROD CPU,TCB,Mount Evans,CHENGDU6;KULIM5;,A15_ACB00019,102,Mount Evans,POST_LOT_TEST_PLAN,N7_EMIB_MTEVANS_TCB_DCP,A15_ACB00019,A15_TCB005,1204,A15,Mount Evans_1204
PROD CPU,TCB,Mount Evans,CHENGDU6;KULIM5;,A15_ACB00020,102,Mount Evans,POST_LOT_TEST_PLAN,N7_EMIB_MTEVANS_TCB_DCP,A15_ACB00020,A15_TCB005,1204,A15,Mount Evans_1204
PROD CPU,TCB,Mount Evans,CHENGDU6;KULIM5;,A15_ACB00021,102,Mount Evans,POST_LOT_TEST_PLAN,N7_EMIB_MTEVANS_TCB_DCP,A15_ACB00021,A15_TCB006,1204,A15,Mount Evans_1204
PROD CPU,TCB,Mount Evans,CHENGDU6;KULIM5;,A15_ACB00022,102,Mount Evans,POST_LOT_TEST_PLAN,N7_EMIB_MTEVANS_TCB_DCP,A15_ACB00022,A15_TCB006,1204,A15,Mount Evans_1204
PROD CPU,TCB,Mount Evans,CHENGDU6;KULIM5;,A48_ACB70033,102,Mount Evans,POST_LOT_TEST_PLAN,N7_EMIB_MTEVANS_TCB_DCP,A48_ACB70033,A48_TCB709,1204,A48,Mount Evans_1204
PROD CPU,TCB,Mount Evans,CHENGDU6;KULIM5;,A48_ACB70034,102,Mount Evans,POST_LOT_TEST_PLAN,N7_EMIB_MTEVANS_TCB_DCP,A48_ACB70034,A48_TCB709,1204,A48,Mount Evans_1204
PROD CPU,TCB,Mount Evans,CHENGDU6;KULIM5;,A48_ACB70035,102,Mount Evans,POST_LOT_TEST_PLAN,N7_EMIB_MTEVANS_TCB_DCP,A48_ACB70035,A48_TCB709,1204,A48,Mount Evans_1204
PROD CPU,TCB,Mount Evans,CHENGDU6;KULIM5;,A48_ACB70036,102,Mount Evans,POST_LOT_TEST_PLAN,N7_EMIB_MTEVANS_TCB_DCP,A48_ACB70036,A48_TCB709,1204,A48,Mount Evans_1204
PROD CPU,TCB,Mount Evans,CHENGDU6;KULIM5;,A48_ACB70037,103,Mount Evans,POST_LOT_TEST_PLAN,N7_EMIB_MTEVANS_TCB_DCP,A48_ACB70037,A48_TCB714,1204,A48,Mount Evans_1204
PROD CPU,TCB,Mount Evans,CHENGDU6;KULIM5;,A48_ACB70038,103,Mount Evans,POST_LOT_TEST_PLAN,N7_EMIB_MTEVANS_TCB_DCP,A48_ACB70038,A48_TCB714,1204,A48,Mount Evans_1204
PROD CPU,TCB,Mount Evans,CHENGDU6;KULIM5;,A48_ACB70039,103,Mount Evans,POST_LOT_TEST_PLAN,N7_EMIB_MTEVANS_TCB_DCP,A48_ACB70039,A48_TCB714,1204,A48,Mount Evans_1204
PROD CPU,TCB,Mount Evans,CHENGDU6;KULIM5;,A48_ACB70040,103,Mount Evans,POST_LOT_TEST_PLAN,N7_EMIB_MTEVANS_TCB_DCP,A48_ACB70040,A48_TCB714,1204,A48,Mount Evans_1204
PROD CPU,TCB,Mount Lola,SAIGON,A90_AFB00001,1,Mount Lola,POST_LOT_TEST_PLAN,CSP_XG766_FAST_TCB_DCP,A90_AFB00001,A90_TCB201,1204,A90,Mount Lola_1204
PROD CPU,TCB,Mount Lola,SAIGON,A90_AFB00002,1,Mount Lola,POST_LOT_TEST_PLAN,CSP_XG766_FAST_TCB_DCP,A90_AFB00002,A90_TCB201,1204,A90,Mount Lola_1204
PROD CPU,TCB,Mount Lola,SAIGON,A90_AFB00003,1,Mount Lola,POST_LOT_TEST_PLAN,CSP_XG766_FAST_TCB_DCP,A90_AFB00003,A90_TCB201,1204,A90,Mount Lola_1204
PROD CPU,TCB,Mount Lola,SAIGON,A90_AFB00004,1,Mount Lola,POST_LOT_TEST_PLAN,CSP_XG766_FAST_TCB_DCP,A90_AFB00004,A90_TCB201,1204,A90,Mount Lola_1204
PROD CPU,TCB,Mount Morgan,CHENGDU6;KULIM5;,A15_TCK00001,13,Mount Morgan,POST_LOT_TEST_PLAN,76_MMG_TSX_DCP,A15_TCK00001,A15_TSX101,1204,A15,Mount Morgan_1204
PROD CPU,TCB,Mount Morgan,CHENGDU6;KULIM5;,A15_TCK00002,13,Mount Morgan,POST_LOT_TEST_PLAN,76_MMG_TSX_DCP,A15_TCK00002,A15_TSX102,1204,A15,Mount Morgan_1204
PROD CPU,TCB,Mount Morgan,CHENGDU6;KULIM5;,A48_TCK80001,13,Mount Morgan,POST_LOT_TEST_PLAN,76_MMG_TSX_DCP,A48_TCK80001,A48_TSX801,1204,A48,Mount Morgan_1204
PROD CPU,TCB,ND0 1152 lvl shifter TPS,PENANG,A01_ACB80501,19,ND0 1152 lvl shifter TPS,POST_LOT_TEST_PLAN,73_APL6_ND0_F1152_TCB_DCP,A01_ACB80501,A01_TCB805,1204,A01,ND0 1152 lvl shifter TPS_1204
PROD CPU,TCB,ND0 1152 lvl shifter TPS,PENANG,A01_ACB80502,19,ND0 1152 lvl shifter TPS,POST_LOT_TEST_PLAN,73_APL6_ND0_F1152_TCB_DCP,A01_ACB80502,A01_TCB805,1204,A01,ND0 1152 lvl shifter TPS_1204
PROD CPU,TCB,ND0 1152 lvl shifter TPS,PENANG,A01_ACB80701,19,ND0 1152 lvl shifter TPS,POST_LOT_TEST_PLAN,73_APL6_ND0_F1152_TCB_DCP,A01_ACB80701,A01_TCB807,1204,A01,ND0 1152 lvl shifter TPS_1204
PROD CPU,TCB,ND0 1152 w level shifter,PENANG,A01_ACB80501,59,ND0 1152 w level shifter,POST_LOT_TEST_PLAN,73_APL6_ND0_F1152_TCB_DCP,A01_ACB80501,A01_TCB805,1204,A01,ND0 1152 w level shifter_1204
PROD CPU,TCB,ND0 1152 w level shifter,PENANG,A01_ACB80502,59,ND0 1152 w level shifter,POST_LOT_TEST_PLAN,73_APL6_ND0_F1152_TCB_DCP,A01_ACB80502,A01_TCB805,1204,A01,ND0 1152 w level shifter_1204
PROD CPU,TCB,ND0 1152 w level shifter,PENANG,A01_ACB80701,59,ND0 1152 w level shifter,POST_LOT_TEST_PLAN,73_APL6_ND0_F1152_TCB_DCP,A01_ACB80701,A01_TCB807,1204,A01,ND0 1152 w level shifter_1204
PROD CPU,TCB,NOVA LAKE H484,SAIGON,A90_AFB00069,10,NOVA LAKE H484,POST_LOT_TEST_PLAN,78_NVL_H_TCB_DCP,A90_AFB00069,A90_TCB219,1204,A90,NOVA LAKE H484_1204
PROD CPU,TCB,NOVA LAKE H484,SAIGON,A90_AFB00070,10,NOVA LAKE H484,POST_LOT_TEST_PLAN,78_NVL_H_TCB_DCP,A90_AFB00070,A90_TCB219,1204,A90,NOVA LAKE H484_1204
PROD CPU,TCB,NOVA LAKE H484,SAIGON,A90_AFB00071,10,NOVA LAKE H484,POST_LOT_TEST_PLAN,78_NVL_H_TCB_DCP,A90_AFB00071,A90_TCB219,1204,A90,NOVA LAKE H484_1204
PROD CPU,TCB,NOVA LAKE H484,SAIGON,A90_AFB00072,10,NOVA LAKE H484,POST_LOT_TEST_PLAN,78_NVL_H_TCB_DCP,A90_AFB00072,A90_TCB219,1204,A90,NOVA LAKE H484_1204
PROD CPU,TCB,NOVA LAKE H484,SAIGON,A90_AFB00118,10,NOVA LAKE H484,POST_LOT_TEST_PLAN,78_NVL_H_TCB_DCP,A90_AFB00118,A90_TCB217,1204,A90,NOVA LAKE H484_1204
PROD CPU,TCB,NOVA LAKE H484,SAIGON,A90_AFB00119,10,NOVA LAKE H484,POST_LOT_TEST_PLAN,78_NVL_H_TCB_DCP,A90_AFB00119,A90_TCB217,1204,A90,NOVA LAKE H484_1204
PROD CPU,TCB,NOVA LAKE H484,SAIGON,A90_AFB00120,10,NOVA LAKE H484,POST_LOT_TEST_PLAN,78_NVL_H_TCB_DCP,A90_AFB00120,A90_TCB217,1204,A90,NOVA LAKE H484_1204
PROD CPU,TCB,NOVA LAKE H484,SAIGON,A90_AFB00121,10,NOVA LAKE H484,POST_LOT_TEST_PLAN,78_NVL_H_TCB_DCP,A90_AFB00121,A90_TCB217,1204,A90,NOVA LAKE H484_1204
PROD CPU,TCB,NOVA LAKE HX,SAIGON,A90_AFB00029,34,NOVA LAKE HX,POST_LOT_TEST_PLAN,78_NVL_HX_TCB_DCP,A90_AFB00029,A90_TCB208,1204,A90,NOVA LAKE HX_1204
PROD CPU,TCB,NOVA LAKE HX,SAIGON,A90_AFB00030,34,NOVA LAKE HX,POST_LOT_TEST_PLAN,78_NVL_HX_TCB_DCP,A90_AFB00030,A90_TCB208,1204,A90,NOVA LAKE HX_1204
PROD CPU,TCB,NOVA LAKE HX,SAIGON,A90_AFB00031,34,NOVA LAKE HX,POST_LOT_TEST_PLAN,78_NVL_HX_TCB_DCP,A90_AFB00031,A90_TCB208,1204,A90,NOVA LAKE HX_1204
PROD CPU,TCB,NOVA LAKE HX,SAIGON,A90_AFB00032,34,NOVA LAKE HX,POST_LOT_TEST_PLAN,78_NVL_HX_TCB_DCP,A90_AFB00032,A90_TCB208,1204,A90,NOVA LAKE HX_1204
PROD CPU,TCB,NOVA LAKE HX,SAIGON,A90_AFB00037,34,NOVA LAKE HX,POST_LOT_TEST_PLAN,78_NVL_HX_TCB_DCP,A90_AFB00037,A90_TCB210,1204,A90,NOVA LAKE HX_1204
PROD CPU,TCB,NOVA LAKE HX,SAIGON,A90_AFB00038,34,NOVA LAKE HX,POST_LOT_TEST_PLAN,78_NVL_HX_TCB_DCP,A90_AFB00038,A90_TCB210,1204,A90,NOVA LAKE HX_1204
PROD CPU,TCB,NOVA LAKE HX,SAIGON,A90_AFB00039,34,NOVA LAKE HX,POST_LOT_TEST_PLAN,78_NVL_HX_TCB_DCP,A90_AFB00039,A90_TCB210,1204,A90,NOVA LAKE HX_1204
PROD CPU,TCB,NOVA LAKE HX,SAIGON,A90_AFB00040,34,NOVA LAKE HX,POST_LOT_TEST_PLAN,78_NVL_HX_TCB_DCP,A90_AFB00040,A90_TCB210,1204,A90,NOVA LAKE HX_1204
PROD CPU,TCB,NOVA LAKE P484,SAIGON,A90_AFB00017,10,NOVA LAKE P484,POST_LOT_TEST_PLAN,78_NVL_P_TCB_DCP,A90_AFB00017,A90_TCB205,1204,A90,NOVA LAKE P484_1204
PROD CPU,TCB,NOVA LAKE P484,SAIGON,A90_AFB00018,10,NOVA LAKE P484,POST_LOT_TEST_PLAN,78_NVL_P_TCB_DCP,A90_AFB00018,A90_TCB205,1204,A90,NOVA LAKE P484_1204
PROD CPU,TCB,NOVA LAKE P484,SAIGON,A90_AFB00019,10,NOVA LAKE P484,POST_LOT_TEST_PLAN,78_NVL_P_TCB_DCP,A90_AFB00019,A90_TCB205,1204,A90,NOVA LAKE P484_1204
PROD CPU,TCB,NOVA LAKE P484,SAIGON,A90_AFB00020,10,NOVA LAKE P484,POST_LOT_TEST_PLAN,78_NVL_P_TCB_DCP,A90_AFB00020,A90_TCB205,1204,A90,NOVA LAKE P484_1204
PROD CPU,TCB,NOVA LAKE P484,SAIGON,A90_AFB00118,10,NOVA LAKE P484,POST_LOT_TEST_PLAN,78_NVL_P_TCB_DCP,A90_AFB00118,A90_TCB217,1204,A90,NOVA LAKE P484_1204
PROD CPU,TCB,NOVA LAKE P484,SAIGON,A90_AFB00119,10,NOVA LAKE P484,POST_LOT_TEST_PLAN,78_NVL_P_TCB_DCP,A90_AFB00119,A90_TCB217,1204,A90,NOVA LAKE P484_1204
PROD CPU,TCB,NOVA LAKE P484,SAIGON,A90_AFB00120,10,NOVA LAKE P484,POST_LOT_TEST_PLAN,78_NVL_P_TCB_DCP,A90_AFB00120,A90_TCB217,1204,A90,NOVA LAKE P484_1204
PROD CPU,TCB,NOVA LAKE P484,SAIGON,A90_AFB00121,10,NOVA LAKE P484,POST_LOT_TEST_PLAN,78_NVL_P_TCB_DCP,A90_AFB00121,A90_TCB217,1204,A90,NOVA LAKE P484_1204
PROD CPU,TCB,Nova Lake S 16C,PENANG,A01_AFB81901,13,Nova Lake S 16C,POST_LOT_TEST_PLAN,78_NVL_S_16C_TCB_DCP,A01_AFB81901,A01_TCB819,1204,A01,Nova Lake S 16C_1204
PROD CPU,TCB,Nova Lake S 16C,PENANG,A01_AFB81902,13,Nova Lake S 16C,POST_LOT_TEST_PLAN,78_NVL_S_16C_TCB_DCP,A01_AFB81902,A01_TCB819,1204,A01,Nova Lake S 16C_1204
PROD CPU,TCB,Nova Lake S 28C BLLC,PENANG,A01_AFB81901,14,Nova Lake S 28C BLLC,POST_LOT_TEST_PLAN,78_NVL_S_28C_B0_TSX_DCP,A01_AFB81901,A01_TCB819,1204,A01,Nova Lake S 28C BLLC_1204
PROD CPU,TCB,Nova Lake S 28C BLLC,PENANG,A01_AFB81901,14,Nova Lake S 28C BLLC,POST_LOT_TEST_PLAN,78_NVL_S_28C_BLLC_TCB_DCP,A01_AFB81901,A01_TCB819,1204,A01,Nova Lake S 28C BLLC_1204
PROD CPU,TCB,Nova Lake S 28C BLLC,PENANG,A01_AFB81902,14,Nova Lake S 28C BLLC,POST_LOT_TEST_PLAN,78_NVL_S_28C_BLLC_TCB_DCP,A01_AFB81902,A01_TCB819,1204,A01,Nova Lake S 28C BLLC_1204
PROD CPU,TCB,Nova Lake S 28C BLLC,PENANG,A01_AFB81902,14,Nova Lake S 28C BLLC,POST_LOT_TEST_PLAN,78_NVL_S_28C_B0_TSX_DCP,A01_AFB81902,A01_TCB819,1204,A01,Nova Lake S 28C BLLC_1204
PROD CPU,TCB,Nova Lake S28C B0 SL,PENANG,A01_AFB81701,27,Nova Lake S28C B0 SL,POST_LOT_TEST_PLAN,78_NVL_S_28C_B0_TCB_DCP,A01_AFB81701,A01_TCB817,1204,A01,Nova Lake S28C B0 SL_1204
PROD CPU,TCB,Nova Lake S28C B0 SL,PENANG,A01_AFB81702,27,Nova Lake S28C B0 SL,POST_LOT_TEST_PLAN,78_NVL_S_28C_B0_TCB_DCP,A01_AFB81702,A01_TCB817,1204,A01,Nova Lake S28C B0 SL_1204
PROD CPU,TCB,Nova Lake S28C B0 SL,PENANG,A01_AFB81703,27,Nova Lake S28C B0 SL,POST_LOT_TEST_PLAN,78_NVL_S_28C_B0_TCB_DCP,A01_AFB81703,A01_TCB817,1204,A01,Nova Lake S28C B0 SL_1204
PROD CPU,TCB,Nova Lake S28C B0 SL,PENANG,A01_AFB81704,27,Nova Lake S28C B0 SL,POST_LOT_TEST_PLAN,78_NVL_S_28C_B0_TCB_DCP,A01_AFB81704,A01_TCB817,1204,A01,Nova Lake S28C B0 SL_1204
PROD CPU,TCB,Nova Lake S28C B0 SL,PENANG,A01_AFB81901,27,Nova Lake S28C B0 SL,POST_LOT_TEST_PLAN,78_NVL_S_28C_B0_TCB_DCP,A01_AFB81901,A01_TCB819,1204,A01,Nova Lake S28C B0 SL_1204
PROD CPU,TCB,Nova Lake S28C B0 SL,PENANG,A01_AFB81902,27,Nova Lake S28C B0 SL,POST_LOT_TEST_PLAN,78_NVL_S_28C_B0_TCB_DCP,A01_AFB81902,A01_TCB819,1204,A01,Nova Lake S28C B0 SL_1204
PROD CPU,TCB,Nova Lake U404,PENANG,A01_AFB81301,5,Nova Lake U404,POST_LOT_TEST_PLAN,78_NVL_U404_TCB_DCP,A01_AFB81301,A01_TCB813,1204,A01,Nova Lake U404_1204
PROD CPU,TCB,Nova Lake U404,PENANG,A01_AFB81302,5,Nova Lake U404,POST_LOT_TEST_PLAN,78_NVL_U404_TCB_DCP,A01_AFB81302,A01_TCB813,1204,A01,Nova Lake U404_1204
PROD CPU,TCB,NovaLake Debug,KULIM5,A15_ACB00009,10,NovaLake Debug,POST_LOT_TEST_PLAN,NODCP,A15_ACB00009,A15_TCB003,1204,A15,NovaLake Debug_1204
PROD CPU,TCB,NovaLake Debug,KULIM5,A15_ACB00010,10,NovaLake Debug,POST_LOT_TEST_PLAN,NODCP,A15_ACB00010,A15_TCB003,1204,A15,NovaLake Debug_1204
PROD CPU,TCB,PVC 1T SAMSUNG LGA,PENANG,A01_ACB80101,84,PVC 1T SAMSUNG LGA,POST_LOT_TEST_PLAN,76_PVC_XT_65UM_1T_TCB_DCP,A01_ACB80101,A01_TCB801,1204,A01,PVC 1T SAMSUNG LGA_1204
PROD CPU,TCB,PVC 1T SAMSUNG LGA,PENANG,A01_ACB80102,84,PVC 1T SAMSUNG LGA,POST_LOT_TEST_PLAN,76_PVC_XT_65UM_1T_TCB_DCP,A01_ACB80102,A01_TCB801,1204,A01,PVC 1T SAMSUNG LGA_1204
PROD CPU,TCB,PVC 2T 65um,PENANG,A01_ACB80101,70,PVC 2T 65um,POST_LOT_TEST_PLAN,76_PVC_XT_65UM_2T_TCB_DCP,A01_ACB80101,A01_TCB801,1204,A01,PVC 2T 65um_1204
PROD CPU,TCB,PVC 2T 65um,PENANG,A01_ACB80102,70,PVC 2T 65um,POST_LOT_TEST_PLAN,76_PVC_XT_65UM_2T_TCB_DCP,A01_ACB80102,A01_TCB801,1204,A01,PVC 2T 65um_1204
PROD CPU,TCB,Panther Lake H,PENANG,A01_AFB81101,25,Panther Lake H,POST_LOT_TEST_PLAN,78_PTL_H_TCB_DCP,A01_AFB81101,A01_TCB811,1204,A01,Panther Lake H_1204
PROD CPU,TCB,Panther Lake H,PENANG,A01_AFB81102,25,Panther Lake H,POST_LOT_TEST_PLAN,78_PTL_H_TCB_DCP,A01_AFB81102,A01_TCB811,1204,A01,Panther Lake H_1204
PROD CPU,TCB,Panther Lake H,PENANG,A01_AFB81201,25,Panther Lake H,POST_LOT_TEST_PLAN,78_PTL_H_TCB_DCP,A01_AFB81201,A01_TCB812,1204,A01,Panther Lake H_1204
PROD CPU,TCB,Panther Lake H,PENANG,A01_AFB81202,25,Panther Lake H,POST_LOT_TEST_PLAN,78_PTL_H_TCB_DCP,A01_AFB81202,A01_TCB812,1204,A01,Panther Lake H_1204
PROD CPU,TCB,Panther Lake H,PENANG,A01_AFB81301,25,Panther Lake H,POST_LOT_TEST_PLAN,78_PTL_H_TCB_DCP,A01_AFB81301,A01_TCB813,1204,A01,Panther Lake H_1204
PROD CPU,TCB,Panther Lake H,PENANG,A01_AFB81302,25,Panther Lake H,POST_LOT_TEST_PLAN,78_PTL_H_TCB_DCP,A01_AFB81302,A01_TCB813,1204,A01,Panther Lake H_1204
PROD CPU,TCB,Panther Lake H,PENANG,A01_AFB81701,25,Panther Lake H,POST_LOT_TEST_PLAN,78_PTL_H_TCB_DCP,A01_AFB81701,A01_TCB817,1204,A01,Panther Lake H_1204
PROD CPU,TCB,Panther Lake H,PENANG,A01_AFB81702,25,Panther Lake H,POST_LOT_TEST_PLAN,78_PTL_H_TCB_DCP,A01_AFB81702,A01_TCB817,1204,A01,Panther Lake H_1204
PROD CPU,TCB,Panther Lake H,PENANG,A01_AFB81703,25,Panther Lake H,POST_LOT_TEST_PLAN,78_PTL_H_TCB_DCP,A01_AFB81703,A01_TCB817,1204,A01,Panther Lake H_1204
PROD CPU,TCB,Panther Lake H,PENANG,A01_AFB81704,25,Panther Lake H,POST_LOT_TEST_PLAN,78_PTL_H_TCB_DCP,A01_AFB81704,A01_TCB817,1204,A01,Panther Lake H_1204
PROD CPU,TCB,Panther Lake H,PENANG,A01_AFB81901,25,Panther Lake H,POST_LOT_TEST_PLAN,78_PTL_H_TCB_DCP,A01_AFB81901,A01_TCB819,1204,A01,Panther Lake H_1204
PROD CPU,TCB,Panther Lake H,PENANG,A01_AFB81902,25,Panther Lake H,POST_LOT_TEST_PLAN,78_PTL_H_TCB_DCP,A01_AFB81902,A01_TCB819,1204,A01,Panther Lake H_1204
PROD CPU,TCB,Panther Lake P,PENANG,A01_AFB81101,45,Panther Lake P,POST_LOT_TEST_PLAN,78_PTL_P_TCB_DCP,A01_AFB81101,A01_TCB811,1204,A01,Panther Lake P_1204
PROD CPU,TCB,Panther Lake P,PENANG,A01_AFB81102,45,Panther Lake P,POST_LOT_TEST_PLAN,78_PTL_P_TCB_DCP,A01_AFB81102,A01_TCB811,1204,A01,Panther Lake P_1204
PROD CPU,TCB,Panther Lake P,PENANG,A01_AFB81301,45,Panther Lake P,POST_LOT_TEST_PLAN,78_PTL_P_TCB_DCP,A01_AFB81301,A01_TCB813,1204,A01,Panther Lake P_1204
PROD CPU,TCB,Panther Lake P,PENANG,A01_AFB81302,45,Panther Lake P,POST_LOT_TEST_PLAN,78_PTL_P_TCB_DCP,A01_AFB81302,A01_TCB813,1204,A01,Panther Lake P_1204
PROD CPU,TCB,Panther Lake P,PENANG,A01_AFB81601,45,Panther Lake P,POST_LOT_TEST_PLAN,78_PTL_P_TCB_DCP,A01_AFB81601,A01_TCB816,1204,A01,Panther Lake P_1204
PROD CPU,TCB,Panther Lake P,PENANG,A01_AFB81602,45,Panther Lake P,POST_LOT_TEST_PLAN,78_PTL_P_TCB_DCP,A01_AFB81602,A01_TCB816,1204,A01,Panther Lake P_1204
PROD CPU,TCB,Panther Lake P,PENANG,A01_AFB81603,45,Panther Lake P,POST_LOT_TEST_PLAN,78_PTL_P_TCB_DCP,A01_AFB81603,A01_TCB816,1204,A01,Panther Lake P_1204
PROD CPU,TCB,Panther Lake P,PENANG,A01_AFB81604,45,Panther Lake P,POST_LOT_TEST_PLAN,78_PTL_P_TCB_DCP,A01_AFB81604,A01_TCB816,1204,A01,Panther Lake P_1204
PROD CPU,TCB,Panther Lake P,PENANG,A01_AFB81901,45,Panther Lake P,POST_LOT_TEST_PLAN,78_PTL_P_TCB_DCP,A01_AFB81901,A01_TCB819,1204,A01,Panther Lake P_1204
PROD CPU,TCB,Panther Lake P,PENANG,A01_AFB81902,45,Panther Lake P,POST_LOT_TEST_PLAN,78_PTL_P_TCB_DCP,A01_AFB81902,A01_TCB819,1204,A01,Panther Lake P_1204
PROD CPU,TCB,Panther Lake P,PENANG,A01_AFB82001,45,Panther Lake P,POST_LOT_TEST_PLAN,78_PTL_P_TCB_DCP,A01_AFB82001,A01_TCB820,1204,A01,Panther Lake P_1204
PROD CPU,TCB,Panther Lake P,PENANG,A01_AFB82002,45,Panther Lake P,POST_LOT_TEST_PLAN,78_PTL_P_TCB_DCP,A01_AFB82002,A01_TCB820,1204,A01,Panther Lake P_1204
PROD CPU,TCB,Panther Lake P,PENANG,A01_AFB82003,45,Panther Lake P,POST_LOT_TEST_PLAN,78_PTL_P_TCB_DCP,A01_AFB82003,A01_TCB820,1204,A01,Panther Lake P_1204
PROD CPU,TCB,Panther Lake P,PENANG,A01_AFB82004,45,Panther Lake P,POST_LOT_TEST_PLAN,78_PTL_P_TCB_DCP,A01_AFB82004,A01_TCB820,1204,A01,Panther Lake P_1204
PROD CPU,TCB,Panther Lake P 360um,"PENANG;CHANDLER, ARIZONA;",A01_AFB81301,3,Panther Lake P 360um,POST_LOT_TEST_PLAN,78_PTL_P_TCB_DCP,A01_AFB81301,A01_TCB813,1204,A01,Panther Lake P 360um_1204
PROD CPU,TCB,Panther Lake P 360um,"PENANG;CHANDLER, ARIZONA;",A01_AFB81302,3,Panther Lake P 360um,POST_LOT_TEST_PLAN,78_PTL_P_TCB_DCP,A01_AFB81302,A01_TCB813,1204,A01,Panther Lake P 360um_1204
PROD CPU,TCB,Panther Lake U404,PENANG;CHENGDU6;SAIGON;,A01_AFB81101,41,Panther Lake U404,POST_LOT_TEST_PLAN,78_PTL_U404_TCB_DCP,A01_AFB81101,A01_TCB811,1204,A01,Panther Lake U404_1204
PROD CPU,TCB,Panther Lake U404,PENANG;CHENGDU6;SAIGON;,A01_AFB81102,41,Panther Lake U404,POST_LOT_TEST_PLAN,78_PTL_U404_TCB_DCP,A01_AFB81102,A01_TCB811,1204,A01,Panther Lake U404_1204
PROD CPU,TCB,Panther Lake U404,PENANG;CHENGDU6;SAIGON;,A01_AFB81201,41,Panther Lake U404,POST_LOT_TEST_PLAN,78_PTL_U404_TCB_DCP,A01_AFB81201,A01_TCB812,1204,A01,Panther Lake U404_1204
PROD CPU,TCB,Panther Lake U404,PENANG;CHENGDU6;SAIGON;,A01_AFB81202,41,Panther Lake U404,POST_LOT_TEST_PLAN,78_PTL_U404_TCB_DCP,A01_AFB81202,A01_TCB812,1204,A01,Panther Lake U404_1204
PROD CPU,TCB,Panther Lake U404,PENANG;CHENGDU6;SAIGON;,A01_AFB81301,41,Panther Lake U404,POST_LOT_TEST_PLAN,78_PTL_U404_TCB_DCP,A01_AFB81301,A01_TCB813,1204,A01,Panther Lake U404_1204
PROD CPU,TCB,Panther Lake U404,PENANG;CHENGDU6;SAIGON;,A01_AFB81302,41,Panther Lake U404,POST_LOT_TEST_PLAN,78_PTL_U404_TCB_DCP,A01_AFB81302,A01_TCB813,1204,A01,Panther Lake U404_1204
PROD CPU,TCB,Panther Lake U404,PENANG;CHENGDU6;SAIGON;,A01_AFB81601,41,Panther Lake U404,POST_LOT_TEST_PLAN,78_PTL_U404_TCB_DCP,A01_AFB81601,A01_TCB816,1204,A01,Panther Lake U404_1204
PROD CPU,TCB,Panther Lake U404,PENANG;CHENGDU6;SAIGON;,A01_AFB81602,41,Panther Lake U404,POST_LOT_TEST_PLAN,78_PTL_U404_TCB_DCP,A01_AFB81602,A01_TCB816,1204,A01,Panther Lake U404_1204
PROD CPU,TCB,Panther Lake U404,PENANG;CHENGDU6;SAIGON;,A01_AFB81603,41,Panther Lake U404,POST_LOT_TEST_PLAN,78_PTL_U404_TCB_DCP,A01_AFB81603,A01_TCB816,1204,A01,Panther Lake U404_1204
PROD CPU,TCB,Panther Lake U404,PENANG;CHENGDU6;SAIGON;,A01_AFB81604,41,Panther Lake U404,POST_LOT_TEST_PLAN,78_PTL_U404_TCB_DCP,A01_AFB81604,A01_TCB816,1204,A01,Panther Lake U404_1204
PROD CPU,TCB,Panther Lake U404,PENANG;CHENGDU6;SAIGON;,A01_AFB81701,41,Panther Lake U404,POST_LOT_TEST_PLAN,78_PTL_U404_TCB_DCP,A01_AFB81701,A01_TCB817,1204,A01,Panther Lake U404_1204
PROD CPU,TCB,Panther Lake U404,PENANG;CHENGDU6;SAIGON;,A01_AFB81702,41,Panther Lake U404,POST_LOT_TEST_PLAN,78_PTL_U404_TCB_DCP,A01_AFB81702,A01_TCB817,1204,A01,Panther Lake U404_1204
PROD CPU,TCB,Panther Lake U404,PENANG;CHENGDU6;SAIGON;,A01_AFB81703,41,Panther Lake U404,POST_LOT_TEST_PLAN,78_PTL_U404_TCB_DCP,A01_AFB81703,A01_TCB817,1204,A01,Panther Lake U404_1204
PROD CPU,TCB,Panther Lake U404,PENANG;CHENGDU6;SAIGON;,A01_AFB81704,41,Panther Lake U404,POST_LOT_TEST_PLAN,78_PTL_U404_TCB_DCP,A01_AFB81704,A01_TCB817,1204,A01,Panther Lake U404_1204
PROD CPU,TCB,Panther Lake U404,PENANG;CHENGDU6;SAIGON;,A01_AFB82001,41,Panther Lake U404,POST_LOT_TEST_PLAN,78_PTL_U404_TCB_DCP,A01_AFB82001,A01_TCB820,1204,A01,Panther Lake U404_1204
PROD CPU,TCB,Panther Lake U404,PENANG;CHENGDU6;SAIGON;,A01_AFB82002,41,Panther Lake U404,POST_LOT_TEST_PLAN,78_PTL_U404_TCB_DCP,A01_AFB82002,A01_TCB820,1204,A01,Panther Lake U404_1204
PROD CPU,TCB,Panther Lake U404,PENANG;CHENGDU6;SAIGON;,A01_AFB82003,41,Panther Lake U404,POST_LOT_TEST_PLAN,78_PTL_U404_TCB_DCP,A01_AFB82003,A01_TCB820,1204,A01,Panther Lake U404_1204
PROD CPU,TCB,Panther Lake U404,PENANG;CHENGDU6;SAIGON;,A01_AFB82004,41,Panther Lake U404,POST_LOT_TEST_PLAN,78_PTL_U404_TCB_DCP,A01_AFB82004,A01_TCB820,1204,A01,Panther Lake U404_1204
PROD CPU,TCB,Panther Lake U404,PENANG;CHENGDU6;SAIGON;,A48_ACB70017,34,Panther Lake U404,POST_LOT_TEST_PLAN,78_PTL_U404_TCB_DCP,A48_ACB70017,A48_TCB705,1204,A48,Panther Lake U404_1204
PROD CPU,TCB,Panther Lake U404,PENANG;CHENGDU6;SAIGON;,A48_ACB70018,34,Panther Lake U404,POST_LOT_TEST_PLAN,78_PTL_U404_TCB_DCP,A48_ACB70018,A48_TCB705,1204,A48,Panther Lake U404_1204
PROD CPU,TCB,Panther Lake U404,PENANG;CHENGDU6;SAIGON;,A48_ACB70019,34,Panther Lake U404,POST_LOT_TEST_PLAN,78_PTL_U404_TCB_DCP,A48_ACB70019,A48_TCB705,1204,A48,Panther Lake U404_1204
PROD CPU,TCB,Panther Lake U404,PENANG;CHENGDU6;SAIGON;,A48_ACB70020,34,Panther Lake U404,POST_LOT_TEST_PLAN,78_PTL_U404_TCB_DCP,A48_ACB70020,A48_TCB705,1204,A48,Panther Lake U404_1204
PROD CPU,TCB,Panther Lake U404,PENANG;CHENGDU6;SAIGON;,A90_AFB00033,41,Panther Lake U404,POST_LOT_TEST_PLAN,78_PTL_U404_TCB_DCP,A90_AFB00033,A90_TCB209,1204,A90,Panther Lake U404_1204
PROD CPU,TCB,Panther Lake U404,PENANG;CHENGDU6;SAIGON;,A90_AFB00034,41,Panther Lake U404,POST_LOT_TEST_PLAN,78_PTL_U404_TCB_DCP,A90_AFB00034,A90_TCB209,1204,A90,Panther Lake U404_1204
PROD CPU,TCB,Panther Lake U404,PENANG;CHENGDU6;SAIGON;,A90_AFB00035,41,Panther Lake U404,POST_LOT_TEST_PLAN,78_PTL_U404_TCB_DCP,A90_AFB00035,A90_TCB209,1204,A90,Panther Lake U404_1204
PROD CPU,TCB,Panther Lake U404,PENANG;CHENGDU6;SAIGON;,A90_AFB00036,41,Panther Lake U404,POST_LOT_TEST_PLAN,78_PTL_U404_TCB_DCP,A90_AFB00036,A90_TCB209,1204,A90,Panther Lake U404_1204
PROD CPU,TCB,Panther Lake U404,PENANG;CHENGDU6;SAIGON;,A90_AFB00093,41,Panther Lake U404,POST_LOT_TEST_PLAN,78_PTL_U404_TCB_DCP,A90_AFB00093,A90_TCB213,1204,A90,Panther Lake U404_1204
PROD CPU,TCB,Panther Lake U404,PENANG;CHENGDU6;SAIGON;,A90_AFB00094,41,Panther Lake U404,POST_LOT_TEST_PLAN,78_PTL_U404_TCB_DCP,A90_AFB00094,A90_TCB213,1204,A90,Panther Lake U404_1204
PROD CPU,TCB,Panther Lake U404,PENANG;CHENGDU6;SAIGON;,A90_AFB00095,41,Panther Lake U404,POST_LOT_TEST_PLAN,78_PTL_U404_TCB_DCP,A90_AFB00095,A90_TCB213,1204,A90,Panther Lake U404_1204
PROD CPU,TCB,Panther Lake U404,PENANG;CHENGDU6;SAIGON;,A90_AFB00096,41,Panther Lake U404,POST_LOT_TEST_PLAN,78_PTL_U404_TCB_DCP,A90_AFB00096,A90_TCB213,1204,A90,Panther Lake U404_1204
PROD CPU,TCB,Panther Lake U404,PENANG;CHENGDU6;SAIGON;,A90_AFB00118,41,Panther Lake U404,POST_LOT_TEST_PLAN,78_PTL_U404_TCB_DCP,A90_AFB00118,A90_TCB217,1204,A90,Panther Lake U404_1204
PROD CPU,TCB,Panther Lake U404,PENANG;CHENGDU6;SAIGON;,A90_AFB00119,41,Panther Lake U404,POST_LOT_TEST_PLAN,78_PTL_U404_TCB_DCP,A90_AFB00119,A90_TCB217,1204,A90,Panther Lake U404_1204
PROD CPU,TCB,Panther Lake U404,PENANG;CHENGDU6;SAIGON;,A90_AFB00120,41,Panther Lake U404,POST_LOT_TEST_PLAN,78_PTL_U404_TCB_DCP,A90_AFB00120,A90_TCB217,1204,A90,Panther Lake U404_1204
PROD CPU,TCB,Panther Lake U404,PENANG;CHENGDU6;SAIGON;,A90_AFB00121,41,Panther Lake U404,POST_LOT_TEST_PLAN,78_PTL_U404_TCB_DCP,A90_AFB00121,A90_TCB217,1204,A90,Panther Lake U404_1204
PROD CPU,TCB,Panther Lake U404,PENANG;CHENGDU6;SAIGON;,A90_AFB00122,41,Panther Lake U404,POST_LOT_TEST_PLAN,78_PTL_U404_TCB_DCP,A90_AFB00122,A90_TCB216,1204,A90,Panther Lake U404_1204
PROD CPU,TCB,Panther Lake U404,PENANG;CHENGDU6;SAIGON;,A90_AFB00123,41,Panther Lake U404,POST_LOT_TEST_PLAN,78_PTL_U404_TCB_DCP,A90_AFB00123,A90_TCB216,1204,A90,Panther Lake U404_1204
PROD CPU,TCB,Panther Lake U404,PENANG;CHENGDU6;SAIGON;,A90_AFB00124,41,Panther Lake U404,POST_LOT_TEST_PLAN,78_PTL_U404_TCB_DCP,A90_AFB00124,A90_TCB216,1204,A90,Panther Lake U404_1204
PROD CPU,TCB,Panther Lake U404,PENANG;CHENGDU6;SAIGON;,A90_AFB00125,41,Panther Lake U404,POST_LOT_TEST_PLAN,78_PTL_U404_TCB_DCP,A90_AFB00125,A90_TCB216,1204,A90,Panther Lake U404_1204
PROD CPU,TCB,RPL P282,CHENGDU6,A48_ACB70005,111,RPL P282,POST_LOT_TEST_PLAN,74_RPL_P282_TCB_DCP,A48_ACB70005,A48_TCB702,1204,A48,RPL P282_1204
PROD CPU,TCB,RPL P282,CHENGDU6,A48_ACB70006,111,RPL P282,POST_LOT_TEST_PLAN,74_RPL_P282_TCB_DCP,A48_ACB70006,A48_TCB702,1204,A48,RPL P282_1204
PROD CPU,TCB,RPL P282,CHENGDU6,A48_ACB70007,111,RPL P282,POST_LOT_TEST_PLAN,74_RPL_P282_TCB_DCP,A48_ACB70007,A48_TCB702,1204,A48,RPL P282_1204
PROD CPU,TCB,RPL P282,CHENGDU6,A48_ACB70008,111,RPL P282,POST_LOT_TEST_PLAN,74_RPL_P282_TCB_DCP,A48_ACB70008,A48_TCB702,1204,A48,RPL P282_1204
PROD CPU,TCB,RPL P282,CHENGDU6,A48_ACB70009,111,RPL P282,POST_LOT_TEST_PLAN,74_RPL_P282_TCB_DCP,A48_ACB70009,A48_TCB703,1204,A48,RPL P282_1204
PROD CPU,TCB,RPL P282,CHENGDU6,A48_ACB70010,111,RPL P282,POST_LOT_TEST_PLAN,74_RPL_P282_TCB_DCP,A48_ACB70010,A48_TCB703,1204,A48,RPL P282_1204
PROD CPU,TCB,RPL P282,CHENGDU6,A48_ACB70011,111,RPL P282,POST_LOT_TEST_PLAN,74_RPL_P282_TCB_DCP,A48_ACB70011,A48_TCB703,1204,A48,RPL P282_1204
PROD CPU,TCB,RPL P282,CHENGDU6,A48_ACB70012,111,RPL P282,POST_LOT_TEST_PLAN,74_RPL_P282_TCB_DCP,A48_ACB70012,A48_TCB703,1204,A48,RPL P282_1204
PROD CPU,TCB,RPL P282,CHENGDU6,A48_ACB70017,111,RPL P282,POST_LOT_TEST_PLAN,74_RPL_P282_TCB_DCP,A48_ACB70017,A48_TCB705,1204,A48,RPL P282_1204
PROD CPU,TCB,RPL P282,CHENGDU6,A48_ACB70018,111,RPL P282,POST_LOT_TEST_PLAN,74_RPL_P282_TCB_DCP,A48_ACB70018,A48_TCB705,1204,A48,RPL P282_1204
PROD CPU,TCB,RPL P282,CHENGDU6,A48_ACB70019,111,RPL P282,POST_LOT_TEST_PLAN,74_RPL_P282_TCB_DCP,A48_ACB70019,A48_TCB705,1204,A48,RPL P282_1204
PROD CPU,TCB,RPL P282,CHENGDU6,A48_ACB70020,111,RPL P282,POST_LOT_TEST_PLAN,74_RPL_P282_TCB_DCP,A48_ACB70020,A48_TCB705,1204,A48,RPL P282_1204
PROD CPU,TCB,RPL P282,CHENGDU6,A48_ACB70021,111,RPL P282,POST_LOT_TEST_PLAN,74_RPL_P282_TCB_DCP,A48_ACB70021,A48_TCB706,1204,A48,RPL P282_1204
PROD CPU,TCB,RPL P282,CHENGDU6,A48_ACB70022,111,RPL P282,POST_LOT_TEST_PLAN,74_RPL_P282_TCB_DCP,A48_ACB70022,A48_TCB706,1204,A48,RPL P282_1204
PROD CPU,TCB,RPL P282,CHENGDU6,A48_ACB70023,111,RPL P282,POST_LOT_TEST_PLAN,74_RPL_P282_TCB_DCP,A48_ACB70023,A48_TCB706,1204,A48,RPL P282_1204
PROD CPU,TCB,RPL P282,CHENGDU6,A48_ACB70024,111,RPL P282,POST_LOT_TEST_PLAN,74_RPL_P282_TCB_DCP,A48_ACB70024,A48_TCB706,1204,A48,RPL P282_1204
PROD CPU,TCB,RPL P282,CHENGDU6;SAIGON;,A48_ACB70025,110,RPL P282,POST_LOT_TEST_PLAN,74_RPL_P282_TCB_DCP,A48_ACB70025,A48_TCB707,1204,A48,RPL P282_1204
PROD CPU,TCB,RPL P282,CHENGDU6;SAIGON;,A48_ACB70026,110,RPL P282,POST_LOT_TEST_PLAN,74_RPL_P282_TCB_DCP,A48_ACB70026,A48_TCB707,1204,A48,RPL P282_1204
PROD CPU,TCB,RPL P282,CHENGDU6;SAIGON;,A48_ACB70027,110,RPL P282,POST_LOT_TEST_PLAN,74_RPL_P282_TCB_DCP,A48_ACB70027,A48_TCB707,1204,A48,RPL P282_1204
PROD CPU,TCB,RPL P282,CHENGDU6;SAIGON;,A48_ACB70028,110,RPL P282,POST_LOT_TEST_PLAN,74_RPL_P282_TCB_DCP,A48_ACB70028,A48_TCB707,1204,A48,RPL P282_1204
PROD CPU,TCB,RPL P282,CHENGDU6,A48_ACB70037,111,RPL P282,POST_LOT_TEST_PLAN,74_RPL_P282_TCB_DCP,A48_ACB70037,A48_TCB714,1204,A48,RPL P282_1204
PROD CPU,TCB,RPL P282,CHENGDU6,A48_ACB70038,111,RPL P282,POST_LOT_TEST_PLAN,74_RPL_P282_TCB_DCP,A48_ACB70038,A48_TCB714,1204,A48,RPL P282_1204
PROD CPU,TCB,RPL P282,CHENGDU6,A48_ACB70039,111,RPL P282,POST_LOT_TEST_PLAN,74_RPL_P282_TCB_DCP,A48_ACB70039,A48_TCB714,1204,A48,RPL P282_1204
PROD CPU,TCB,RPL P282,CHENGDU6,A48_ACB70040,111,RPL P282,POST_LOT_TEST_PLAN,74_RPL_P282_TCB_DCP,A48_ACB70040,A48_TCB714,1204,A48,RPL P282_1204
PROD CPU,TCB,RPL P282,CHENGDU6;SAIGON;,A48_AFB70005,110,RPL P282,POST_LOT_TEST_PLAN,74_RPL_P282_TCB_DCP,A48_AFB70005,A48_TCB711,1204,A48,RPL P282_1204
PROD CPU,TCB,RPL P282,CHENGDU6;SAIGON;,A48_AFB70006,110,RPL P282,POST_LOT_TEST_PLAN,74_RPL_P282_TCB_DCP,A48_AFB70006,A48_TCB711,1204,A48,RPL P282_1204
PROD CPU,TCB,RPL P282,CHENGDU6;SAIGON;,A48_AFB70007,110,RPL P282,POST_LOT_TEST_PLAN,74_RPL_P282_TCB_DCP,A48_AFB70007,A48_TCB711,1204,A48,RPL P282_1204
PROD CPU,TCB,RPL P282,CHENGDU6;SAIGON;,A48_AFB70008,110,RPL P282,POST_LOT_TEST_PLAN,74_RPL_P282_TCB_DCP,A48_AFB70008,A48_TCB711,1204,A48,RPL P282_1204
PROD CPU,TCB,RPL P282,CHENGDU6,A48_AFB70013,111,RPL P282,POST_LOT_TEST_PLAN,74_RPL_P282_TCB_DCP,A48_AFB70013,A48_TCB712,1204,A48,RPL P282_1204
PROD CPU,TCB,RPL P282,CHENGDU6,A48_AFB70014,111,RPL P282,POST_LOT_TEST_PLAN,74_RPL_P282_TCB_DCP,A48_AFB70014,A48_TCB712,1204,A48,RPL P282_1204
PROD CPU,TCB,RPL P282,CHENGDU6,A48_AFB70015,111,RPL P282,POST_LOT_TEST_PLAN,74_RPL_P282_TCB_DCP,A48_AFB70015,A48_TCB712,1204,A48,RPL P282_1204
PROD CPU,TCB,RPL P282,CHENGDU6,A48_AFB70016,111,RPL P282,POST_LOT_TEST_PLAN,74_RPL_P282_TCB_DCP,A48_AFB70016,A48_TCB712,1204,A48,RPL P282_1204
PROD CPU,TCB,RPL P282,CHENGDU6;SAIGON;,A90_AFB00009,110,RPL P282,POST_LOT_TEST_PLAN,74_RPL_P282_TCB_DCP,A90_AFB00009,A90_TCB203,1204,A90,RPL P282_1204
PROD CPU,TCB,RPL P282,CHENGDU6;SAIGON;,A90_AFB00010,110,RPL P282,POST_LOT_TEST_PLAN,74_RPL_P282_TCB_DCP,A90_AFB00010,A90_TCB203,1204,A90,RPL P282_1204
PROD CPU,TCB,RPL P282,CHENGDU6;SAIGON;,A90_AFB00011,110,RPL P282,POST_LOT_TEST_PLAN,74_RPL_P282_TCB_DCP,A90_AFB00011,A90_TCB203,1204,A90,RPL P282_1204
PROD CPU,TCB,RPL P282,CHENGDU6;SAIGON;,A90_AFB00012,110,RPL P282,POST_LOT_TEST_PLAN,74_RPL_P282_TCB_DCP,A90_AFB00012,A90_TCB203,1204,A90,RPL P282_1204
PROD CPU,TCB,RPL P282,CHENGDU6;SAIGON;,A90_AFB00013,110,RPL P282,POST_LOT_TEST_PLAN,74_RPL_P282_TCB_DCP,A90_AFB00013,A90_TCB204,1204,A90,RPL P282_1204
PROD CPU,TCB,RPL P282,CHENGDU6;SAIGON;,A90_AFB00014,110,RPL P282,POST_LOT_TEST_PLAN,74_RPL_P282_TCB_DCP,A90_AFB00014,A90_TCB204,1204,A90,RPL P282_1204
PROD CPU,TCB,RPL P282,CHENGDU6;SAIGON;,A90_AFB00015,110,RPL P282,POST_LOT_TEST_PLAN,74_RPL_P282_TCB_DCP,A90_AFB00015,A90_TCB204,1204,A90,RPL P282_1204
PROD CPU,TCB,RPL P282,CHENGDU6;SAIGON;,A90_AFB00016,110,RPL P282,POST_LOT_TEST_PLAN,74_RPL_P282_TCB_DCP,A90_AFB00016,A90_TCB204,1204,A90,RPL P282_1204
PROD CPU,TCB,RPL P282,SAIGON,A90_AFB00017,112,RPL P282,POST_LOT_TEST_PLAN,74_RPL_P282_TCB_DCP,A90_AFB00017,A90_TCB205,1204,A90,RPL P282_1204
PROD CPU,TCB,RPL P282,SAIGON,A90_AFB00018,112,RPL P282,POST_LOT_TEST_PLAN,74_RPL_P282_TCB_DCP,A90_AFB00018,A90_TCB205,1204,A90,RPL P282_1204
PROD CPU,TCB,RPL P282,SAIGON,A90_AFB00019,112,RPL P282,POST_LOT_TEST_PLAN,74_RPL_P282_TCB_DCP,A90_AFB00019,A90_TCB205,1204,A90,RPL P282_1204
PROD CPU,TCB,RPL P282,SAIGON,A90_AFB00020,112,RPL P282,POST_LOT_TEST_PLAN,74_RPL_P282_TCB_DCP,A90_AFB00020,A90_TCB205,1204,A90,RPL P282_1204
PROD CPU,TCB,RPL P282,CHENGDU6;SAIGON;,A90_AFB00021,110,RPL P282,POST_LOT_TEST_PLAN,74_RPL_P282_TCB_DCP,A90_AFB00021,A90_TCB206,1204,A90,RPL P282_1204
PROD CPU,TCB,RPL P282,CHENGDU6;SAIGON;,A90_AFB00022,110,RPL P282,POST_LOT_TEST_PLAN,74_RPL_P282_TCB_DCP,A90_AFB00022,A90_TCB206,1204,A90,RPL P282_1204
PROD CPU,TCB,RPL P282,CHENGDU6;SAIGON;,A90_AFB00023,110,RPL P282,POST_LOT_TEST_PLAN,74_RPL_P282_TCB_DCP,A90_AFB00023,A90_TCB206,1204,A90,RPL P282_1204
PROD CPU,TCB,RPL P282,CHENGDU6;SAIGON;,A90_AFB00024,110,RPL P282,POST_LOT_TEST_PLAN,74_RPL_P282_TCB_DCP,A90_AFB00024,A90_TCB206,1204,A90,RPL P282_1204
PROD CPU,TCB,RPL P282,CHENGDU6;SAIGON;,A90_AFB00025,110,RPL P282,POST_LOT_TEST_PLAN,74_RPL_P282_TCB_DCP,A90_AFB00025,A90_TCB207,1204,A90,RPL P282_1204
PROD CPU,TCB,RPL P282,CHENGDU6;SAIGON;,A90_AFB00026,110,RPL P282,POST_LOT_TEST_PLAN,74_RPL_P282_TCB_DCP,A90_AFB00026,A90_TCB207,1204,A90,RPL P282_1204
PROD CPU,TCB,RPL P282,CHENGDU6;SAIGON;,A90_AFB00027,110,RPL P282,POST_LOT_TEST_PLAN,74_RPL_P282_TCB_DCP,A90_AFB00027,A90_TCB207,1204,A90,RPL P282_1204
PROD CPU,TCB,RPL P282,CHENGDU6;SAIGON;,A90_AFB00028,110,RPL P282,POST_LOT_TEST_PLAN,74_RPL_P282_TCB_DCP,A90_AFB00028,A90_TCB207,1204,A90,RPL P282_1204
PROD CPU,TCB,RPL P282,CHENGDU6;SAIGON;,A90_AFB00029,110,RPL P282,POST_LOT_TEST_PLAN,74_RPL_P282_TCB_DCP,A90_AFB00029,A90_TCB208,1204,A90,RPL P282_1204
PROD CPU,TCB,RPL P282,CHENGDU6;SAIGON;,A90_AFB00030,110,RPL P282,POST_LOT_TEST_PLAN,74_RPL_P282_TCB_DCP,A90_AFB00030,A90_TCB208,1204,A90,RPL P282_1204
PROD CPU,TCB,RPL P282,CHENGDU6;SAIGON;,A90_AFB00031,110,RPL P282,POST_LOT_TEST_PLAN,74_RPL_P282_TCB_DCP,A90_AFB00031,A90_TCB208,1204,A90,RPL P282_1204
PROD CPU,TCB,RPL P282,CHENGDU6;SAIGON;,A90_AFB00032,110,RPL P282,POST_LOT_TEST_PLAN,74_RPL_P282_TCB_DCP,A90_AFB00032,A90_TCB208,1204,A90,RPL P282_1204
PROD CPU,TCB,RPL P282,CHENGDU6;SAIGON;,A90_AFB00033,110,RPL P282,POST_LOT_TEST_PLAN,74_RPL_P282_TCB_DCP,A90_AFB00033,A90_TCB209,1204,A90,RPL P282_1204
PROD CPU,TCB,RPL P282,CHENGDU6;SAIGON;,A90_AFB00034,110,RPL P282,POST_LOT_TEST_PLAN,74_RPL_P282_TCB_DCP,A90_AFB00034,A90_TCB209,1204,A90,RPL P282_1204
PROD CPU,TCB,RPL P282,CHENGDU6;SAIGON;,A90_AFB00035,110,RPL P282,POST_LOT_TEST_PLAN,74_RPL_P282_TCB_DCP,A90_AFB00035,A90_TCB209,1204,A90,RPL P282_1204
PROD CPU,TCB,RPL P282,CHENGDU6;SAIGON;,A90_AFB00036,110,RPL P282,POST_LOT_TEST_PLAN,74_RPL_P282_TCB_DCP,A90_AFB00036,A90_TCB209,1204,A90,RPL P282_1204
PROD CPU,TCB,RPL P282,CHENGDU6;SAIGON;,A90_AFB00037,110,RPL P282,POST_LOT_TEST_PLAN,74_RPL_P282_TCB_DCP,A90_AFB00037,A90_TCB210,1204,A90,RPL P282_1204
PROD CPU,TCB,RPL P282,CHENGDU6;SAIGON;,A90_AFB00038,110,RPL P282,POST_LOT_TEST_PLAN,74_RPL_P282_TCB_DCP,A90_AFB00038,A90_TCB210,1204,A90,RPL P282_1204
PROD CPU,TCB,RPL P282,CHENGDU6;SAIGON;,A90_AFB00039,110,RPL P282,POST_LOT_TEST_PLAN,74_RPL_P282_TCB_DCP,A90_AFB00039,A90_TCB210,1204,A90,RPL P282_1204
PROD CPU,TCB,RPL P282,CHENGDU6;SAIGON;,A90_AFB00040,110,RPL P282,POST_LOT_TEST_PLAN,74_RPL_P282_TCB_DCP,A90_AFB00040,A90_TCB210,1204,A90,RPL P282_1204
PROD CPU,TCB,RPL P282,CHENGDU6;SAIGON;,A90_AFB00045,110,RPL P282,POST_LOT_TEST_PLAN,74_RPL_P282_TCB_DCP,A90_AFB00045,A90_TCB220,1204,A90,RPL P282_1204
PROD CPU,TCB,RPL P282,CHENGDU6;SAIGON;,A90_AFB00046,110,RPL P282,POST_LOT_TEST_PLAN,74_RPL_P282_TCB_DCP,A90_AFB00046,A90_TCB220,1204,A90,RPL P282_1204
PROD CPU,TCB,RPL P282,CHENGDU6;SAIGON;,A90_AFB00047,110,RPL P282,POST_LOT_TEST_PLAN,74_RPL_P282_TCB_DCP,A90_AFB00047,A90_TCB220,1204,A90,RPL P282_1204
PROD CPU,TCB,RPL P282,CHENGDU6;SAIGON;,A90_AFB00048,110,RPL P282,POST_LOT_TEST_PLAN,74_RPL_P282_TCB_DCP,A90_AFB00048,A90_TCB220,1204,A90,RPL P282_1204
PROD CPU,TCB,RPL P282,CHENGDU6;SAIGON;,A90_AFB00069,110,RPL P282,POST_LOT_TEST_PLAN,74_RPL_P282_TCB_DCP,A90_AFB00069,A90_TCB219,1204,A90,RPL P282_1204
PROD CPU,TCB,RPL P282,CHENGDU6;SAIGON;,A90_AFB00070,110,RPL P282,POST_LOT_TEST_PLAN,74_RPL_P282_TCB_DCP,A90_AFB00070,A90_TCB219,1204,A90,RPL P282_1204
PROD CPU,TCB,RPL P282,CHENGDU6;SAIGON;,A90_AFB00071,110,RPL P282,POST_LOT_TEST_PLAN,74_RPL_P282_TCB_DCP,A90_AFB00071,A90_TCB219,1204,A90,RPL P282_1204
PROD CPU,TCB,RPL P282,CHENGDU6;SAIGON;,A90_AFB00072,110,RPL P282,POST_LOT_TEST_PLAN,74_RPL_P282_TCB_DCP,A90_AFB00072,A90_TCB219,1204,A90,RPL P282_1204
PROD CPU,TCB,RPL P282,CHENGDU6;SAIGON;,A90_AFB00081,110,RPL P282,POST_LOT_TEST_PLAN,74_RPL_P282_TCB_DCP,A90_AFB00081,A90_TCB215,1204,A90,RPL P282_1204
PROD CPU,TCB,RPL P282,CHENGDU6;SAIGON;,A90_AFB00082,110,RPL P282,POST_LOT_TEST_PLAN,74_RPL_P282_TCB_DCP,A90_AFB00082,A90_TCB215,1204,A90,RPL P282_1204
PROD CPU,TCB,RPL P282,CHENGDU6;SAIGON;,A90_AFB00093,110,RPL P282,POST_LOT_TEST_PLAN,74_RPL_P282_TCB_DCP,A90_AFB00093,A90_TCB213,1204,A90,RPL P282_1204
PROD CPU,TCB,RPL P282,CHENGDU6;SAIGON;,A90_AFB00094,110,RPL P282,POST_LOT_TEST_PLAN,74_RPL_P282_TCB_DCP,A90_AFB00094,A90_TCB213,1204,A90,RPL P282_1204
PROD CPU,TCB,RPL P282,CHENGDU6;SAIGON;,A90_AFB00095,110,RPL P282,POST_LOT_TEST_PLAN,74_RPL_P282_TCB_DCP,A90_AFB00095,A90_TCB213,1204,A90,RPL P282_1204
PROD CPU,TCB,RPL P282,CHENGDU6;SAIGON;,A90_AFB00096,110,RPL P282,POST_LOT_TEST_PLAN,74_RPL_P282_TCB_DCP,A90_AFB00096,A90_TCB213,1204,A90,RPL P282_1204
PROD CPU,TCB,RPL P282,CHENGDU6;SAIGON;,A90_AFB00097,110,RPL P282,POST_LOT_TEST_PLAN,74_RPL_P282_TCB_DCP,A90_AFB00097,A90_TCB214,1204,A90,RPL P282_1204
PROD CPU,TCB,RPL P282,CHENGDU6;SAIGON;,A90_AFB00098,110,RPL P282,POST_LOT_TEST_PLAN,74_RPL_P282_TCB_DCP,A90_AFB00098,A90_TCB214,1204,A90,RPL P282_1204
PROD CPU,TCB,RPL P282,CHENGDU6;SAIGON;,A90_AFB00099,110,RPL P282,POST_LOT_TEST_PLAN,74_RPL_P282_TCB_DCP,A90_AFB00099,A90_TCB214,1204,A90,RPL P282_1204
PROD CPU,TCB,RPL P282,CHENGDU6;SAIGON;,A90_AFB00100,110,RPL P282,POST_LOT_TEST_PLAN,74_RPL_P282_TCB_DCP,A90_AFB00100,A90_TCB214,1204,A90,RPL P282_1204
PROD CPU,TCB,RPL P282,CHENGDU6;SAIGON;,A90_AFB00118,110,RPL P282,POST_LOT_TEST_PLAN,74_RPL_P282_TCB_DCP,A90_AFB00118,A90_TCB217,1204,A90,RPL P282_1204
PROD CPU,TCB,RPL P282,CHENGDU6;SAIGON;,A90_AFB00119,110,RPL P282,POST_LOT_TEST_PLAN,74_RPL_P282_TCB_DCP,A90_AFB00119,A90_TCB217,1204,A90,RPL P282_1204
PROD CPU,TCB,RPL P282,CHENGDU6;SAIGON;,A90_AFB00120,110,RPL P282,POST_LOT_TEST_PLAN,74_RPL_P282_TCB_DCP,A90_AFB00120,A90_TCB217,1204,A90,RPL P282_1204
PROD CPU,TCB,RPL P282,CHENGDU6;SAIGON;,A90_AFB00121,110,RPL P282,POST_LOT_TEST_PLAN,74_RPL_P282_TCB_DCP,A90_AFB00121,A90_TCB217,1204,A90,RPL P282_1204
PROD CPU,TCB,RPL PX682,CHENGDU6,A48_ACB70009,18,RPL PX682,POST_LOT_TEST_PLAN,74_RPL_PX682_FAST_TCB_DCP,A48_ACB70009,A48_TCB703,1204,A48,RPL PX682_1204
PROD CPU,TCB,RPL PX682,CHENGDU6,A48_ACB70010,18,RPL PX682,POST_LOT_TEST_PLAN,74_RPL_PX682_FAST_TCB_DCP,A48_ACB70010,A48_TCB703,1204,A48,RPL PX682_1204
PROD CPU,TCB,RPL PX682,CHENGDU6,A48_ACB70011,18,RPL PX682,POST_LOT_TEST_PLAN,74_RPL_PX682_FAST_TCB_DCP,A48_ACB70011,A48_TCB703,1204,A48,RPL PX682_1204
PROD CPU,TCB,RPL PX682,CHENGDU6,A48_ACB70012,18,RPL PX682,POST_LOT_TEST_PLAN,74_RPL_PX682_FAST_TCB_DCP,A48_ACB70012,A48_TCB703,1204,A48,RPL PX682_1204
PROD CPU,TCB,RPL PX682,CHENGDU6,A48_AFB70001,18,RPL PX682,POST_LOT_TEST_PLAN,74_RPL_PX682_FAST_TCB_DCP,A48_AFB70001,A48_TCB710,1204,A48,RPL PX682_1204
PROD CPU,TCB,RPL PX682,CHENGDU6,A48_AFB70002,18,RPL PX682,POST_LOT_TEST_PLAN,74_RPL_PX682_FAST_TCB_DCP,A48_AFB70002,A48_TCB710,1204,A48,RPL PX682_1204
PROD CPU,TCB,RPL PX682,CHENGDU6,A48_AFB70003,18,RPL PX682,POST_LOT_TEST_PLAN,74_RPL_PX682_FAST_TCB_DCP,A48_AFB70003,A48_TCB710,1204,A48,RPL PX682_1204
PROD CPU,TCB,RPL PX682,CHENGDU6,A48_AFB70004,18,RPL PX682,POST_LOT_TEST_PLAN,74_RPL_PX682_FAST_TCB_DCP,A48_AFB70004,A48_TCB710,1204,A48,RPL PX682_1204
PROD CPU,TCB,RPL S8161 370UM,PENANG,A01_ACB80201,154,RPL S8161 370UM,POST_LOT_TEST_PLAN,74_RPL_S8161_TCB_DCP,A01_ACB80201,A01_TCB802,1204,A01,RPL S8161 370UM_1204
PROD CPU,TCB,RPL S8161 370UM,PENANG,A01_ACB80202,154,RPL S8161 370UM,POST_LOT_TEST_PLAN,74_RPL_S8161_TCB_DCP,A01_ACB80202,A01_TCB802,1204,A01,RPL S8161 370UM_1204
PROD CPU,TCB,RPL S8161 370UM,PENANG,A01_ACB80501,153,RPL S8161 370UM,POST_LOT_TEST_PLAN,74_RPL_S8161_TCB_DCP,A01_ACB80501,A01_TCB805,1204,A01,RPL S8161 370UM_1204
PROD CPU,TCB,RPL S8161 370UM,PENANG,A01_ACB80502,153,RPL S8161 370UM,POST_LOT_TEST_PLAN,74_RPL_S8161_TCB_DCP,A01_ACB80502,A01_TCB805,1204,A01,RPL S8161 370UM_1204
PROD CPU,TCB,RPL S8161 370UM,PENANG,A01_ACB81401,154,RPL S8161 370UM,POST_LOT_TEST_PLAN,74_RPL_S8161_TCB_DCP,A01_ACB81401,A01_TCB814,1204,A01,RPL S8161 370UM_1204
PROD CPU,TCB,RPL S8161 370UM,PENANG,A01_ACB81402,154,RPL S8161 370UM,POST_LOT_TEST_PLAN,74_RPL_S8161_TCB_DCP,A01_ACB81402,A01_TCB814,1204,A01,RPL S8161 370UM_1204
PROD CPU,TCB,RPL S8161 370UM,PENANG,A01_AFB81101,153,RPL S8161 370UM,POST_LOT_TEST_PLAN,74_RPL_S8161_TCB_DCP,A01_AFB81101,A01_TCB811,1204,A01,RPL S8161 370UM_1204
PROD CPU,TCB,RPL S8161 370UM,PENANG,A01_AFB81102,153,RPL S8161 370UM,POST_LOT_TEST_PLAN,74_RPL_S8161_TCB_DCP,A01_AFB81102,A01_TCB811,1204,A01,RPL S8161 370UM_1204
PROD CPU,TCB,RPL S8161 370UM,PENANG,A01_AFB81201,153,RPL S8161 370UM,POST_LOT_TEST_PLAN,74_RPL_S8161_TCB_DCP,A01_AFB81201,A01_TCB812,1204,A01,RPL S8161 370UM_1204
PROD CPU,TCB,RPL S8161 370UM,PENANG,A01_AFB81202,153,RPL S8161 370UM,POST_LOT_TEST_PLAN,74_RPL_S8161_TCB_DCP,A01_AFB81202,A01_TCB812,1204,A01,RPL S8161 370UM_1204
PROD CPU,TCB,RPL S8161 370UM,PENANG,A01_AFB81301,153,RPL S8161 370UM,POST_LOT_TEST_PLAN,74_RPL_S8161_TCB_DCP,A01_AFB81301,A01_TCB813,1204,A01,RPL S8161 370UM_1204
PROD CPU,TCB,RPL S8161 370UM,PENANG,A01_AFB81302,153,RPL S8161 370UM,POST_LOT_TEST_PLAN,74_RPL_S8161_TCB_DCP,A01_AFB81302,A01_TCB813,1204,A01,RPL S8161 370UM_1204
PROD CPU,TCB,RPL S8161 370UM,PENANG,A01_AFB81601,153,RPL S8161 370UM,POST_LOT_TEST_PLAN,74_RPL_S8161_TCB_DCP,A01_AFB81601,A01_TCB816,1204,A01,RPL S8161 370UM_1204
PROD CPU,TCB,RPL S8161 370UM,PENANG,A01_AFB81602,153,RPL S8161 370UM,POST_LOT_TEST_PLAN,74_RPL_S8161_TCB_DCP,A01_AFB81602,A01_TCB816,1204,A01,RPL S8161 370UM_1204
PROD CPU,TCB,RPL S8161 370UM,PENANG,A01_AFB81603,153,RPL S8161 370UM,POST_LOT_TEST_PLAN,74_RPL_S8161_TCB_DCP,A01_AFB81603,A01_TCB816,1204,A01,RPL S8161 370UM_1204
PROD CPU,TCB,RPL S8161 370UM,PENANG,A01_AFB81604,153,RPL S8161 370UM,POST_LOT_TEST_PLAN,74_RPL_S8161_TCB_DCP,A01_AFB81604,A01_TCB816,1204,A01,RPL S8161 370UM_1204
PROD CPU,TCB,RPL S8161 370UM,SAIGON,A90_AFB00013,148,RPL S8161 370UM,POST_LOT_TEST_PLAN,74_RPL_S8161_TCB_DCP,A90_AFB00013,A90_TCB204,1204,A90,RPL S8161 370UM_1204
PROD CPU,TCB,RPL S8161 370UM,SAIGON,A90_AFB00014,148,RPL S8161 370UM,POST_LOT_TEST_PLAN,74_RPL_S8161_TCB_DCP,A90_AFB00014,A90_TCB204,1204,A90,RPL S8161 370UM_1204
PROD CPU,TCB,RPL S8161 370UM,SAIGON,A90_AFB00015,148,RPL S8161 370UM,POST_LOT_TEST_PLAN,74_RPL_S8161_TCB_DCP,A90_AFB00015,A90_TCB204,1204,A90,RPL S8161 370UM_1204
PROD CPU,TCB,RPL S8161 370UM,SAIGON,A90_AFB00016,148,RPL S8161 370UM,POST_LOT_TEST_PLAN,74_RPL_S8161_TCB_DCP,A90_AFB00016,A90_TCB204,1204,A90,RPL S8161 370UM_1204
PROD CPU,TCB,RPL S8161 370UM,SAIGON,A90_AFB00017,148,RPL S8161 370UM,POST_LOT_TEST_PLAN,74_RPL_S8161_TCB_DCP,A90_AFB00017,A90_TCB205,1204,A90,RPL S8161 370UM_1204
PROD CPU,TCB,RPL S8161 370UM,SAIGON,A90_AFB00018,148,RPL S8161 370UM,POST_LOT_TEST_PLAN,74_RPL_S8161_TCB_DCP,A90_AFB00018,A90_TCB205,1204,A90,RPL S8161 370UM_1204
PROD CPU,TCB,RPL S8161 370UM,SAIGON,A90_AFB00019,148,RPL S8161 370UM,POST_LOT_TEST_PLAN,74_RPL_S8161_TCB_DCP,A90_AFB00019,A90_TCB205,1204,A90,RPL S8161 370UM_1204
PROD CPU,TCB,RPL S8161 370UM,SAIGON,A90_AFB00020,148,RPL S8161 370UM,POST_LOT_TEST_PLAN,74_RPL_S8161_TCB_DCP,A90_AFB00020,A90_TCB205,1204,A90,RPL S8161 370UM_1204
PROD CPU,TCB,RPL S8161 370UM,SAIGON,A90_AFB00029,148,RPL S8161 370UM,POST_LOT_TEST_PLAN,74_RPL_S8161_TCB_DCP,A90_AFB00029,A90_TCB208,1204,A90,RPL S8161 370UM_1204
PROD CPU,TCB,RPL S8161 370UM,SAIGON,A90_AFB00030,148,RPL S8161 370UM,POST_LOT_TEST_PLAN,74_RPL_S8161_TCB_DCP,A90_AFB00030,A90_TCB208,1204,A90,RPL S8161 370UM_1204
PROD CPU,TCB,RPL S8161 370UM,SAIGON,A90_AFB00031,148,RPL S8161 370UM,POST_LOT_TEST_PLAN,74_RPL_S8161_TCB_DCP,A90_AFB00031,A90_TCB208,1204,A90,RPL S8161 370UM_1204
PROD CPU,TCB,RPL S8161 370UM,SAIGON,A90_AFB00032,148,RPL S8161 370UM,POST_LOT_TEST_PLAN,74_RPL_S8161_TCB_DCP,A90_AFB00032,A90_TCB208,1204,A90,RPL S8161 370UM_1204
PROD CPU,TCB,RPL S8161 370UM,SAIGON,A90_AFB00033,148,RPL S8161 370UM,POST_LOT_TEST_PLAN,74_RPL_S8161_TCB_DCP,A90_AFB00033,A90_TCB209,1204,A90,RPL S8161 370UM_1204
PROD CPU,TCB,RPL S8161 370UM,SAIGON,A90_AFB00034,148,RPL S8161 370UM,POST_LOT_TEST_PLAN,74_RPL_S8161_TCB_DCP,A90_AFB00034,A90_TCB209,1204,A90,RPL S8161 370UM_1204
PROD CPU,TCB,RPL S8161 370UM,SAIGON,A90_AFB00035,148,RPL S8161 370UM,POST_LOT_TEST_PLAN,74_RPL_S8161_TCB_DCP,A90_AFB00035,A90_TCB209,1204,A90,RPL S8161 370UM_1204
PROD CPU,TCB,RPL S8161 370UM,SAIGON,A90_AFB00036,148,RPL S8161 370UM,POST_LOT_TEST_PLAN,74_RPL_S8161_TCB_DCP,A90_AFB00036,A90_TCB209,1204,A90,RPL S8161 370UM_1204
PROD CPU,TCB,RPL S8161 370UM,SAIGON,A90_AFB00037,148,RPL S8161 370UM,POST_LOT_TEST_PLAN,74_RPL_S8161_TCB_DCP,A90_AFB00037,A90_TCB210,1204,A90,RPL S8161 370UM_1204
PROD CPU,TCB,RPL S8161 370UM,SAIGON,A90_AFB00038,148,RPL S8161 370UM,POST_LOT_TEST_PLAN,74_RPL_S8161_TCB_DCP,A90_AFB00038,A90_TCB210,1204,A90,RPL S8161 370UM_1204
PROD CPU,TCB,RPL S8161 370UM,SAIGON,A90_AFB00039,148,RPL S8161 370UM,POST_LOT_TEST_PLAN,74_RPL_S8161_TCB_DCP,A90_AFB00039,A90_TCB210,1204,A90,RPL S8161 370UM_1204
PROD CPU,TCB,RPL S8161 370UM,SAIGON,A90_AFB00040,148,RPL S8161 370UM,POST_LOT_TEST_PLAN,74_RPL_S8161_TCB_DCP,A90_AFB00040,A90_TCB210,1204,A90,RPL S8161 370UM_1204
PROD CPU,TCB,RPL S8161 370UM,SAIGON,A90_AFB00045,148,RPL S8161 370UM,POST_LOT_TEST_PLAN,74_RPL_S8161_TCB_DCP,A90_AFB00045,A90_TCB220,1204,A90,RPL S8161 370UM_1204
PROD CPU,TCB,RPL S8161 370UM,SAIGON,A90_AFB00046,148,RPL S8161 370UM,POST_LOT_TEST_PLAN,74_RPL_S8161_TCB_DCP,A90_AFB00046,A90_TCB220,1204,A90,RPL S8161 370UM_1204
PROD CPU,TCB,RPL S8161 370UM,SAIGON,A90_AFB00047,148,RPL S8161 370UM,POST_LOT_TEST_PLAN,74_RPL_S8161_TCB_DCP,A90_AFB00047,A90_TCB220,1204,A90,RPL S8161 370UM_1204
PROD CPU,TCB,RPL S8161 370UM,SAIGON,A90_AFB00048,148,RPL S8161 370UM,POST_LOT_TEST_PLAN,74_RPL_S8161_TCB_DCP,A90_AFB00048,A90_TCB220,1204,A90,RPL S8161 370UM_1204
PROD CPU,TCB,RPL S8161 370UM,SAIGON,A90_AFB00093,148,RPL S8161 370UM,POST_LOT_TEST_PLAN,74_RPL_S8161_TCB_DCP,A90_AFB00093,A90_TCB213,1204,A90,RPL S8161 370UM_1204
PROD CPU,TCB,RPL S8161 370UM,SAIGON,A90_AFB00094,148,RPL S8161 370UM,POST_LOT_TEST_PLAN,74_RPL_S8161_TCB_DCP,A90_AFB00094,A90_TCB213,1204,A90,RPL S8161 370UM_1204
PROD CPU,TCB,RPL S8161 370UM,SAIGON,A90_AFB00095,148,RPL S8161 370UM,POST_LOT_TEST_PLAN,74_RPL_S8161_TCB_DCP,A90_AFB00095,A90_TCB213,1204,A90,RPL S8161 370UM_1204
PROD CPU,TCB,RPL S8161 370UM,SAIGON,A90_AFB00096,148,RPL S8161 370UM,POST_LOT_TEST_PLAN,74_RPL_S8161_TCB_DCP,A90_AFB00096,A90_TCB213,1204,A90,RPL S8161 370UM_1204
PROD CPU,TCB,RPL S8161 370UM,SAIGON,A90_AFB00097,148,RPL S8161 370UM,POST_LOT_TEST_PLAN,74_RPL_S8161_TCB_DCP,A90_AFB00097,A90_TCB214,1204,A90,RPL S8161 370UM_1204
PROD CPU,TCB,RPL S8161 370UM,SAIGON,A90_AFB00098,148,RPL S8161 370UM,POST_LOT_TEST_PLAN,74_RPL_S8161_TCB_DCP,A90_AFB00098,A90_TCB214,1204,A90,RPL S8161 370UM_1204
PROD CPU,TCB,RPL S8161 370UM,SAIGON,A90_AFB00099,148,RPL S8161 370UM,POST_LOT_TEST_PLAN,74_RPL_S8161_TCB_DCP,A90_AFB00099,A90_TCB214,1204,A90,RPL S8161 370UM_1204
PROD CPU,TCB,RPL S8161 370UM,SAIGON,A90_AFB00100,148,RPL S8161 370UM,POST_LOT_TEST_PLAN,74_RPL_S8161_TCB_DCP,A90_AFB00100,A90_TCB214,1204,A90,RPL S8161 370UM_1204
PROD CPU,TCB,RPL S8161 370UM,SAIGON,A90_AFB00114,148,RPL S8161 370UM,POST_LOT_TEST_PLAN,74_RPL_S8161_TCB_DCP,A90_AFB00114,A90_TCB218,1204,A90,RPL S8161 370UM_1204
PROD CPU,TCB,RPL S8161 370UM,SAIGON,A90_AFB00115,148,RPL S8161 370UM,POST_LOT_TEST_PLAN,74_RPL_S8161_TCB_DCP,A90_AFB00115,A90_TCB218,1204,A90,RPL S8161 370UM_1204
PROD CPU,TCB,RPL S8161 370UM,SAIGON,A90_AFB00116,148,RPL S8161 370UM,POST_LOT_TEST_PLAN,74_RPL_S8161_TCB_DCP,A90_AFB00116,A90_TCB218,1204,A90,RPL S8161 370UM_1204
PROD CPU,TCB,RPL S8161 370UM,SAIGON,A90_AFB00117,148,RPL S8161 370UM,POST_LOT_TEST_PLAN,74_RPL_S8161_TCB_DCP,A90_AFB00117,A90_TCB218,1204,A90,RPL S8161 370UM_1204
PROD CPU,TCB,RSL XCC,KULIM5,A15_TCK51201,1,RSL XCC,POST_LOT_TEST_PLAN,76_RSL_XCC_TSX_DCP,A15_TCK51201,A15_TSX512,1204,A15,RSL XCC_1204
PROD CPU,TCB,Raptor Lake HX8161 470UM,PENANG,A01_ACB80201,77,Raptor Lake HX8161 470UM,POST_LOT_TEST_PLAN,74_RPL_SBGA_8161_TCB_DCP,A01_ACB80201,A01_TCB802,1204,A01,Raptor Lake HX8161 470UM_1204
PROD CPU,TCB,Raptor Lake HX8161 470UM,PENANG,A01_ACB80202,77,Raptor Lake HX8161 470UM,POST_LOT_TEST_PLAN,74_RPL_SBGA_8161_TCB_DCP,A01_ACB80202,A01_TCB802,1204,A01,Raptor Lake HX8161 470UM_1204
PROD CPU,TCB,Raptor Lake HX8161 470UM,PENANG,A01_ACB80501,77,Raptor Lake HX8161 470UM,POST_LOT_TEST_PLAN,74_RPL_SBGA_8161_TCB_DCP,A01_ACB80501,A01_TCB805,1204,A01,Raptor Lake HX8161 470UM_1204
PROD CPU,TCB,Raptor Lake HX8161 470UM,PENANG,A01_ACB80502,77,Raptor Lake HX8161 470UM,POST_LOT_TEST_PLAN,74_RPL_SBGA_8161_TCB_DCP,A01_ACB80502,A01_TCB805,1204,A01,Raptor Lake HX8161 470UM_1204
PROD CPU,TCB,Raptor Lake HX8161 470UM,PENANG,A01_ACB81401,77,Raptor Lake HX8161 470UM,POST_LOT_TEST_PLAN,74_RPL_SBGA_8161_TCB_DCP,A01_ACB81401,A01_TCB814,1204,A01,Raptor Lake HX8161 470UM_1204
PROD CPU,TCB,Raptor Lake HX8161 470UM,PENANG,A01_ACB81402,77,Raptor Lake HX8161 470UM,POST_LOT_TEST_PLAN,74_RPL_SBGA_8161_TCB_DCP,A01_ACB81402,A01_TCB814,1204,A01,Raptor Lake HX8161 470UM_1204
PROD CPU,TCB,Raptor Lake HX8161 470UM,PENANG,A01_AFB81101,77,Raptor Lake HX8161 470UM,POST_LOT_TEST_PLAN,74_RPL_SBGA_8161_TCB_DCP,A01_AFB81101,A01_TCB811,1204,A01,Raptor Lake HX8161 470UM_1204
PROD CPU,TCB,Raptor Lake HX8161 470UM,PENANG,A01_AFB81102,77,Raptor Lake HX8161 470UM,POST_LOT_TEST_PLAN,74_RPL_SBGA_8161_TCB_DCP,A01_AFB81102,A01_TCB811,1204,A01,Raptor Lake HX8161 470UM_1204
PROD CPU,TCB,Raptor Lake HX8161 470UM,PENANG,A01_AFB81201,77,Raptor Lake HX8161 470UM,POST_LOT_TEST_PLAN,74_RPL_SBGA_8161_TCB_DCP,A01_AFB81201,A01_TCB812,1204,A01,Raptor Lake HX8161 470UM_1204
PROD CPU,TCB,Raptor Lake HX8161 470UM,PENANG,A01_AFB81202,77,Raptor Lake HX8161 470UM,POST_LOT_TEST_PLAN,74_RPL_SBGA_8161_TCB_DCP,A01_AFB81202,A01_TCB812,1204,A01,Raptor Lake HX8161 470UM_1204
PROD CPU,TCB,Raptor Lake HX8161 470UM,PENANG,A01_AFB81301,77,Raptor Lake HX8161 470UM,POST_LOT_TEST_PLAN,74_RPL_SBGA_8161_TCB_DCP,A01_AFB81301,A01_TCB813,1204,A01,Raptor Lake HX8161 470UM_1204
PROD CPU,TCB,Raptor Lake HX8161 470UM,PENANG,A01_AFB81302,77,Raptor Lake HX8161 470UM,POST_LOT_TEST_PLAN,74_RPL_SBGA_8161_TCB_DCP,A01_AFB81302,A01_TCB813,1204,A01,Raptor Lake HX8161 470UM_1204
PROD CPU,TCB,Raptor Lake HX8161 470UM,PENANG,A01_AFB81601,77,Raptor Lake HX8161 470UM,POST_LOT_TEST_PLAN,74_RPL_SBGA_8161_TCB_DCP,A01_AFB81601,A01_TCB816,1204,A01,Raptor Lake HX8161 470UM_1204
PROD CPU,TCB,Raptor Lake HX8161 470UM,PENANG,A01_AFB81602,77,Raptor Lake HX8161 470UM,POST_LOT_TEST_PLAN,74_RPL_SBGA_8161_TCB_DCP,A01_AFB81602,A01_TCB816,1204,A01,Raptor Lake HX8161 470UM_1204
PROD CPU,TCB,Raptor Lake HX8161 470UM,PENANG,A01_AFB81603,77,Raptor Lake HX8161 470UM,POST_LOT_TEST_PLAN,74_RPL_SBGA_8161_TCB_DCP,A01_AFB81603,A01_TCB816,1204,A01,Raptor Lake HX8161 470UM_1204
PROD CPU,TCB,Raptor Lake HX8161 470UM,PENANG,A01_AFB81604,77,Raptor Lake HX8161 470UM,POST_LOT_TEST_PLAN,74_RPL_SBGA_8161_TCB_DCP,A01_AFB81604,A01_TCB816,1204,A01,Raptor Lake HX8161 470UM_1204
PROD CPU,TCB,Raptor Lake HX8161 470UM,PENANG,A01_AFB81701,77,Raptor Lake HX8161 470UM,POST_LOT_TEST_PLAN,74_RPL_SBGA_8161_TCB_DCP,A01_AFB81701,A01_TCB817,1204,A01,Raptor Lake HX8161 470UM_1204
PROD CPU,TCB,Raptor Lake HX8161 470UM,PENANG,A01_AFB81702,77,Raptor Lake HX8161 470UM,POST_LOT_TEST_PLAN,74_RPL_SBGA_8161_TCB_DCP,A01_AFB81702,A01_TCB817,1204,A01,Raptor Lake HX8161 470UM_1204
PROD CPU,TCB,Raptor Lake HX8161 470UM,PENANG,A01_AFB81703,77,Raptor Lake HX8161 470UM,POST_LOT_TEST_PLAN,74_RPL_SBGA_8161_TCB_DCP,A01_AFB81703,A01_TCB817,1204,A01,Raptor Lake HX8161 470UM_1204
PROD CPU,TCB,Raptor Lake HX8161 470UM,PENANG,A01_AFB81704,77,Raptor Lake HX8161 470UM,POST_LOT_TEST_PLAN,74_RPL_SBGA_8161_TCB_DCP,A01_AFB81704,A01_TCB817,1204,A01,Raptor Lake HX8161 470UM_1204
PROD CPU,TCB,Raptor Lake HX8161 470UM,PENANG,A01_AFB82001,77,Raptor Lake HX8161 470UM,POST_LOT_TEST_PLAN,74_RPL_SBGA_8161_TCB_DCP,A01_AFB82001,A01_TCB820,1204,A01,Raptor Lake HX8161 470UM_1204
PROD CPU,TCB,Raptor Lake HX8161 470UM,PENANG,A01_AFB82002,77,Raptor Lake HX8161 470UM,POST_LOT_TEST_PLAN,74_RPL_SBGA_8161_TCB_DCP,A01_AFB82002,A01_TCB820,1204,A01,Raptor Lake HX8161 470UM_1204
PROD CPU,TCB,Raptor Lake HX8161 470UM,PENANG,A01_AFB82003,77,Raptor Lake HX8161 470UM,POST_LOT_TEST_PLAN,74_RPL_SBGA_8161_TCB_DCP,A01_AFB82003,A01_TCB820,1204,A01,Raptor Lake HX8161 470UM_1204
PROD CPU,TCB,Raptor Lake HX8161 470UM,PENANG,A01_AFB82004,77,Raptor Lake HX8161 470UM,POST_LOT_TEST_PLAN,74_RPL_SBGA_8161_TCB_DCP,A01_AFB82004,A01_TCB820,1204,A01,Raptor Lake HX8161 470UM_1204
PROD CPU,TCB,Raptor Lake HX8161 470UM,PENANG,A01_AFB82101,77,Raptor Lake HX8161 470UM,POST_LOT_TEST_PLAN,74_RPL_SBGA_8161_TCB_DCP,A01_AFB82101,A01_TCB821,1204,A01,Raptor Lake HX8161 470UM_1204
PROD CPU,TCB,Raptor Lake HX8161 470UM,PENANG,A01_AFB82102,77,Raptor Lake HX8161 470UM,POST_LOT_TEST_PLAN,74_RPL_SBGA_8161_TCB_DCP,A01_AFB82102,A01_TCB821,1204,A01,Raptor Lake HX8161 470UM_1204
PROD CPU,TCB,Raptor Lake HX8161 470UM,PENANG,A01_AFB82103,77,Raptor Lake HX8161 470UM,POST_LOT_TEST_PLAN,74_RPL_SBGA_8161_TCB_DCP,A01_AFB82103,A01_TCB821,1204,A01,Raptor Lake HX8161 470UM_1204
PROD CPU,TCB,Raptor Lake HX8161 470UM,PENANG,A01_AFB82104,77,Raptor Lake HX8161 470UM,POST_LOT_TEST_PLAN,74_RPL_SBGA_8161_TCB_DCP,A01_AFB82104,A01_TCB821,1204,A01,Raptor Lake HX8161 470UM_1204
PROD CPU,TCB,Raptor Lake P682,PENANG,A01_AFB81301,80,Raptor Lake P682,POST_LOT_TEST_PLAN,74_RPL_P682_FAST_TCB_DCP,A01_AFB81301,A01_TCB813,1204,A01,Raptor Lake P682_1204
PROD CPU,TCB,Raptor Lake P682,PENANG,A01_AFB81302,80,Raptor Lake P682,POST_LOT_TEST_PLAN,74_RPL_P682_FAST_TCB_DCP,A01_AFB81302,A01_TCB813,1204,A01,Raptor Lake P682_1204
PROD CPU,TCB,Raptor Lake P682,CHENGDU6,A48_ACB70005,151,Raptor Lake P682,POST_LOT_TEST_PLAN,74_RPL_P682_FAST_TCB_DCP,A48_ACB70005,A48_TCB702,1204,A48,Raptor Lake P682_1204
PROD CPU,TCB,Raptor Lake P682,CHENGDU6,A48_ACB70006,151,Raptor Lake P682,POST_LOT_TEST_PLAN,74_RPL_P682_FAST_TCB_DCP,A48_ACB70006,A48_TCB702,1204,A48,Raptor Lake P682_1204
PROD CPU,TCB,Raptor Lake P682,CHENGDU6,A48_ACB70007,151,Raptor Lake P682,POST_LOT_TEST_PLAN,74_RPL_P682_FAST_TCB_DCP,A48_ACB70007,A48_TCB702,1204,A48,Raptor Lake P682_1204
PROD CPU,TCB,Raptor Lake P682,CHENGDU6,A48_ACB70008,151,Raptor Lake P682,POST_LOT_TEST_PLAN,74_RPL_P682_FAST_TCB_DCP,A48_ACB70008,A48_TCB702,1204,A48,Raptor Lake P682_1204
PROD CPU,TCB,Raptor Lake P682,CHENGDU6,A48_ACB70017,151,Raptor Lake P682,POST_LOT_TEST_PLAN,74_RPL_P682_FAST_TCB_DCP,A48_ACB70017,A48_TCB705,1204,A48,Raptor Lake P682_1204
PROD CPU,TCB,Raptor Lake P682,CHENGDU6,A48_ACB70018,151,Raptor Lake P682,POST_LOT_TEST_PLAN,74_RPL_P682_FAST_TCB_DCP,A48_ACB70018,A48_TCB705,1204,A48,Raptor Lake P682_1204
PROD CPU,TCB,Raptor Lake P682,CHENGDU6,A48_ACB70019,151,Raptor Lake P682,POST_LOT_TEST_PLAN,74_RPL_P682_FAST_TCB_DCP,A48_ACB70019,A48_TCB705,1204,A48,Raptor Lake P682_1204
PROD CPU,TCB,Raptor Lake P682,CHENGDU6,A48_ACB70020,151,Raptor Lake P682,POST_LOT_TEST_PLAN,74_RPL_P682_FAST_TCB_DCP,A48_ACB70020,A48_TCB705,1204,A48,Raptor Lake P682_1204
PROD CPU,TCB,Raptor Lake P682,CHENGDU6,A48_AFB70001,151,Raptor Lake P682,POST_LOT_TEST_PLAN,74_RPL_P682_FAST_TCB_DCP,A48_AFB70001,A48_TCB710,1204,A48,Raptor Lake P682_1204
PROD CPU,TCB,Raptor Lake P682,CHENGDU6,A48_AFB70002,151,Raptor Lake P682,POST_LOT_TEST_PLAN,74_RPL_P682_FAST_TCB_DCP,A48_AFB70002,A48_TCB710,1204,A48,Raptor Lake P682_1204
PROD CPU,TCB,Raptor Lake P682,CHENGDU6,A48_AFB70003,151,Raptor Lake P682,POST_LOT_TEST_PLAN,74_RPL_P682_FAST_TCB_DCP,A48_AFB70003,A48_TCB710,1204,A48,Raptor Lake P682_1204
PROD CPU,TCB,Raptor Lake P682,CHENGDU6,A48_AFB70004,151,Raptor Lake P682,POST_LOT_TEST_PLAN,74_RPL_P682_FAST_TCB_DCP,A48_AFB70004,A48_TCB710,1204,A48,Raptor Lake P682_1204
PROD CPU,TCB,Raptor Lake P682,SAIGON,A90_AFB00009,152,Raptor Lake P682,POST_LOT_TEST_PLAN,74_RPL_P682_FAST_TCB_DCP,A90_AFB00009,A90_TCB203,1204,A90,Raptor Lake P682_1204
PROD CPU,TCB,Raptor Lake P682,SAIGON,A90_AFB00010,152,Raptor Lake P682,POST_LOT_TEST_PLAN,74_RPL_P682_FAST_TCB_DCP,A90_AFB00010,A90_TCB203,1204,A90,Raptor Lake P682_1204
PROD CPU,TCB,Raptor Lake P682,SAIGON,A90_AFB00011,152,Raptor Lake P682,POST_LOT_TEST_PLAN,74_RPL_P682_FAST_TCB_DCP,A90_AFB00011,A90_TCB203,1204,A90,Raptor Lake P682_1204
PROD CPU,TCB,Raptor Lake P682,SAIGON,A90_AFB00012,152,Raptor Lake P682,POST_LOT_TEST_PLAN,74_RPL_P682_FAST_TCB_DCP,A90_AFB00012,A90_TCB203,1204,A90,Raptor Lake P682_1204
PROD CPU,TCB,Raptor Lake P682,SAIGON,A90_AFB00013,152,Raptor Lake P682,POST_LOT_TEST_PLAN,74_RPL_P682_FAST_TCB_DCP,A90_AFB00013,A90_TCB204,1204,A90,Raptor Lake P682_1204
PROD CPU,TCB,Raptor Lake P682,SAIGON,A90_AFB00014,152,Raptor Lake P682,POST_LOT_TEST_PLAN,74_RPL_P682_FAST_TCB_DCP,A90_AFB00014,A90_TCB204,1204,A90,Raptor Lake P682_1204
PROD CPU,TCB,Raptor Lake P682,SAIGON,A90_AFB00015,152,Raptor Lake P682,POST_LOT_TEST_PLAN,74_RPL_P682_FAST_TCB_DCP,A90_AFB00015,A90_TCB204,1204,A90,Raptor Lake P682_1204
PROD CPU,TCB,Raptor Lake P682,SAIGON,A90_AFB00016,152,Raptor Lake P682,POST_LOT_TEST_PLAN,74_RPL_P682_FAST_TCB_DCP,A90_AFB00016,A90_TCB204,1204,A90,Raptor Lake P682_1204
PROD CPU,TCB,Raptor Lake P682,SAIGON,A90_AFB00017,152,Raptor Lake P682,POST_LOT_TEST_PLAN,74_RPL_P682_FAST_TCB_DCP,A90_AFB00017,A90_TCB205,1204,A90,Raptor Lake P682_1204
PROD CPU,TCB,Raptor Lake P682,SAIGON,A90_AFB00018,152,Raptor Lake P682,POST_LOT_TEST_PLAN,74_RPL_P682_FAST_TCB_DCP,A90_AFB00018,A90_TCB205,1204,A90,Raptor Lake P682_1204
PROD CPU,TCB,Raptor Lake P682,SAIGON,A90_AFB00019,152,Raptor Lake P682,POST_LOT_TEST_PLAN,74_RPL_P682_FAST_TCB_DCP,A90_AFB00019,A90_TCB205,1204,A90,Raptor Lake P682_1204
PROD CPU,TCB,Raptor Lake P682,SAIGON,A90_AFB00020,152,Raptor Lake P682,POST_LOT_TEST_PLAN,74_RPL_P682_FAST_TCB_DCP,A90_AFB00020,A90_TCB205,1204,A90,Raptor Lake P682_1204
PROD CPU,TCB,Raptor Lake P682,SAIGON,A90_AFB00029,152,Raptor Lake P682,POST_LOT_TEST_PLAN,74_RPL_P682_FAST_TCB_DCP,A90_AFB00029,A90_TCB208,1204,A90,Raptor Lake P682_1204
PROD CPU,TCB,Raptor Lake P682,SAIGON,A90_AFB00030,152,Raptor Lake P682,POST_LOT_TEST_PLAN,74_RPL_P682_FAST_TCB_DCP,A90_AFB00030,A90_TCB208,1204,A90,Raptor Lake P682_1204
PROD CPU,TCB,Raptor Lake P682,SAIGON,A90_AFB00031,152,Raptor Lake P682,POST_LOT_TEST_PLAN,74_RPL_P682_FAST_TCB_DCP,A90_AFB00031,A90_TCB208,1204,A90,Raptor Lake P682_1204
PROD CPU,TCB,Raptor Lake P682,SAIGON,A90_AFB00032,152,Raptor Lake P682,POST_LOT_TEST_PLAN,74_RPL_P682_FAST_TCB_DCP,A90_AFB00032,A90_TCB208,1204,A90,Raptor Lake P682_1204
PROD CPU,TCB,Raptor Lake P682,SAIGON,A90_AFB00033,152,Raptor Lake P682,POST_LOT_TEST_PLAN,74_RPL_P682_FAST_TCB_DCP,A90_AFB00033,A90_TCB209,1204,A90,Raptor Lake P682_1204
PROD CPU,TCB,Raptor Lake P682,SAIGON,A90_AFB00034,152,Raptor Lake P682,POST_LOT_TEST_PLAN,74_RPL_P682_FAST_TCB_DCP,A90_AFB00034,A90_TCB209,1204,A90,Raptor Lake P682_1204
PROD CPU,TCB,Raptor Lake P682,SAIGON,A90_AFB00035,152,Raptor Lake P682,POST_LOT_TEST_PLAN,74_RPL_P682_FAST_TCB_DCP,A90_AFB00035,A90_TCB209,1204,A90,Raptor Lake P682_1204
PROD CPU,TCB,Raptor Lake P682,SAIGON,A90_AFB00036,152,Raptor Lake P682,POST_LOT_TEST_PLAN,74_RPL_P682_FAST_TCB_DCP,A90_AFB00036,A90_TCB209,1204,A90,Raptor Lake P682_1204
PROD CPU,TCB,Raptor Lake P682,SAIGON,A90_AFB00037,152,Raptor Lake P682,POST_LOT_TEST_PLAN,74_RPL_P682_FAST_TCB_DCP,A90_AFB00037,A90_TCB210,1204,A90,Raptor Lake P682_1204
PROD CPU,TCB,Raptor Lake P682,SAIGON,A90_AFB00038,152,Raptor Lake P682,POST_LOT_TEST_PLAN,74_RPL_P682_FAST_TCB_DCP,A90_AFB00038,A90_TCB210,1204,A90,Raptor Lake P682_1204
PROD CPU,TCB,Raptor Lake P682,SAIGON,A90_AFB00039,152,Raptor Lake P682,POST_LOT_TEST_PLAN,74_RPL_P682_FAST_TCB_DCP,A90_AFB00039,A90_TCB210,1204,A90,Raptor Lake P682_1204
PROD CPU,TCB,Raptor Lake P682,SAIGON,A90_AFB00040,152,Raptor Lake P682,POST_LOT_TEST_PLAN,74_RPL_P682_FAST_TCB_DCP,A90_AFB00040,A90_TCB210,1204,A90,Raptor Lake P682_1204
PROD CPU,TCB,Raptor Lake P682,SAIGON,A90_AFB00045,152,Raptor Lake P682,POST_LOT_TEST_PLAN,74_RPL_P682_FAST_TCB_DCP,A90_AFB00045,A90_TCB220,1204,A90,Raptor Lake P682_1204
PROD CPU,TCB,Raptor Lake P682,SAIGON,A90_AFB00046,152,Raptor Lake P682,POST_LOT_TEST_PLAN,74_RPL_P682_FAST_TCB_DCP,A90_AFB00046,A90_TCB220,1204,A90,Raptor Lake P682_1204
PROD CPU,TCB,Raptor Lake P682,SAIGON,A90_AFB00047,152,Raptor Lake P682,POST_LOT_TEST_PLAN,74_RPL_P682_FAST_TCB_DCP,A90_AFB00047,A90_TCB220,1204,A90,Raptor Lake P682_1204
PROD CPU,TCB,Raptor Lake P682,SAIGON,A90_AFB00048,152,Raptor Lake P682,POST_LOT_TEST_PLAN,74_RPL_P682_FAST_TCB_DCP,A90_AFB00048,A90_TCB220,1204,A90,Raptor Lake P682_1204
PROD CPU,TCB,Raptor Lake P682,SAIGON,A90_AFB00069,152,Raptor Lake P682,POST_LOT_TEST_PLAN,74_RPL_P682_FAST_TCB_DCP,A90_AFB00069,A90_TCB219,1204,A90,Raptor Lake P682_1204
PROD CPU,TCB,Raptor Lake P682,SAIGON,A90_AFB00070,152,Raptor Lake P682,POST_LOT_TEST_PLAN,74_RPL_P682_FAST_TCB_DCP,A90_AFB00070,A90_TCB219,1204,A90,Raptor Lake P682_1204
PROD CPU,TCB,Raptor Lake P682,SAIGON,A90_AFB00071,152,Raptor Lake P682,POST_LOT_TEST_PLAN,74_RPL_P682_FAST_TCB_DCP,A90_AFB00071,A90_TCB219,1204,A90,Raptor Lake P682_1204
PROD CPU,TCB,Raptor Lake P682,SAIGON,A90_AFB00072,152,Raptor Lake P682,POST_LOT_TEST_PLAN,74_RPL_P682_FAST_TCB_DCP,A90_AFB00072,A90_TCB219,1204,A90,Raptor Lake P682_1204
PROD CPU,TCB,Raptor Lake P682,SAIGON,A90_AFB00081,152,Raptor Lake P682,POST_LOT_TEST_PLAN,74_RPL_P682_FAST_TCB_DCP,A90_AFB00081,A90_TCB215,1204,A90,Raptor Lake P682_1204
PROD CPU,TCB,Raptor Lake P682,SAIGON,A90_AFB00082,152,Raptor Lake P682,POST_LOT_TEST_PLAN,74_RPL_P682_FAST_TCB_DCP,A90_AFB00082,A90_TCB215,1204,A90,Raptor Lake P682_1204
PROD CPU,TCB,Raptor Lake P682,SAIGON,A90_AFB00093,152,Raptor Lake P682,POST_LOT_TEST_PLAN,74_RPL_P682_FAST_TCB_DCP,A90_AFB00093,A90_TCB213,1204,A90,Raptor Lake P682_1204
PROD CPU,TCB,Raptor Lake P682,SAIGON,A90_AFB00094,152,Raptor Lake P682,POST_LOT_TEST_PLAN,74_RPL_P682_FAST_TCB_DCP,A90_AFB00094,A90_TCB213,1204,A90,Raptor Lake P682_1204
PROD CPU,TCB,Raptor Lake P682,SAIGON,A90_AFB00095,152,Raptor Lake P682,POST_LOT_TEST_PLAN,74_RPL_P682_FAST_TCB_DCP,A90_AFB00095,A90_TCB213,1204,A90,Raptor Lake P682_1204
PROD CPU,TCB,Raptor Lake P682,SAIGON,A90_AFB00096,152,Raptor Lake P682,POST_LOT_TEST_PLAN,74_RPL_P682_FAST_TCB_DCP,A90_AFB00096,A90_TCB213,1204,A90,Raptor Lake P682_1204
PROD CPU,TCB,Raptor Lake P682,SAIGON,A90_AFB00097,152,Raptor Lake P682,POST_LOT_TEST_PLAN,74_RPL_P682_FAST_TCB_DCP,A90_AFB00097,A90_TCB214,1204,A90,Raptor Lake P682_1204
PROD CPU,TCB,Raptor Lake P682,SAIGON,A90_AFB00098,152,Raptor Lake P682,POST_LOT_TEST_PLAN,74_RPL_P682_FAST_TCB_DCP,A90_AFB00098,A90_TCB214,1204,A90,Raptor Lake P682_1204
PROD CPU,TCB,Raptor Lake P682,SAIGON,A90_AFB00099,152,Raptor Lake P682,POST_LOT_TEST_PLAN,74_RPL_P682_FAST_TCB_DCP,A90_AFB00099,A90_TCB214,1204,A90,Raptor Lake P682_1204
PROD CPU,TCB,Raptor Lake P682,SAIGON,A90_AFB00100,152,Raptor Lake P682,POST_LOT_TEST_PLAN,74_RPL_P682_FAST_TCB_DCP,A90_AFB00100,A90_TCB214,1204,A90,Raptor Lake P682_1204
PROD CPU,TCB,Raptor Lake P682,SAIGON,A90_AFB00114,152,Raptor Lake P682,POST_LOT_TEST_PLAN,74_RPL_P682_FAST_TCB_DCP,A90_AFB00114,A90_TCB218,1204,A90,Raptor Lake P682_1204
PROD CPU,TCB,Raptor Lake P682,SAIGON,A90_AFB00115,152,Raptor Lake P682,POST_LOT_TEST_PLAN,74_RPL_P682_FAST_TCB_DCP,A90_AFB00115,A90_TCB218,1204,A90,Raptor Lake P682_1204
PROD CPU,TCB,Raptor Lake P682,SAIGON,A90_AFB00116,152,Raptor Lake P682,POST_LOT_TEST_PLAN,74_RPL_P682_FAST_TCB_DCP,A90_AFB00116,A90_TCB218,1204,A90,Raptor Lake P682_1204
PROD CPU,TCB,Raptor Lake P682,SAIGON,A90_AFB00117,152,Raptor Lake P682,POST_LOT_TEST_PLAN,74_RPL_P682_FAST_TCB_DCP,A90_AFB00117,A90_TCB218,1204,A90,Raptor Lake P682_1204
PROD CPU,TCB,Raptor Lake P682,SAIGON,A90_AFB00118,152,Raptor Lake P682,POST_LOT_TEST_PLAN,74_RPL_P682_FAST_TCB_DCP,A90_AFB00118,A90_TCB217,1204,A90,Raptor Lake P682_1204
PROD CPU,TCB,Raptor Lake P682,SAIGON,A90_AFB00119,152,Raptor Lake P682,POST_LOT_TEST_PLAN,74_RPL_P682_FAST_TCB_DCP,A90_AFB00119,A90_TCB217,1204,A90,Raptor Lake P682_1204
PROD CPU,TCB,Raptor Lake P682,SAIGON,A90_AFB00120,152,Raptor Lake P682,POST_LOT_TEST_PLAN,74_RPL_P682_FAST_TCB_DCP,A90_AFB00120,A90_TCB217,1204,A90,Raptor Lake P682_1204
PROD CPU,TCB,Raptor Lake P682,SAIGON,A90_AFB00121,152,Raptor Lake P682,POST_LOT_TEST_PLAN,74_RPL_P682_FAST_TCB_DCP,A90_AFB00121,A90_TCB217,1204,A90,Raptor Lake P682_1204
PROD CPU,TCB,Raptor Lake P682,SAIGON,A90_AFB00122,152,Raptor Lake P682,POST_LOT_TEST_PLAN,74_RPL_P682_FAST_TCB_DCP,A90_AFB00122,A90_TCB216,1204,A90,Raptor Lake P682_1204
PROD CPU,TCB,Raptor Lake P682,SAIGON,A90_AFB00123,152,Raptor Lake P682,POST_LOT_TEST_PLAN,74_RPL_P682_FAST_TCB_DCP,A90_AFB00123,A90_TCB216,1204,A90,Raptor Lake P682_1204
PROD CPU,TCB,Raptor Lake P682,SAIGON,A90_AFB00124,152,Raptor Lake P682,POST_LOT_TEST_PLAN,74_RPL_P682_FAST_TCB_DCP,A90_AFB00124,A90_TCB216,1204,A90,Raptor Lake P682_1204
PROD CPU,TCB,Raptor Lake P682,SAIGON,A90_AFB00125,152,Raptor Lake P682,POST_LOT_TEST_PLAN,74_RPL_P682_FAST_TCB_DCP,A90_AFB00125,A90_TCB216,1204,A90,Raptor Lake P682_1204
PROD CPU,TCB,Raptor Lake P682 Auto,KULIM5,A15_ACB00021,14,Raptor Lake P682 Auto,POST_LOT_TEST_PLAN,74_RPL_P682A_CLNT_TCB_DCP,A15_ACB00021,A15_TCB006,1204,A15,Raptor Lake P682 Auto_1204
PROD CPU,TCB,Raptor Lake P682 Auto,KULIM5,A15_ACB00022,14,Raptor Lake P682 Auto,POST_LOT_TEST_PLAN,74_RPL_P682A_CLNT_TCB_DCP,A15_ACB00022,A15_TCB006,1204,A15,Raptor Lake P682 Auto_1204
PROD CPU,TCB,Raptor Lake PS682,CHENGDU6;SAIGON;CHENGDU;,A48_AFB70001,22,Raptor Lake PS682,POST_LOT_TEST_PLAN,74_RPL_PS682_FAST_TCB_DCP,A48_AFB70001,A48_TCB710,1204,A48,Raptor Lake PS682_1204
PROD CPU,TCB,Raptor Lake PS682,CHENGDU6;SAIGON;CHENGDU;,A48_AFB70002,22,Raptor Lake PS682,POST_LOT_TEST_PLAN,74_RPL_PS682_FAST_TCB_DCP,A48_AFB70002,A48_TCB710,1204,A48,Raptor Lake PS682_1204
PROD CPU,TCB,Raptor Lake PS682,CHENGDU6;SAIGON;CHENGDU;,A48_AFB70003,22,Raptor Lake PS682,POST_LOT_TEST_PLAN,74_RPL_PS682_FAST_TCB_DCP,A48_AFB70003,A48_TCB710,1204,A48,Raptor Lake PS682_1204
PROD CPU,TCB,Raptor Lake PS682,CHENGDU6;SAIGON;CHENGDU;,A48_AFB70004,22,Raptor Lake PS682,POST_LOT_TEST_PLAN,74_RPL_PS682_FAST_TCB_DCP,A48_AFB70004,A48_TCB710,1204,A48,Raptor Lake PS682_1204
PROD CPU,TCB,Raptor Lake PS682,SAIGON,A90_AFB00001,24,Raptor Lake PS682,POST_LOT_TEST_PLAN,74_RPL_PS682_FAST_TCB_DCP,A90_AFB00001,A90_TCB201,1204,A90,Raptor Lake PS682_1204
PROD CPU,TCB,Raptor Lake PS682,SAIGON,A90_AFB00002,24,Raptor Lake PS682,POST_LOT_TEST_PLAN,74_RPL_PS682_FAST_TCB_DCP,A90_AFB00002,A90_TCB201,1204,A90,Raptor Lake PS682_1204
PROD CPU,TCB,Raptor Lake PS682,SAIGON,A90_AFB00003,24,Raptor Lake PS682,POST_LOT_TEST_PLAN,74_RPL_PS682_FAST_TCB_DCP,A90_AFB00003,A90_TCB201,1204,A90,Raptor Lake PS682_1204
PROD CPU,TCB,Raptor Lake PS682,SAIGON,A90_AFB00004,24,Raptor Lake PS682,POST_LOT_TEST_PLAN,74_RPL_PS682_FAST_TCB_DCP,A90_AFB00004,A90_TCB201,1204,A90,Raptor Lake PS682_1204
PROD CPU,TCB,Raptor Lake PS682,SAIGON,A90_AFB00009,24,Raptor Lake PS682,POST_LOT_TEST_PLAN,74_RPL_PS682_FAST_TCB_DCP,A90_AFB00009,A90_TCB203,1204,A90,Raptor Lake PS682_1204
PROD CPU,TCB,Raptor Lake PS682,SAIGON,A90_AFB00010,24,Raptor Lake PS682,POST_LOT_TEST_PLAN,74_RPL_PS682_FAST_TCB_DCP,A90_AFB00010,A90_TCB203,1204,A90,Raptor Lake PS682_1204
PROD CPU,TCB,Raptor Lake PS682,SAIGON,A90_AFB00011,24,Raptor Lake PS682,POST_LOT_TEST_PLAN,74_RPL_PS682_FAST_TCB_DCP,A90_AFB00011,A90_TCB203,1204,A90,Raptor Lake PS682_1204
PROD CPU,TCB,Raptor Lake PS682,SAIGON,A90_AFB00012,24,Raptor Lake PS682,POST_LOT_TEST_PLAN,74_RPL_PS682_FAST_TCB_DCP,A90_AFB00012,A90_TCB203,1204,A90,Raptor Lake PS682_1204
PROD CPU,TCB,Raptor Lake PS682,SAIGON,A90_AFB00017,24,Raptor Lake PS682,POST_LOT_TEST_PLAN,74_RPL_PS682_FAST_TCB_DCP,A90_AFB00017,A90_TCB205,1204,A90,Raptor Lake PS682_1204
PROD CPU,TCB,Raptor Lake PS682,SAIGON,A90_AFB00018,24,Raptor Lake PS682,POST_LOT_TEST_PLAN,74_RPL_PS682_FAST_TCB_DCP,A90_AFB00018,A90_TCB205,1204,A90,Raptor Lake PS682_1204
PROD CPU,TCB,Raptor Lake PS682,SAIGON,A90_AFB00019,24,Raptor Lake PS682,POST_LOT_TEST_PLAN,74_RPL_PS682_FAST_TCB_DCP,A90_AFB00019,A90_TCB205,1204,A90,Raptor Lake PS682_1204
PROD CPU,TCB,Raptor Lake PS682,SAIGON,A90_AFB00020,24,Raptor Lake PS682,POST_LOT_TEST_PLAN,74_RPL_PS682_FAST_TCB_DCP,A90_AFB00020,A90_TCB205,1204,A90,Raptor Lake PS682_1204
PROD CPU,TCB,Raptor Lake PS682,SAIGON,A90_AFB00081,24,Raptor Lake PS682,POST_LOT_TEST_PLAN,74_RPL_PS682_FAST_TCB_DCP,A90_AFB00081,A90_TCB215,1204,A90,Raptor Lake PS682_1204
PROD CPU,TCB,Raptor Lake PS682,SAIGON,A90_AFB00082,24,Raptor Lake PS682,POST_LOT_TEST_PLAN,74_RPL_PS682_FAST_TCB_DCP,A90_AFB00082,A90_TCB215,1204,A90,Raptor Lake PS682_1204
PROD CPU,TCB,Raptor Lake PS682,SAIGON,A90_AFB00122,24,Raptor Lake PS682,POST_LOT_TEST_PLAN,74_RPL_PS682_FAST_TCB_DCP,A90_AFB00122,A90_TCB216,1204,A90,Raptor Lake PS682_1204
PROD CPU,TCB,Raptor Lake PS682,SAIGON,A90_AFB00123,24,Raptor Lake PS682,POST_LOT_TEST_PLAN,74_RPL_PS682_FAST_TCB_DCP,A90_AFB00123,A90_TCB216,1204,A90,Raptor Lake PS682_1204
PROD CPU,TCB,Raptor Lake PS682,SAIGON,A90_AFB00124,24,Raptor Lake PS682,POST_LOT_TEST_PLAN,74_RPL_PS682_FAST_TCB_DCP,A90_AFB00124,A90_TCB216,1204,A90,Raptor Lake PS682_1204
PROD CPU,TCB,Raptor Lake PS682,SAIGON,A90_AFB00125,24,Raptor Lake PS682,POST_LOT_TEST_PLAN,74_RPL_PS682_FAST_TCB_DCP,A90_AFB00125,A90_TCB216,1204,A90,Raptor Lake PS682_1204
PROD CPU,TCB,Redondo Lake,SAIGON,A90_AFB00017,8,Redondo Lake,POST_LOT_TEST_PLAN,74_RDL_FAST_TCB_DCP,A90_AFB00017,A90_TCB205,1204,A90,Redondo Lake_1204
PROD CPU,TCB,Redondo Lake,SAIGON,A90_AFB00018,8,Redondo Lake,POST_LOT_TEST_PLAN,74_RDL_FAST_TCB_DCP,A90_AFB00018,A90_TCB205,1204,A90,Redondo Lake_1204
PROD CPU,TCB,Redondo Lake,SAIGON,A90_AFB00019,8,Redondo Lake,POST_LOT_TEST_PLAN,74_RDL_FAST_TCB_DCP,A90_AFB00019,A90_TCB205,1204,A90,Redondo Lake_1204
PROD CPU,TCB,Redondo Lake,SAIGON,A90_AFB00020,8,Redondo Lake,POST_LOT_TEST_PLAN,74_RDL_FAST_TCB_DCP,A90_AFB00020,A90_TCB205,1204,A90,Redondo Lake_1204
PROD CPU,TCB,Rocket Lake,SAIGON,A90_AFB00013,95,Rocket Lake,POST_LOT_TEST_PLAN,72_RKL_S81_TCB_DCP,A90_AFB00013,A90_TCB204,1204,A90,Rocket Lake_1204
PROD CPU,TCB,Rocket Lake,SAIGON,A90_AFB00014,95,Rocket Lake,POST_LOT_TEST_PLAN,72_RKL_S81_TCB_DCP,A90_AFB00014,A90_TCB204,1204,A90,Rocket Lake_1204
PROD CPU,TCB,Rocket Lake,SAIGON,A90_AFB00015,95,Rocket Lake,POST_LOT_TEST_PLAN,72_RKL_S81_TCB_DCP,A90_AFB00015,A90_TCB204,1204,A90,Rocket Lake_1204
PROD CPU,TCB,Rocket Lake,SAIGON,A90_AFB00016,95,Rocket Lake,POST_LOT_TEST_PLAN,72_RKL_S81_TCB_DCP,A90_AFB00016,A90_TCB204,1204,A90,Rocket Lake_1204
PROD CPU,TCB,Rocket Lake,SAIGON,A90_AFB00017,95,Rocket Lake,POST_LOT_TEST_PLAN,72_RKL_S81_TCB_DCP,A90_AFB00017,A90_TCB205,1204,A90,Rocket Lake_1204
PROD CPU,TCB,Rocket Lake,SAIGON,A90_AFB00018,95,Rocket Lake,POST_LOT_TEST_PLAN,72_RKL_S81_TCB_DCP,A90_AFB00018,A90_TCB205,1204,A90,Rocket Lake_1204
PROD CPU,TCB,Rocket Lake,SAIGON,A90_AFB00019,95,Rocket Lake,POST_LOT_TEST_PLAN,72_RKL_S81_TCB_DCP,A90_AFB00019,A90_TCB205,1204,A90,Rocket Lake_1204
PROD CPU,TCB,Rocket Lake,SAIGON,A90_AFB00020,95,Rocket Lake,POST_LOT_TEST_PLAN,72_RKL_S81_TCB_DCP,A90_AFB00020,A90_TCB205,1204,A90,Rocket Lake_1204
PROD CPU,TCB,Rocket Lake,SAIGON,A90_AFB00025,95,Rocket Lake,POST_LOT_TEST_PLAN,72_RKL_S81_TCB_DCP,A90_AFB00025,A90_TCB207,1204,A90,Rocket Lake_1204
PROD CPU,TCB,Rocket Lake,SAIGON,A90_AFB00026,95,Rocket Lake,POST_LOT_TEST_PLAN,72_RKL_S81_TCB_DCP,A90_AFB00026,A90_TCB207,1204,A90,Rocket Lake_1204
PROD CPU,TCB,Rocket Lake,SAIGON,A90_AFB00027,95,Rocket Lake,POST_LOT_TEST_PLAN,72_RKL_S81_TCB_DCP,A90_AFB00027,A90_TCB207,1204,A90,Rocket Lake_1204
PROD CPU,TCB,Rocket Lake,SAIGON,A90_AFB00028,95,Rocket Lake,POST_LOT_TEST_PLAN,72_RKL_S81_TCB_DCP,A90_AFB00028,A90_TCB207,1204,A90,Rocket Lake_1204
PROD CPU,TCB,Rocket Lake,SAIGON,A90_AFB00033,95,Rocket Lake,POST_LOT_TEST_PLAN,72_RKL_S81_TCB_DCP,A90_AFB00033,A90_TCB209,1204,A90,Rocket Lake_1204
PROD CPU,TCB,Rocket Lake,SAIGON,A90_AFB00034,95,Rocket Lake,POST_LOT_TEST_PLAN,72_RKL_S81_TCB_DCP,A90_AFB00034,A90_TCB209,1204,A90,Rocket Lake_1204
PROD CPU,TCB,Rocket Lake,SAIGON,A90_AFB00035,95,Rocket Lake,POST_LOT_TEST_PLAN,72_RKL_S81_TCB_DCP,A90_AFB00035,A90_TCB209,1204,A90,Rocket Lake_1204
PROD CPU,TCB,Rocket Lake,SAIGON,A90_AFB00036,95,Rocket Lake,POST_LOT_TEST_PLAN,72_RKL_S81_TCB_DCP,A90_AFB00036,A90_TCB209,1204,A90,Rocket Lake_1204
PROD CPU,TCB,Rocket Lake,SAIGON,A90_AFB00081,95,Rocket Lake,POST_LOT_TEST_PLAN,72_RKL_S81_TCB_DCP,A90_AFB00081,A90_TCB215,1204,A90,Rocket Lake_1204
PROD CPU,TCB,Rocket Lake,SAIGON,A90_AFB00082,95,Rocket Lake,POST_LOT_TEST_PLAN,72_RKL_S81_TCB_DCP,A90_AFB00082,A90_TCB215,1204,A90,Rocket Lake_1204
PROD CPU,TCB,Rocket Lake,SAIGON,A90_AFB00093,95,Rocket Lake,POST_LOT_TEST_PLAN,72_RKL_S81_TCB_DCP,A90_AFB00093,A90_TCB213,1204,A90,Rocket Lake_1204
PROD CPU,TCB,Rocket Lake,SAIGON,A90_AFB00094,95,Rocket Lake,POST_LOT_TEST_PLAN,72_RKL_S81_TCB_DCP,A90_AFB00094,A90_TCB213,1204,A90,Rocket Lake_1204
PROD CPU,TCB,Rocket Lake,SAIGON,A90_AFB00095,95,Rocket Lake,POST_LOT_TEST_PLAN,72_RKL_S81_TCB_DCP,A90_AFB00095,A90_TCB213,1204,A90,Rocket Lake_1204
PROD CPU,TCB,Rocket Lake,SAIGON,A90_AFB00096,95,Rocket Lake,POST_LOT_TEST_PLAN,72_RKL_S81_TCB_DCP,A90_AFB00096,A90_TCB213,1204,A90,Rocket Lake_1204
PROD CPU,TCB,Roseland HCC,CHENGDU6,A48_TCK80001,3,Roseland HCC,POST_LOT_TEST_PLAN,76_RSL_HCC_TSX_DCP,A48_TCK80001,A48_TSX801,1204,A48,Roseland HCC_1204
PROD CPU,TCB,Roseland LCC,CHENGDU6,A48_TCK80001,6,Roseland LCC,POST_LOT_TEST_PLAN,76_RSL_LCC_TSX_DCP,A48_TCK80001,A48_TSX801,1204,A48,Roseland LCC_1204
PROD CPU,TCB,Roseland MCP XCC,CHENGDU6,A48_AFB70017,18,Roseland MCP XCC,POST_LOT_TEST_PLAN,76_RSL_XCC_TSX_DCP,A48_AFB70017,A48_TCB713,1204,A48,Roseland MCP XCC_1204
PROD CPU,TCB,Roseland MCP XCC,CHENGDU6,A48_AFB70017,18,Roseland MCP XCC,POST_LOT_TEST_PLAN,76_RSL_XCC_TCB_DCP,A48_AFB70017,A48_TCB713,1204,A48,Roseland MCP XCC_1204
PROD CPU,TCB,Roseland MCP XCC,CHENGDU6,A48_AFB70018,18,Roseland MCP XCC,POST_LOT_TEST_PLAN,76_RSL_XCC_TCB_DCP,A48_AFB70018,A48_TCB713,1204,A48,Roseland MCP XCC_1204
PROD CPU,TCB,Roseland MCP XCC,CHENGDU6,A48_AFB70018,18,Roseland MCP XCC,POST_LOT_TEST_PLAN,76_RSL_XCC_TSX_DCP,A48_AFB70018,A48_TCB713,1204,A48,Roseland MCP XCC_1204
PROD CPU,TCB,Roseland MCP XCC,CHENGDU6,A48_AFB70019,18,Roseland MCP XCC,POST_LOT_TEST_PLAN,76_RSL_XCC_TCB_DCP,A48_AFB70019,A48_TCB713,1204,A48,Roseland MCP XCC_1204
PROD CPU,TCB,Roseland MCP XCC,CHENGDU6,A48_AFB70019,18,Roseland MCP XCC,POST_LOT_TEST_PLAN,76_RSL_XCC_TSX_DCP,A48_AFB70019,A48_TCB713,1204,A48,Roseland MCP XCC_1204
PROD CPU,TCB,Roseland MCP XCC,CHENGDU6,A48_AFB70020,18,Roseland MCP XCC,POST_LOT_TEST_PLAN,76_RSL_XCC_TSX_DCP,A48_AFB70020,A48_TCB713,1204,A48,Roseland MCP XCC_1204
PROD CPU,TCB,Roseland MCP XCC,CHENGDU6,A48_AFB70020,18,Roseland MCP XCC,POST_LOT_TEST_PLAN,76_RSL_XCC_TCB_DCP,A48_AFB70020,A48_TCB713,1204,A48,Roseland MCP XCC_1204
PROD CPU,TCB,Roseland MCP XCC,CHENGDU6,A48_TCK80001,21,Roseland MCP XCC,POST_LOT_TEST_PLAN,76_RSL_XCC_TSX_DCP,A48_TCK80001,A48_TSX801,1204,A48,Roseland MCP XCC_1204
PROD CPU,TCB,S16B,KULIM5,A15_ACB00019,9,S16B,POST_LOT_TEST_PLAN,NODCP,A15_ACB00019,A15_TCB005,1204,A15,S16B_1204
PROD CPU,TCB,S16B,KULIM5,A15_ACB00020,9,S16B,POST_LOT_TEST_PLAN,NODCP,A15_ACB00020,A15_TCB005,1204,A15,S16B_1204
PROD CPU,TCB,S16B,KULIM5,A15_ACB00021,9,S16B,POST_LOT_TEST_PLAN,NODCP,A15_ACB00021,A15_TCB006,1204,A15,S16B_1204
PROD CPU,TCB,S16B,KULIM5,A15_ACB00022,9,S16B,POST_LOT_TEST_PLAN,NODCP,A15_ACB00022,A15_TCB006,1204,A15,S16B_1204
PROD CPU,TCB,S16D,KULIM5,A15_ACB00019,7,S16D,POST_LOT_TEST_PLAN,NODCP,A15_ACB00019,A15_TCB005,1204,A15,S16D_1204
PROD CPU,TCB,S16D,KULIM5,A15_ACB00020,7,S16D,POST_LOT_TEST_PLAN,NODCP,A15_ACB00020,A15_TCB005,1204,A15,S16D_1204
PROD CPU,TCB,S16D,KULIM5,A15_ACB00021,7,S16D,POST_LOT_TEST_PLAN,NODCP,A15_ACB00021,A15_TCB006,1204,A15,S16D_1204
PROD CPU,TCB,S16D,KULIM5,A15_ACB00022,7,S16D,POST_LOT_TEST_PLAN,NODCP,A15_ACB00022,A15_TCB006,1204,A15,S16D_1204
PROD CPU,TCB,SAPPHIRE RAPIDS MCC,SAIGON,A90_AFB00081,89,SAPPHIRE RAPIDS MCC,POST_LOT_TEST_PLAN,74_SPR_MCC_TSX_DCP,A90_AFB00081,A90_TCB215,1204,A90,SAPPHIRE RAPIDS MCC_1204
PROD CPU,TCB,SAPPHIRE RAPIDS MCC,SAIGON,A90_AFB00081,89,SAPPHIRE RAPIDS MCC,POST_LOT_TEST_PLAN,74_SPR_MCC_TCB_DCP,A90_AFB00081,A90_TCB215,1204,A90,SAPPHIRE RAPIDS MCC_1204
PROD CPU,TCB,SAPPHIRE RAPIDS MCC,SAIGON,A90_AFB00082,89,SAPPHIRE RAPIDS MCC,POST_LOT_TEST_PLAN,74_SPR_MCC_TCB_DCP,A90_AFB00082,A90_TCB215,1204,A90,SAPPHIRE RAPIDS MCC_1204
PROD CPU,TCB,SAPPHIRE RAPIDS MCC,SAIGON,A90_AFB00082,89,SAPPHIRE RAPIDS MCC,POST_LOT_TEST_PLAN,74_SPR_MCC_TSX_DCP,A90_AFB00082,A90_TCB215,1204,A90,SAPPHIRE RAPIDS MCC_1204
PROD CPU,TCB,SAPPHIRE RAPIDS MCC,SAIGON,A90_AFB00122,89,SAPPHIRE RAPIDS MCC,POST_LOT_TEST_PLAN,74_SPR_MCC_TCB_DCP,A90_AFB00122,A90_TCB216,1204,A90,SAPPHIRE RAPIDS MCC_1204
PROD CPU,TCB,SAPPHIRE RAPIDS MCC,SAIGON,A90_AFB00122,89,SAPPHIRE RAPIDS MCC,POST_LOT_TEST_PLAN,74_SPR_MCC_TSX_DCP,A90_AFB00122,A90_TCB216,1204,A90,SAPPHIRE RAPIDS MCC_1204
PROD CPU,TCB,SAPPHIRE RAPIDS MCC,SAIGON,A90_AFB00123,89,SAPPHIRE RAPIDS MCC,POST_LOT_TEST_PLAN,74_SPR_MCC_TCB_DCP,A90_AFB00123,A90_TCB216,1204,A90,SAPPHIRE RAPIDS MCC_1204
PROD CPU,TCB,SAPPHIRE RAPIDS MCC,SAIGON,A90_AFB00123,89,SAPPHIRE RAPIDS MCC,POST_LOT_TEST_PLAN,74_SPR_MCC_TSX_DCP,A90_AFB00123,A90_TCB216,1204,A90,SAPPHIRE RAPIDS MCC_1204
PROD CPU,TCB,SAPPHIRE RAPIDS MCC,SAIGON,A90_AFB00124,89,SAPPHIRE RAPIDS MCC,POST_LOT_TEST_PLAN,74_SPR_MCC_TCB_DCP,A90_AFB00124,A90_TCB216,1204,A90,SAPPHIRE RAPIDS MCC_1204
PROD CPU,TCB,SAPPHIRE RAPIDS MCC,SAIGON,A90_AFB00124,89,SAPPHIRE RAPIDS MCC,POST_LOT_TEST_PLAN,74_SPR_MCC_TSX_DCP,A90_AFB00124,A90_TCB216,1204,A90,SAPPHIRE RAPIDS MCC_1204
PROD CPU,TCB,SAPPHIRE RAPIDS MCC,SAIGON,A90_AFB00125,89,SAPPHIRE RAPIDS MCC,POST_LOT_TEST_PLAN,74_SPR_MCC_TCB_DCP,A90_AFB00125,A90_TCB216,1204,A90,SAPPHIRE RAPIDS MCC_1204
PROD CPU,TCB,SAPPHIRE RAPIDS MCC,SAIGON,A90_AFB00125,89,SAPPHIRE RAPIDS MCC,POST_LOT_TEST_PLAN,74_SPR_MCC_TSX_DCP,A90_AFB00125,A90_TCB216,1204,A90,SAPPHIRE RAPIDS MCC_1204
PROD CPU,TCB,SAPPHIRE RAPIDS MCC,SAIGON,A90_TCK00001,90,SAPPHIRE RAPIDS MCC,POST_LOT_TEST_PLAN,74_SPR_MCC_TSX_DCP,A90_TCK00001,A90_TSX201,1204,A90,SAPPHIRE RAPIDS MCC_1204
PROD CPU,TCB,SAPPHIRE RAPIDS MCC,SAIGON,A90_TCK00001,90,SAPPHIRE RAPIDS MCC,POST_LOT_TEST_PLAN,74_SPR_MCC_TCB_DCP,A90_TCK00001,A90_TSX201,1204,A90,SAPPHIRE RAPIDS MCC_1204
PROD CPU,TCB,SAPPHIRE RAPIDS MCC,SAIGON,A90_TCK00002,90,SAPPHIRE RAPIDS MCC,POST_LOT_TEST_PLAN,74_SPR_MCC_TSX_DCP,A90_TCK00002,A90_TSX202,1204,A90,SAPPHIRE RAPIDS MCC_1204
PROD CPU,TCB,SAPPHIRE RAPIDS MCC,SAIGON,A90_TCK00002,90,SAPPHIRE RAPIDS MCC,POST_LOT_TEST_PLAN,74_SPR_MCC_TCB_DCP,A90_TCK00002,A90_TSX202,1204,A90,SAPPHIRE RAPIDS MCC_1204
PROD CPU,TCB,SAPPHIRE RAPIDS MCC,SAIGON,A90_TCK00003,90,SAPPHIRE RAPIDS MCC,POST_LOT_TEST_PLAN,74_SPR_MCC_TSX_DCP,A90_TCK00003,A90_TSX203,1204,A90,SAPPHIRE RAPIDS MCC_1204
PROD CPU,TCB,SAPPHIRE RAPIDS MCC,SAIGON,A90_TCK00003,90,SAPPHIRE RAPIDS MCC,POST_LOT_TEST_PLAN,74_SPR_MCC_TCB_DCP,A90_TCK00003,A90_TSX203,1204,A90,SAPPHIRE RAPIDS MCC_1204
PROD CPU,TCB,SAPPHIRE RAPIDS MCC,SAIGON,A90_TCK00004,90,SAPPHIRE RAPIDS MCC,POST_LOT_TEST_PLAN,74_SPR_MCC_TCB_DCP,A90_TCK00004,A90_TSX204,1204,A90,SAPPHIRE RAPIDS MCC_1204
PROD CPU,TCB,SAPPHIRE RAPIDS MCC,SAIGON,A90_TCK00004,90,SAPPHIRE RAPIDS MCC,POST_LOT_TEST_PLAN,74_SPR_MCC_TSX_DCP,A90_TCK00004,A90_TSX204,1204,A90,SAPPHIRE RAPIDS MCC_1204
PROD CPU,TCB,SAPPHIRE RAPIDS MCC,SAIGON,A90_TCK00005,90,SAPPHIRE RAPIDS MCC,POST_LOT_TEST_PLAN,74_SPR_MCC_TCB_DCP,A90_TCK00005,A90_TSX205,1204,A90,SAPPHIRE RAPIDS MCC_1204
PROD CPU,TCB,SAPPHIRE RAPIDS MCC,SAIGON,A90_TCK00005,90,SAPPHIRE RAPIDS MCC,POST_LOT_TEST_PLAN,74_SPR_MCC_TSX_DCP,A90_TCK00005,A90_TSX205,1204,A90,SAPPHIRE RAPIDS MCC_1204
PROD CPU,TCB,SAPPHIRE RAPIDS MCC,SAIGON,A90_TCK00006,90,SAPPHIRE RAPIDS MCC,POST_LOT_TEST_PLAN,74_SPR_MCC_TSX_DCP,A90_TCK00006,A90_TSX206,1204,A90,SAPPHIRE RAPIDS MCC_1204
PROD CPU,TCB,SAPPHIRE RAPIDS MCC,SAIGON,A90_TCK00006,90,SAPPHIRE RAPIDS MCC,POST_LOT_TEST_PLAN,74_SPR_MCC_TCB_DCP,A90_TCK00006,A90_TSX206,1204,A90,SAPPHIRE RAPIDS MCC_1204
PROD CPU,TCB,SAPPHIRE RAPIDS MCC,SAIGON,A90_TCK00007,90,SAPPHIRE RAPIDS MCC,POST_LOT_TEST_PLAN,74_SPR_MCC_TSX_DCP,A90_TCK00007,A90_TSX207,1204,A90,SAPPHIRE RAPIDS MCC_1204
PROD CPU,TCB,SAPPHIRE RAPIDS MCC,SAIGON,A90_TCK00007,90,SAPPHIRE RAPIDS MCC,POST_LOT_TEST_PLAN,74_SPR_MCC_TCB_DCP,A90_TCK00007,A90_TSX207,1204,A90,SAPPHIRE RAPIDS MCC_1204
PROD CPU,TCB,SAPPHIRE RAPIDS MCC,SAIGON,A90_TCK00008,90,SAPPHIRE RAPIDS MCC,POST_LOT_TEST_PLAN,74_SPR_MCC_TCB_DCP,A90_TCK00008,A90_TSX208,1204,A90,SAPPHIRE RAPIDS MCC_1204
PROD CPU,TCB,SAPPHIRE RAPIDS MCC,SAIGON,A90_TCK00008,90,SAPPHIRE RAPIDS MCC,POST_LOT_TEST_PLAN,74_SPR_MCC_TSX_DCP,A90_TCK00008,A90_TSX208,1204,A90,SAPPHIRE RAPIDS MCC_1204
PROD CPU,TCB,SAPPHIRE RAPIDS XCC 112L,PENANG,A01_TCK10101,51,SAPPHIRE RAPIDS XCC 112L,POST_LOT_TEST_PLAN,74_SPR_XCC_TSX_DCP,A01_TCK10101,A01_TSX101,1204,A01,SAPPHIRE RAPIDS XCC 112L_1204
PROD CPU,TCB,SAPPHIRE RAPIDS XCC 112L,PENANG,A01_TCK10101,51,SAPPHIRE RAPIDS XCC 112L,POST_LOT_TEST_PLAN,74_SPR_XCC_TCB_DCP,A01_TCK10101,A01_TSX101,1204,A01,SAPPHIRE RAPIDS XCC 112L_1204
PROD CPU,TCB,SAPPHIRE RAPIDS XCC C0,"PENANG;KULIM5;CHANDLER, ARIZONA;COSTA RICA;",A01_TCK10101,176,SAPPHIRE RAPIDS XCC C0,POST_LOT_TEST_PLAN,74_SPR_XCC_TSX_DCP,A01_TCK10101,A01_TSX101,1204,A01,SAPPHIRE RAPIDS XCC C0_1204
PROD CPU,TCB,SAPPHIRE RAPIDS XCC C0,"PENANG;KULIM5;CHANDLER, ARIZONA;COSTA RICA;",A01_TCK10101,176,SAPPHIRE RAPIDS XCC C0,POST_LOT_TEST_PLAN,74_SPR_XCC_TCB_DCP,A01_TCK10101,A01_TSX101,1204,A01,SAPPHIRE RAPIDS XCC C0_1204
PROD CPU,TCB,SAPPHIRE RAPIDS XCC C0,"PENANG;KULIM5;CHANDLER, ARIZONA;COSTA RICA;",A01_TCK10201,176,SAPPHIRE RAPIDS XCC C0,POST_LOT_TEST_PLAN,74_SPR_XCC_TSX_DCP,A01_TCK10201,A01_TSX102,1204,A01,SAPPHIRE RAPIDS XCC C0_1204
PROD CPU,TCB,SAPPHIRE RAPIDS XCC C0,"PENANG;KULIM5;CHANDLER, ARIZONA;COSTA RICA;",A01_TCK10201,176,SAPPHIRE RAPIDS XCC C0,POST_LOT_TEST_PLAN,74_SPR_XCC_TCB_DCP,A01_TCK10201,A01_TSX102,1204,A01,SAPPHIRE RAPIDS XCC C0_1204
PROD CPU,TCB,SAPPHIRE RAPIDS XCC C0,"PENANG;KULIM5;CHANDLER, ARIZONA;COSTA RICA;",A01_TCK10301,176,SAPPHIRE RAPIDS XCC C0,POST_LOT_TEST_PLAN,74_SPR_XCC_TSX_DCP,A01_TCK10301,A01_TSX103,1204,A01,SAPPHIRE RAPIDS XCC C0_1204
PROD CPU,TCB,SAPPHIRE RAPIDS XCC C0,"PENANG;KULIM5;CHANDLER, ARIZONA;COSTA RICA;",A01_TCK10301,176,SAPPHIRE RAPIDS XCC C0,POST_LOT_TEST_PLAN,74_SPR_XCC_TCB_DCP,A01_TCK10301,A01_TSX103,1204,A01,SAPPHIRE RAPIDS XCC C0_1204
PROD CPU,TCB,SAPPHIRE RAPIDS XCC E0,KULIM5,A15_TCK50101,74,SAPPHIRE RAPIDS XCC E0,POST_LOT_TEST_PLAN,74_SPR_XCC_TCB_DCP,A15_TCK50101,A15_TSX501,1204,A15,SAPPHIRE RAPIDS XCC E0_1204
PROD CPU,TCB,SAPPHIRE RAPIDS XCC E0,KULIM5,A15_TCK50101,74,SAPPHIRE RAPIDS XCC E0,POST_LOT_TEST_PLAN,74_SPR_XCC_TSX_DCP,A15_TCK50101,A15_TSX501,1204,A15,SAPPHIRE RAPIDS XCC E0_1204
PROD CPU,TCB,SAPPHIRE RAPIDS XCC E0,KULIM5,A15_TCK50501,74,SAPPHIRE RAPIDS XCC E0,POST_LOT_TEST_PLAN,74_SPR_XCC_TCB_DCP,A15_TCK50501,A15_TSX505,1204,A15,SAPPHIRE RAPIDS XCC E0_1204
PROD CPU,TCB,SAPPHIRE RAPIDS XCC E0,KULIM5,A15_TCK50501,74,SAPPHIRE RAPIDS XCC E0,POST_LOT_TEST_PLAN,74_SPR_XCC_TSX_DCP,A15_TCK50501,A15_TSX505,1204,A15,SAPPHIRE RAPIDS XCC E0_1204
PROD CPU,TCB,SAPPHIRE RAPIDS XCC E0,KULIM5,A15_TCK50601,74,SAPPHIRE RAPIDS XCC E0,POST_LOT_TEST_PLAN,74_SPR_XCC_TCB_DCP,A15_TCK50601,A15_TSX506,1204,A15,SAPPHIRE RAPIDS XCC E0_1204
PROD CPU,TCB,SAPPHIRE RAPIDS XCC E0,KULIM5,A15_TCK50601,74,SAPPHIRE RAPIDS XCC E0,POST_LOT_TEST_PLAN,74_SPR_XCC_TSX_DCP,A15_TCK50601,A15_TSX506,1204,A15,SAPPHIRE RAPIDS XCC E0_1204
PROD CPU,TCB,SEQUOIA ACRES,PENANG,A01_ACB80201,58,SEQUOIA ACRES,POST_LOT_TEST_PLAN,74_EMIB_SQA_FAST_TCB_DCP,A01_ACB80201,A01_TCB802,1204,A01,SEQUOIA ACRES_1204
PROD CPU,TCB,SEQUOIA ACRES,PENANG,A01_ACB80202,58,SEQUOIA ACRES,POST_LOT_TEST_PLAN,74_EMIB_SQA_FAST_TCB_DCP,A01_ACB80202,A01_TCB802,1204,A01,SEQUOIA ACRES_1204
PROD CPU,TCB,SEQUOIA ACRES,PENANG,A01_ACB80401,58,SEQUOIA ACRES,POST_LOT_TEST_PLAN,74_EMIB_SQA_FAST_TCB_DCP,A01_ACB80401,A01_TCB804,1204,A01,SEQUOIA ACRES_1204
PROD CPU,TCB,SEQUOIA ACRES,PENANG,A01_ACB80402,58,SEQUOIA ACRES,POST_LOT_TEST_PLAN,74_EMIB_SQA_FAST_TCB_DCP,A01_ACB80402,A01_TCB804,1204,A01,SEQUOIA ACRES_1204
PROD CPU,TCB,SEQUOIA ACRES,PENANG,A01_ACB80701,58,SEQUOIA ACRES,POST_LOT_TEST_PLAN,74_EMIB_SQA_FAST_TCB_DCP,A01_ACB80701,A01_TCB807,1204,A01,SEQUOIA ACRES_1204
PROD CPU,TCB,SEQUOIA ACRES,PENANG,A01_ACB80901,58,SEQUOIA ACRES,POST_LOT_TEST_PLAN,74_EMIB_SQA_FAST_TCB_DCP,A01_ACB80901,A01_TCB809,1204,A01,SEQUOIA ACRES_1204
PROD CPU,TCB,SEQUOIA ACRES,PENANG,A01_ACB80902,58,SEQUOIA ACRES,POST_LOT_TEST_PLAN,74_EMIB_SQA_FAST_TCB_DCP,A01_ACB80902,A01_TCB809,1204,A01,SEQUOIA ACRES_1204
PROD CPU,TCB,SEQUOIA ACRES SRO1,PENANG,A01_ACB80201,29,SEQUOIA ACRES SRO1,POST_LOT_TEST_PLAN,74_EMIB_SQA_FAST_TCB_DCP,A01_ACB80201,A01_TCB802,1204,A01,SEQUOIA ACRES SRO1_1204
PROD CPU,TCB,SEQUOIA ACRES SRO1,PENANG,A01_ACB80202,29,SEQUOIA ACRES SRO1,POST_LOT_TEST_PLAN,74_EMIB_SQA_FAST_TCB_DCP,A01_ACB80202,A01_TCB802,1204,A01,SEQUOIA ACRES SRO1_1204
PROD CPU,TCB,SEQUOIA ACRES SRO1,PENANG,A01_ACB80701,29,SEQUOIA ACRES SRO1,POST_LOT_TEST_PLAN,74_EMIB_SQA_FAST_TCB_DCP,A01_ACB80701,A01_TCB807,1204,A01,SEQUOIA ACRES SRO1_1204
PROD CPU,TCB,SEQUOIA ACRES TPS,PENANG,A01_ACB80201,25,SEQUOIA ACRES TPS,POST_LOT_TEST_PLAN,74_EMIB_SQA_TPS_TCB_DCP,A01_ACB80201,A01_TCB802,1204,A01,SEQUOIA ACRES TPS_1204
PROD CPU,TCB,SEQUOIA ACRES TPS,PENANG,A01_ACB80202,25,SEQUOIA ACRES TPS,POST_LOT_TEST_PLAN,74_EMIB_SQA_TPS_TCB_DCP,A01_ACB80202,A01_TCB802,1204,A01,SEQUOIA ACRES TPS_1204
PROD CPU,TCB,SEQUOIA ACRES TPS,PENANG,A01_ACB80401,25,SEQUOIA ACRES TPS,POST_LOT_TEST_PLAN,74_EMIB_SQA_TPS_TCB_DCP,A01_ACB80401,A01_TCB804,1204,A01,SEQUOIA ACRES TPS_1204
PROD CPU,TCB,SEQUOIA ACRES TPS,PENANG,A01_ACB80402,25,SEQUOIA ACRES TPS,POST_LOT_TEST_PLAN,74_EMIB_SQA_TPS_TCB_DCP,A01_ACB80402,A01_TCB804,1204,A01,SEQUOIA ACRES TPS_1204
PROD CPU,TCB,SEQUOIA ACRES TPS,PENANG,A01_ACB80701,25,SEQUOIA ACRES TPS,POST_LOT_TEST_PLAN,74_EMIB_SQA_TPS_TCB_DCP,A01_ACB80701,A01_TCB807,1204,A01,SEQUOIA ACRES TPS_1204
PROD CPU,TCB,SEQUOIA ACRES TPS,PENANG,A01_ACB80901,25,SEQUOIA ACRES TPS,POST_LOT_TEST_PLAN,74_EMIB_SQA_TPS_TCB_DCP,A01_ACB80901,A01_TCB809,1204,A01,SEQUOIA ACRES TPS_1204
PROD CPU,TCB,SEQUOIA ACRES TPS,PENANG,A01_ACB80902,25,SEQUOIA ACRES TPS,POST_LOT_TEST_PLAN,74_EMIB_SQA_TPS_TCB_DCP,A01_ACB80902,A01_TCB809,1204,A01,SEQUOIA ACRES TPS_1204
PROD CPU,TCB,SKL ULT NEWU2 370UM,CHENGDU6,A48_ACB70005,173,SKL ULT NEWU2 370UM,POST_LOT_TEST_PLAN,72_SKL_ULT2+2_MIXED_TCB_DCP,A48_ACB70005,A48_TCB702,1204,A48,SKL ULT NEWU2 370UM_1204
PROD CPU,TCB,SKL ULT NEWU2 370UM,CHENGDU6,A48_ACB70006,173,SKL ULT NEWU2 370UM,POST_LOT_TEST_PLAN,72_SKL_ULT2+2_MIXED_TCB_DCP,A48_ACB70006,A48_TCB702,1204,A48,SKL ULT NEWU2 370UM_1204
PROD CPU,TCB,SKL ULT NEWU2 370UM,CHENGDU6,A48_ACB70007,173,SKL ULT NEWU2 370UM,POST_LOT_TEST_PLAN,72_SKL_ULT2+2_MIXED_TCB_DCP,A48_ACB70007,A48_TCB702,1204,A48,SKL ULT NEWU2 370UM_1204
PROD CPU,TCB,SKL ULT NEWU2 370UM,CHENGDU6,A48_ACB70008,173,SKL ULT NEWU2 370UM,POST_LOT_TEST_PLAN,72_SKL_ULT2+2_MIXED_TCB_DCP,A48_ACB70008,A48_TCB702,1204,A48,SKL ULT NEWU2 370UM_1204
PROD CPU,TCB,SKL ULT NEWU2 370UM,CHENGDU6,A48_ACB70009,173,SKL ULT NEWU2 370UM,POST_LOT_TEST_PLAN,72_SKL_ULT2+2_MIXED_TCB_DCP,A48_ACB70009,A48_TCB703,1204,A48,SKL ULT NEWU2 370UM_1204
PROD CPU,TCB,SKL ULT NEWU2 370UM,CHENGDU6,A48_ACB70010,173,SKL ULT NEWU2 370UM,POST_LOT_TEST_PLAN,72_SKL_ULT2+2_MIXED_TCB_DCP,A48_ACB70010,A48_TCB703,1204,A48,SKL ULT NEWU2 370UM_1204
PROD CPU,TCB,SKL ULT NEWU2 370UM,CHENGDU6,A48_ACB70011,173,SKL ULT NEWU2 370UM,POST_LOT_TEST_PLAN,72_SKL_ULT2+2_MIXED_TCB_DCP,A48_ACB70011,A48_TCB703,1204,A48,SKL ULT NEWU2 370UM_1204
PROD CPU,TCB,SKL ULT NEWU2 370UM,CHENGDU6,A48_ACB70012,173,SKL ULT NEWU2 370UM,POST_LOT_TEST_PLAN,72_SKL_ULT2+2_MIXED_TCB_DCP,A48_ACB70012,A48_TCB703,1204,A48,SKL ULT NEWU2 370UM_1204
PROD CPU,TCB,SKL ULT NEWU2 370UM,CHENGDU6,A48_ACB70017,173,SKL ULT NEWU2 370UM,POST_LOT_TEST_PLAN,72_SKL_ULT2+2_MIXED_TCB_DCP,A48_ACB70017,A48_TCB705,1204,A48,SKL ULT NEWU2 370UM_1204
PROD CPU,TCB,SKL ULT NEWU2 370UM,CHENGDU6,A48_ACB70018,173,SKL ULT NEWU2 370UM,POST_LOT_TEST_PLAN,72_SKL_ULT2+2_MIXED_TCB_DCP,A48_ACB70018,A48_TCB705,1204,A48,SKL ULT NEWU2 370UM_1204
PROD CPU,TCB,SKL ULT NEWU2 370UM,CHENGDU6,A48_ACB70019,173,SKL ULT NEWU2 370UM,POST_LOT_TEST_PLAN,72_SKL_ULT2+2_MIXED_TCB_DCP,A48_ACB70019,A48_TCB705,1204,A48,SKL ULT NEWU2 370UM_1204
PROD CPU,TCB,SKL ULT NEWU2 370UM,CHENGDU6,A48_ACB70020,173,SKL ULT NEWU2 370UM,POST_LOT_TEST_PLAN,72_SKL_ULT2+2_MIXED_TCB_DCP,A48_ACB70020,A48_TCB705,1204,A48,SKL ULT NEWU2 370UM_1204
PROD CPU,TCB,SKL ULT NEWU2 370UM,CHENGDU6,A48_ACB70021,173,SKL ULT NEWU2 370UM,POST_LOT_TEST_PLAN,72_SKL_ULT2+2_MIXED_TCB_DCP,A48_ACB70021,A48_TCB706,1204,A48,SKL ULT NEWU2 370UM_1204
PROD CPU,TCB,SKL ULT NEWU2 370UM,CHENGDU6,A48_ACB70022,173,SKL ULT NEWU2 370UM,POST_LOT_TEST_PLAN,72_SKL_ULT2+2_MIXED_TCB_DCP,A48_ACB70022,A48_TCB706,1204,A48,SKL ULT NEWU2 370UM_1204
PROD CPU,TCB,SKL ULT NEWU2 370UM,CHENGDU6,A48_ACB70023,173,SKL ULT NEWU2 370UM,POST_LOT_TEST_PLAN,72_SKL_ULT2+2_MIXED_TCB_DCP,A48_ACB70023,A48_TCB706,1204,A48,SKL ULT NEWU2 370UM_1204
PROD CPU,TCB,SKL ULT NEWU2 370UM,CHENGDU6,A48_ACB70024,173,SKL ULT NEWU2 370UM,POST_LOT_TEST_PLAN,72_SKL_ULT2+2_MIXED_TCB_DCP,A48_ACB70024,A48_TCB706,1204,A48,SKL ULT NEWU2 370UM_1204
PROD CPU,TCB,SKL ULT NEWU2 370UM,CHENGDU6,A48_ACB70029,173,SKL ULT NEWU2 370UM,POST_LOT_TEST_PLAN,72_SKL_ULT2+2_MIXED_TCB_DCP,A48_ACB70029,A48_TCB708,1204,A48,SKL ULT NEWU2 370UM_1204
PROD CPU,TCB,SKL ULT NEWU2 370UM,CHENGDU6,A48_ACB70030,173,SKL ULT NEWU2 370UM,POST_LOT_TEST_PLAN,72_SKL_ULT2+2_MIXED_TCB_DCP,A48_ACB70030,A48_TCB708,1204,A48,SKL ULT NEWU2 370UM_1204
PROD CPU,TCB,SKL ULT NEWU2 370UM,CHENGDU6,A48_ACB70031,173,SKL ULT NEWU2 370UM,POST_LOT_TEST_PLAN,72_SKL_ULT2+2_MIXED_TCB_DCP,A48_ACB70031,A48_TCB708,1204,A48,SKL ULT NEWU2 370UM_1204
PROD CPU,TCB,SKL ULT NEWU2 370UM,CHENGDU6,A48_ACB70032,173,SKL ULT NEWU2 370UM,POST_LOT_TEST_PLAN,72_SKL_ULT2+2_MIXED_TCB_DCP,A48_ACB70032,A48_TCB708,1204,A48,SKL ULT NEWU2 370UM_1204
PROD CPU,TCB,SKX SERVER D,KULIM5,A15_ACB00021,107,SKX SERVER D,POST_LOT_TEST_PLAN,72_SKL_DE_SVR_TCB_DCP,A15_ACB00021,A15_TCB006,1204,A15,SKX SERVER D_1204
PROD CPU,TCB,SKX SERVER D,KULIM5,A15_ACB00022,107,SKX SERVER D,POST_LOT_TEST_PLAN,72_SKL_DE_SVR_TCB_DCP,A15_ACB00022,A15_TCB006,1204,A15,SKX SERVER D_1204
PROD CPU,TCB,SKY MEADOW,PENANG,A01_ACB80501,51,SKY MEADOW,POST_LOT_TEST_PLAN,72_SKM_TCB_DCP,A01_ACB80501,A01_TCB805,1204,A01,SKY MEADOW_1204
PROD CPU,TCB,SKY MEADOW,PENANG,A01_ACB80502,51,SKY MEADOW,POST_LOT_TEST_PLAN,72_SKM_TCB_DCP,A01_ACB80502,A01_TCB805,1204,A01,SKY MEADOW_1204
PROD CPU,TCB,SKYLAKE 22 ULT,"KULIM;CHENGDU6;KULIM5;CHANDLER, ARIZONA;",A48_ACB70017,32,SKYLAKE 22 ULT,POST_LOT_TEST_PLAN,72_SKL_ULT2+2_TCB_DCP,A48_ACB70017,A48_TCB705,1204,A48,SKYLAKE 22 ULT_1204
PROD CPU,TCB,SKYLAKE 22 ULT,"KULIM;CHENGDU6;KULIM5;CHANDLER, ARIZONA;",A48_ACB70018,32,SKYLAKE 22 ULT,POST_LOT_TEST_PLAN,72_SKL_ULT2+2_TCB_DCP,A48_ACB70018,A48_TCB705,1204,A48,SKYLAKE 22 ULT_1204
PROD CPU,TCB,SKYLAKE 22 ULT,"KULIM;CHENGDU6;KULIM5;CHANDLER, ARIZONA;",A48_ACB70019,32,SKYLAKE 22 ULT,POST_LOT_TEST_PLAN,72_SKL_ULT2+2_TCB_DCP,A48_ACB70019,A48_TCB705,1204,A48,SKYLAKE 22 ULT_1204
PROD CPU,TCB,SKYLAKE 22 ULT,"KULIM;CHENGDU6;KULIM5;CHANDLER, ARIZONA;",A48_ACB70020,32,SKYLAKE 22 ULT,POST_LOT_TEST_PLAN,72_SKL_ULT2+2_TCB_DCP,A48_ACB70020,A48_TCB705,1204,A48,SKYLAKE 22 ULT_1204
PROD CPU,TCB,SKYLAKE 22 ULT,"KULIM;CHENGDU6;KULIM5;CHANDLER, ARIZONA;",A48_ACB70021,32,SKYLAKE 22 ULT,POST_LOT_TEST_PLAN,72_SKL_ULT2+2_TCB_DCP,A48_ACB70021,A48_TCB706,1204,A48,SKYLAKE 22 ULT_1204
PROD CPU,TCB,SKYLAKE 22 ULT,"KULIM;CHENGDU6;KULIM5;CHANDLER, ARIZONA;",A48_ACB70022,32,SKYLAKE 22 ULT,POST_LOT_TEST_PLAN,72_SKL_ULT2+2_TCB_DCP,A48_ACB70022,A48_TCB706,1204,A48,SKYLAKE 22 ULT_1204
PROD CPU,TCB,SKYLAKE 22 ULT,"KULIM;CHENGDU6;KULIM5;CHANDLER, ARIZONA;",A48_ACB70023,32,SKYLAKE 22 ULT,POST_LOT_TEST_PLAN,72_SKL_ULT2+2_TCB_DCP,A48_ACB70023,A48_TCB706,1204,A48,SKYLAKE 22 ULT_1204
PROD CPU,TCB,SKYLAKE 22 ULT,"KULIM;CHENGDU6;KULIM5;CHANDLER, ARIZONA;",A48_ACB70024,32,SKYLAKE 22 ULT,POST_LOT_TEST_PLAN,72_SKL_ULT2+2_TCB_DCP,A48_ACB70024,A48_TCB706,1204,A48,SKYLAKE 22 ULT_1204
PROD CPU,TCB,SKYLAKE HCC BSM,PENANG,A01_ACB80201,27,SKYLAKE HCC BSM,POST_LOT_TEST_PLAN,72_SKL_HCC_BSM_TCB_DCP,A01_ACB80201,A01_TCB802,1204,A01,SKYLAKE HCC BSM_1204
PROD CPU,TCB,SKYLAKE HCC BSM,PENANG,A01_ACB80202,27,SKYLAKE HCC BSM,POST_LOT_TEST_PLAN,72_SKL_HCC_BSM_TCB_DCP,A01_ACB80202,A01_TCB802,1204,A01,SKYLAKE HCC BSM_1204
PROD CPU,TCB,SKYLAKE HCC BSM,PENANG,A01_ACB80801,27,SKYLAKE HCC BSM,POST_LOT_TEST_PLAN,72_SKL_HCC_BSM_TCB_DCP,A01_ACB80801,A01_TCB808,1204,A01,SKYLAKE HCC BSM_1204
PROD CPU,TCB,SKYLAKE HCC BSM,PENANG,A01_ACB80802,27,SKYLAKE HCC BSM,POST_LOT_TEST_PLAN,72_SKL_HCC_BSM_TCB_DCP,A01_ACB80802,A01_TCB808,1204,A01,SKYLAKE HCC BSM_1204
PROD CPU,TCB,SKYLAKE HCC SKTR,PENANG,A01_ACB80801,75,SKYLAKE HCC SKTR,POST_LOT_TEST_PLAN,72_SKL_HCC_SKTR_TCB_DCP,A01_ACB80801,A01_TCB808,1204,A01,SKYLAKE HCC SKTR_1204
PROD CPU,TCB,SKYLAKE HCC SKTR,PENANG,A01_ACB80802,75,SKYLAKE HCC SKTR,POST_LOT_TEST_PLAN,72_SKL_HCC_SKTR_TCB_DCP,A01_ACB80802,A01_TCB808,1204,A01,SKYLAKE HCC SKTR_1204
PROD CPU,TCB,SKYLAKE LCC SKTR,PENANG,A01_ACB80801,62,SKYLAKE LCC SKTR,POST_LOT_TEST_PLAN,72_SKL_LCC_SR_TCB_DCP,A01_ACB80801,A01_TCB808,1204,A01,SKYLAKE LCC SKTR_1204
PROD CPU,TCB,SKYLAKE LCC SKTR,PENANG,A01_ACB80802,62,SKYLAKE LCC SKTR,POST_LOT_TEST_PLAN,72_SKL_LCC_SR_TCB_DCP,A01_ACB80802,A01_TCB808,1204,A01,SKYLAKE LCC SKTR_1204
PROD CPU,TCB,SKYLAKE XCC,PENANG,A01_ACB80401,186,SKYLAKE XCC,POST_LOT_TEST_PLAN,72_SKL_XCC_HFB_TCB_DCP,A01_ACB80401,A01_TCB804,1204,A01,SKYLAKE XCC_1204
PROD CPU,TCB,SKYLAKE XCC,PENANG,A01_ACB80402,186,SKYLAKE XCC,POST_LOT_TEST_PLAN,72_SKL_XCC_HFB_TCB_DCP,A01_ACB80402,A01_TCB804,1204,A01,SKYLAKE XCC_1204
PROD CPU,TCB,SKYLAKE XCC,PENANG,A01_ACB80801,186,SKYLAKE XCC,POST_LOT_TEST_PLAN,72_SKL_XCC_HFB_TCB_DCP,A01_ACB80801,A01_TCB808,1204,A01,SKYLAKE XCC_1204
PROD CPU,TCB,SKYLAKE XCC,PENANG,A01_ACB80802,186,SKYLAKE XCC,POST_LOT_TEST_PLAN,72_SKL_XCC_HFB_TCB_DCP,A01_ACB80802,A01_TCB808,1204,A01,SKYLAKE XCC_1204
PROD CPU,TCB,SKYLAKE XCC,PENANG,A01_ACB80901,186,SKYLAKE XCC,POST_LOT_TEST_PLAN,72_SKL_XCC_HFB_TCB_DCP,A01_ACB80901,A01_TCB809,1204,A01,SKYLAKE XCC_1204
PROD CPU,TCB,SKYLAKE XCC,PENANG,A01_ACB80902,186,SKYLAKE XCC,POST_LOT_TEST_PLAN,72_SKL_XCC_HFB_TCB_DCP,A01_ACB80902,A01_TCB809,1204,A01,SKYLAKE XCC_1204
PROD CPU,TCB,SKYLAKE XCC,PENANG,A01_ACB81001,186,SKYLAKE XCC,POST_LOT_TEST_PLAN,72_SKL_XCC_HFB_TCB_DCP,A01_ACB81001,A01_TCB810,1204,A01,SKYLAKE XCC_1204
PROD CPU,TCB,SKYLAKE XCC,PENANG,A01_ACB81002,186,SKYLAKE XCC,POST_LOT_TEST_PLAN,72_SKL_XCC_HFB_TCB_DCP,A01_ACB81002,A01_TCB810,1204,A01,SKYLAKE XCC_1204
PROD CPU,TCB,SKYLAKE XCC,PENANG,A01_ACB81401,186,SKYLAKE XCC,POST_LOT_TEST_PLAN,72_SKL_XCC_HFB_TCB_DCP,A01_ACB81401,A01_TCB814,1204,A01,SKYLAKE XCC_1204
PROD CPU,TCB,SKYLAKE XCC,PENANG,A01_ACB81402,186,SKYLAKE XCC,POST_LOT_TEST_PLAN,72_SKL_XCC_HFB_TCB_DCP,A01_ACB81402,A01_TCB814,1204,A01,SKYLAKE XCC_1204
PROD CPU,TCB,SKYLAKE XCC,PENANG,A01_AFB81101,186,SKYLAKE XCC,POST_LOT_TEST_PLAN,72_SKL_XCC_HFB_TCB_DCP,A01_AFB81101,A01_TCB811,1204,A01,SKYLAKE XCC_1204
PROD CPU,TCB,SKYLAKE XCC,PENANG,A01_AFB81102,186,SKYLAKE XCC,POST_LOT_TEST_PLAN,72_SKL_XCC_HFB_TCB_DCP,A01_AFB81102,A01_TCB811,1204,A01,SKYLAKE XCC_1204
PROD CPU,TCB,SKYLAKE XCC,PENANG,A01_AFB81301,186,SKYLAKE XCC,POST_LOT_TEST_PLAN,72_SKL_XCC_HFB_TCB_DCP,A01_AFB81301,A01_TCB813,1204,A01,SKYLAKE XCC_1204
PROD CPU,TCB,SKYLAKE XCC,PENANG,A01_AFB81302,186,SKYLAKE XCC,POST_LOT_TEST_PLAN,72_SKL_XCC_HFB_TCB_DCP,A01_AFB81302,A01_TCB813,1204,A01,SKYLAKE XCC_1204
PROD CPU,TCB,SKYLAKE XCC,PENANG,A01_AFB81601,186,SKYLAKE XCC,POST_LOT_TEST_PLAN,72_SKL_XCC_HFB_TCB_DCP,A01_AFB81601,A01_TCB816,1204,A01,SKYLAKE XCC_1204
PROD CPU,TCB,SKYLAKE XCC,PENANG,A01_AFB81602,186,SKYLAKE XCC,POST_LOT_TEST_PLAN,72_SKL_XCC_HFB_TCB_DCP,A01_AFB81602,A01_TCB816,1204,A01,SKYLAKE XCC_1204
PROD CPU,TCB,SKYLAKE XCC,PENANG,A01_AFB81603,186,SKYLAKE XCC,POST_LOT_TEST_PLAN,72_SKL_XCC_HFB_TCB_DCP,A01_AFB81603,A01_TCB816,1204,A01,SKYLAKE XCC_1204
PROD CPU,TCB,SKYLAKE XCC,PENANG,A01_AFB81604,186,SKYLAKE XCC,POST_LOT_TEST_PLAN,72_SKL_XCC_HFB_TCB_DCP,A01_AFB81604,A01_TCB816,1204,A01,SKYLAKE XCC_1204
PROD CPU,TCB,SNOW RIDGE BST HCC,PENANG,A01_ACB80401,81,SNOW RIDGE BST HCC,POST_LOT_TEST_PLAN,74_SNR_BST_HCC_TCB_DCP,A01_ACB80401,A01_TCB804,1204,A01,SNOW RIDGE BST HCC_1204
PROD CPU,TCB,SNOW RIDGE BST HCC,PENANG,A01_ACB80402,81,SNOW RIDGE BST HCC,POST_LOT_TEST_PLAN,74_SNR_BST_HCC_TCB_DCP,A01_ACB80402,A01_TCB804,1204,A01,SNOW RIDGE BST HCC_1204
PROD CPU,TCB,SNOW RIDGE BST HCC,PENANG,A01_ACB80501,81,SNOW RIDGE BST HCC,POST_LOT_TEST_PLAN,74_SNR_BST_HCC_TCB_DCP,A01_ACB80501,A01_TCB805,1204,A01,SNOW RIDGE BST HCC_1204
PROD CPU,TCB,SNOW RIDGE BST HCC,PENANG,A01_ACB80502,81,SNOW RIDGE BST HCC,POST_LOT_TEST_PLAN,74_SNR_BST_HCC_TCB_DCP,A01_ACB80502,A01_TCB805,1204,A01,SNOW RIDGE BST HCC_1204
PROD CPU,TCB,SNOW RIDGE BST HCC,PENANG,A01_ACB80801,81,SNOW RIDGE BST HCC,POST_LOT_TEST_PLAN,74_SNR_BST_HCC_TCB_DCP,A01_ACB80801,A01_TCB808,1204,A01,SNOW RIDGE BST HCC_1204
PROD CPU,TCB,SNOW RIDGE BST HCC,PENANG,A01_ACB80802,81,SNOW RIDGE BST HCC,POST_LOT_TEST_PLAN,74_SNR_BST_HCC_TCB_DCP,A01_ACB80802,A01_TCB808,1204,A01,SNOW RIDGE BST HCC_1204
PROD CPU,TCB,SNOW RIDGE BST HCC,PENANG,A01_ACB80901,81,SNOW RIDGE BST HCC,POST_LOT_TEST_PLAN,74_SNR_BST_HCC_TCB_DCP,A01_ACB80901,A01_TCB809,1204,A01,SNOW RIDGE BST HCC_1204
PROD CPU,TCB,SNOW RIDGE BST HCC,PENANG,A01_ACB80902,81,SNOW RIDGE BST HCC,POST_LOT_TEST_PLAN,74_SNR_BST_HCC_TCB_DCP,A01_ACB80902,A01_TCB809,1204,A01,SNOW RIDGE BST HCC_1204
PROD CPU,TCB,SNOW RIDGE BST HCC,PENANG,A01_AFB81201,81,SNOW RIDGE BST HCC,POST_LOT_TEST_PLAN,74_SNR_BST_HCC_TCB_DCP,A01_AFB81201,A01_TCB812,1204,A01,SNOW RIDGE BST HCC_1204
PROD CPU,TCB,SNOW RIDGE BST HCC,PENANG,A01_AFB81202,81,SNOW RIDGE BST HCC,POST_LOT_TEST_PLAN,74_SNR_BST_HCC_TCB_DCP,A01_AFB81202,A01_TCB812,1204,A01,SNOW RIDGE BST HCC_1204
PROD CPU,TCB,SNOW RIDGE BST HCC,PENANG,A01_AFB81301,81,SNOW RIDGE BST HCC,POST_LOT_TEST_PLAN,74_SNR_BST_HCC_TCB_DCP,A01_AFB81301,A01_TCB813,1204,A01,SNOW RIDGE BST HCC_1204
PROD CPU,TCB,SNOW RIDGE BST HCC,PENANG,A01_AFB81302,81,SNOW RIDGE BST HCC,POST_LOT_TEST_PLAN,74_SNR_BST_HCC_TCB_DCP,A01_AFB81302,A01_TCB813,1204,A01,SNOW RIDGE BST HCC_1204
PROD CPU,TCB,SPR HBM B0 SS SplitSolder,KULIM5,A15_TCK50501,69,SPR HBM B0 SS SplitSolder,POST_LOT_TEST_PLAN,74_SPR_HBM_ASOS_TCB_DCP,A15_TCK50501,A15_TSX505,1204,A15,SPR HBM B0 SS SplitSolder_1204
PROD CPU,TCB,SPR HBM B0 SS SplitSolder,KULIM5,A15_TCK50501,69,SPR HBM B0 SS SplitSolder,POST_LOT_TEST_PLAN,74_SPR_HBM_SPS_TSX_DCP,A15_TCK50501,A15_TSX505,1204,A15,SPR HBM B0 SS SplitSolder_1204
PROD CPU,TCB,SPR XCC 112L DLCP P,PENANG,A01_ACB80401,15,SPR XCC 112L DLCP P,POST_LOT_TEST_PLAN,74_SPR_XCC_TCB_DCP,A01_ACB80401,A01_TCB804,1204,A01,SPR XCC 112L DLCP P_1204
PROD CPU,TCB,SPR XCC 112L DLCP P,PENANG,A01_ACB80402,15,SPR XCC 112L DLCP P,POST_LOT_TEST_PLAN,74_SPR_XCC_TCB_DCP,A01_ACB80402,A01_TCB804,1204,A01,SPR XCC 112L DLCP P_1204
PROD CPU,TCB,SPR XCC 112L DLCP P,PENANG,A01_ACB80501,15,SPR XCC 112L DLCP P,POST_LOT_TEST_PLAN,74_SPR_XCC_TCB_DCP,A01_ACB80501,A01_TCB805,1204,A01,SPR XCC 112L DLCP P_1204
PROD CPU,TCB,SPR XCC 112L DLCP P,PENANG,A01_ACB80502,15,SPR XCC 112L DLCP P,POST_LOT_TEST_PLAN,74_SPR_XCC_TCB_DCP,A01_ACB80502,A01_TCB805,1204,A01,SPR XCC 112L DLCP P_1204
PROD CPU,TCB,SPR XCC C0 DLCP P,PENANG,A01_ACB80401,31,SPR XCC C0 DLCP P,POST_LOT_TEST_PLAN,74_SPR_XCC_TCB_DCP,A01_ACB80401,A01_TCB804,1204,A01,SPR XCC C0 DLCP P_1204
PROD CPU,TCB,SPR XCC C0 DLCP P,PENANG,A01_ACB80402,31,SPR XCC C0 DLCP P,POST_LOT_TEST_PLAN,74_SPR_XCC_TCB_DCP,A01_ACB80402,A01_TCB804,1204,A01,SPR XCC C0 DLCP P_1204
PROD CPU,TCB,SPR XCC C0 DLCP P,PENANG,A01_ACB80501,31,SPR XCC C0 DLCP P,POST_LOT_TEST_PLAN,74_SPR_XCC_TCB_DCP,A01_ACB80501,A01_TCB805,1204,A01,SPR XCC C0 DLCP P_1204
PROD CPU,TCB,SPR XCC C0 DLCP P,PENANG,A01_ACB80502,31,SPR XCC C0 DLCP P,POST_LOT_TEST_PLAN,74_SPR_XCC_TCB_DCP,A01_ACB80502,A01_TCB805,1204,A01,SPR XCC C0 DLCP P_1204
PROD CPU,TCB,SPR XCC SPLIT SOLDER,CHENGDU6,A48_AFB70017,108,SPR XCC SPLIT SOLDER,POST_LOT_TEST_PLAN,74_SPR_XCC_SS_TSX_DCP,A48_AFB70017,A48_TCB713,1204,A48,SPR XCC SPLIT SOLDER_1204
PROD CPU,TCB,SPR XCC SPLIT SOLDER,CHENGDU6,A48_AFB70017,108,SPR XCC SPLIT SOLDER,POST_LOT_TEST_PLAN,74_SPR_XCC_TCB_DCP,A48_AFB70017,A48_TCB713,1204,A48,SPR XCC SPLIT SOLDER_1204
PROD CPU,TCB,SPR XCC SPLIT SOLDER,CHENGDU6,A48_AFB70018,108,SPR XCC SPLIT SOLDER,POST_LOT_TEST_PLAN,74_SPR_XCC_TCB_DCP,A48_AFB70018,A48_TCB713,1204,A48,SPR XCC SPLIT SOLDER_1204
PROD CPU,TCB,SPR XCC SPLIT SOLDER,CHENGDU6,A48_AFB70018,108,SPR XCC SPLIT SOLDER,POST_LOT_TEST_PLAN,74_SPR_XCC_SS_TSX_DCP,A48_AFB70018,A48_TCB713,1204,A48,SPR XCC SPLIT SOLDER_1204
PROD CPU,TCB,SPR XCC SPLIT SOLDER,CHENGDU6,A48_AFB70019,108,SPR XCC SPLIT SOLDER,POST_LOT_TEST_PLAN,74_SPR_XCC_SS_TSX_DCP,A48_AFB70019,A48_TCB713,1204,A48,SPR XCC SPLIT SOLDER_1204
PROD CPU,TCB,SPR XCC SPLIT SOLDER,CHENGDU6,A48_AFB70019,108,SPR XCC SPLIT SOLDER,POST_LOT_TEST_PLAN,74_SPR_XCC_TCB_DCP,A48_AFB70019,A48_TCB713,1204,A48,SPR XCC SPLIT SOLDER_1204
PROD CPU,TCB,SPR XCC SPLIT SOLDER,CHENGDU6,A48_AFB70020,108,SPR XCC SPLIT SOLDER,POST_LOT_TEST_PLAN,74_SPR_XCC_SS_TSX_DCP,A48_AFB70020,A48_TCB713,1204,A48,SPR XCC SPLIT SOLDER_1204
PROD CPU,TCB,SPR XCC SPLIT SOLDER,CHENGDU6,A48_AFB70020,108,SPR XCC SPLIT SOLDER,POST_LOT_TEST_PLAN,74_SPR_XCC_TCB_DCP,A48_AFB70020,A48_TCB713,1204,A48,SPR XCC SPLIT SOLDER_1204
PROD CPU,TCB,SPR XCC SPLIT SOLDER,KULIM8;PENANG;CHENGDU6;KULIM5;SAIGON;,A48_TCK80001,115,SPR XCC SPLIT SOLDER,POST_LOT_TEST_PLAN,74_SPR_XCC_TCB_DCP,A48_TCK80001,A48_TSX801,1204,A48,SPR XCC SPLIT SOLDER_1204
PROD CPU,TCB,SPR XCC SPLIT SOLDER,KULIM8;PENANG;CHENGDU6;KULIM5;SAIGON;,A48_TCK80001,115,SPR XCC SPLIT SOLDER,POST_LOT_TEST_PLAN,74_SPR_XCC_SSR1_TSX_DCP,A48_TCK80001,A48_TSX801,1204,A48,SPR XCC SPLIT SOLDER_1204
PROD CPU,TCB,SPR XCC SPLIT SOLDER,KULIM8;PENANG;CHENGDU6;KULIM5;SAIGON;,A90_TCK00001,122,SPR XCC SPLIT SOLDER,POST_LOT_TEST_PLAN,74_SPR_XCC_TCB_DCP,A90_TCK00001,A90_TSX201,1204,A90,SPR XCC SPLIT SOLDER_1204
PROD CPU,TCB,SPR XCC SPLIT SOLDER,KULIM8;PENANG;CHENGDU6;KULIM5;SAIGON;,A90_TCK00001,122,SPR XCC SPLIT SOLDER,POST_LOT_TEST_PLAN,74_SPR_XCC_SSR1_TSX_DCP,A90_TCK00001,A90_TSX201,1204,A90,SPR XCC SPLIT SOLDER_1204
PROD CPU,TCB,SPR XCC SPLIT SOLDER,KULIM8;PENANG;CHENGDU6;KULIM5;SAIGON;,A90_TCK00002,122,SPR XCC SPLIT SOLDER,POST_LOT_TEST_PLAN,74_SPR_XCC_TCB_DCP,A90_TCK00002,A90_TSX202,1204,A90,SPR XCC SPLIT SOLDER_1204
PROD CPU,TCB,SPR XCC SPLIT SOLDER,KULIM8;PENANG;CHENGDU6;KULIM5;SAIGON;,A90_TCK00002,122,SPR XCC SPLIT SOLDER,POST_LOT_TEST_PLAN,74_SPR_XCC_SSR1_TSX_DCP,A90_TCK00002,A90_TSX202,1204,A90,SPR XCC SPLIT SOLDER_1204
PROD CPU,TCB,SPR XCC SPLIT SOLDER,KULIM8;PENANG;CHENGDU6;KULIM5;SAIGON;,A90_TCK00003,122,SPR XCC SPLIT SOLDER,POST_LOT_TEST_PLAN,74_SPR_XCC_SSR1_TSX_DCP,A90_TCK00003,A90_TSX203,1204,A90,SPR XCC SPLIT SOLDER_1204
PROD CPU,TCB,SPR XCC SPLIT SOLDER,KULIM8;PENANG;CHENGDU6;KULIM5;SAIGON;,A90_TCK00003,122,SPR XCC SPLIT SOLDER,POST_LOT_TEST_PLAN,74_SPR_XCC_TCB_DCP,A90_TCK00003,A90_TSX203,1204,A90,SPR XCC SPLIT SOLDER_1204
PROD CPU,TCB,SPR XCC SPLIT SOLDER,KULIM8;PENANG;CHENGDU6;KULIM5;SAIGON;,A90_TCK00004,122,SPR XCC SPLIT SOLDER,POST_LOT_TEST_PLAN,74_SPR_XCC_TCB_DCP,A90_TCK00004,A90_TSX204,1204,A90,SPR XCC SPLIT SOLDER_1204
PROD CPU,TCB,SPR XCC SPLIT SOLDER,KULIM8;PENANG;CHENGDU6;KULIM5;SAIGON;,A90_TCK00004,122,SPR XCC SPLIT SOLDER,POST_LOT_TEST_PLAN,74_SPR_XCC_SSR1_TSX_DCP,A90_TCK00004,A90_TSX204,1204,A90,SPR XCC SPLIT SOLDER_1204
PROD CPU,TCB,SPR XCC SPLIT SOLDER,KULIM8;PENANG;CHENGDU6;KULIM5;SAIGON;,A90_TCK00005,122,SPR XCC SPLIT SOLDER,POST_LOT_TEST_PLAN,74_SPR_XCC_TCB_DCP,A90_TCK00005,A90_TSX205,1204,A90,SPR XCC SPLIT SOLDER_1204
PROD CPU,TCB,SPR XCC SPLIT SOLDER,KULIM8;PENANG;CHENGDU6;KULIM5;SAIGON;,A90_TCK00005,122,SPR XCC SPLIT SOLDER,POST_LOT_TEST_PLAN,74_SPR_XCC_SSR1_TSX_DCP,A90_TCK00005,A90_TSX205,1204,A90,SPR XCC SPLIT SOLDER_1204
PROD CPU,TCB,SPR XCC SPLIT SOLDER,KULIM8;PENANG;CHENGDU6;KULIM5;SAIGON;,A90_TCK00006,122,SPR XCC SPLIT SOLDER,POST_LOT_TEST_PLAN,74_SPR_XCC_TCB_DCP,A90_TCK00006,A90_TSX206,1204,A90,SPR XCC SPLIT SOLDER_1204
PROD CPU,TCB,SPR XCC SPLIT SOLDER,KULIM8;PENANG;CHENGDU6;KULIM5;SAIGON;,A90_TCK00006,122,SPR XCC SPLIT SOLDER,POST_LOT_TEST_PLAN,74_SPR_XCC_SSR1_TSX_DCP,A90_TCK00006,A90_TSX206,1204,A90,SPR XCC SPLIT SOLDER_1204
PROD CPU,TCB,SPR XCC SPLIT SOLDER,KULIM8;PENANG;CHENGDU6;KULIM5;SAIGON;,A90_TCK00008,122,SPR XCC SPLIT SOLDER,POST_LOT_TEST_PLAN,74_SPR_XCC_TCB_DCP,A90_TCK00008,A90_TSX208,1204,A90,SPR XCC SPLIT SOLDER_1204
PROD CPU,TCB,SPR XCC SPLIT SOLDER,KULIM8;PENANG;CHENGDU6;KULIM5;SAIGON;,A90_TCK00008,122,SPR XCC SPLIT SOLDER,POST_LOT_TEST_PLAN,74_SPR_XCC_SSR1_TSX_DCP,A90_TCK00008,A90_TSX208,1204,A90,SPR XCC SPLIT SOLDER_1204
PROD CPU,TCB,SPR XCC SPLIT SOLDER,KULIM8;PENANG;CHENGDU6;KULIM5;SAIGON;,A90_TCK00009,122,SPR XCC SPLIT SOLDER,POST_LOT_TEST_PLAN,74_SPR_XCC_SSR1_TSX_DCP,A90_TCK00009,A90_TSX209,1204,A90,SPR XCC SPLIT SOLDER_1204
PROD CPU,TCB,SPR XCC SPLIT SOLDER,KULIM8;PENANG;CHENGDU6;KULIM5;SAIGON;,A90_TCK00009,122,SPR XCC SPLIT SOLDER,POST_LOT_TEST_PLAN,74_SPR_XCC_TCB_DCP,A90_TCK00009,A90_TSX209,1204,A90,SPR XCC SPLIT SOLDER_1204
PROD CPU,TCB,SPR XCC SPLIT SOLDER,KULIM8;PENANG;CHENGDU6;KULIM5;SAIGON;,A90_TCK00010,122,SPR XCC SPLIT SOLDER,POST_LOT_TEST_PLAN,74_SPR_XCC_TCB_DCP,A90_TCK00010,A90_TSX210,1204,A90,SPR XCC SPLIT SOLDER_1204
PROD CPU,TCB,SPR XCC SPLIT SOLDER,KULIM8;PENANG;CHENGDU6;KULIM5;SAIGON;,A90_TCK00010,122,SPR XCC SPLIT SOLDER,POST_LOT_TEST_PLAN,74_SPR_XCC_SSR1_TSX_DCP,A90_TCK00010,A90_TSX210,1204,A90,SPR XCC SPLIT SOLDER_1204
PROD CPU,TCB,SQUARE HILL MICRON,KULIM5,A15_TCK51102,9,SQUARE HILL MICRON,POST_LOT_TEST_PLAN,IFS_SQH_FA_TSX_DCP,A15_TCK51102,A15_TSX511,2511,A15,SQUARE HILL MICRON_2511
PROD CPU,TCB,SQUARE HILL MICRON,KULIM5,A15_TCK51201,11,SQUARE HILL MICRON,POST_LOT_TEST_PLAN,IFS_SQH_FA_TSX_DCP,A15_TCK51201,A15_TSX512,2511,A15,SQUARE HILL MICRON_2511
PROD CPU,TCB,SQUARE HILL MONO,KULIM5,A15_TCK51201,5,SQUARE HILL MONO,POST_LOT_TEST_PLAN,IFS_SQH_FA_TSX_DCP,A15_TCK51201,A15_TSX512,2511,A15,SQUARE HILL MONO_2511
PROD CPU,TCB,SQUARE HILL SKHYNIX,KULIM5,A15_TCK51102,7,SQUARE HILL SKHYNIX,POST_LOT_TEST_PLAN,IFS_SQH_FA_TSX_DCP,A15_TCK51102,A15_TSX511,2511,A15,SQUARE HILL SKHYNIX_2511
PROD CPU,TCB,SQUARE HILL SKHYNIX,KULIM5,A15_TCK51201,7,SQUARE HILL SKHYNIX,POST_LOT_TEST_PLAN,IFS_SQH_FA_TSX_DCP,A15_TCK51201,A15_TSX512,2511,A15,SQUARE HILL SKHYNIX_2511
PROD CPU,TCB,Sapphire Rapids EEC,KULIM5,A15_ACB00019,52,Sapphire Rapids EEC,POST_LOT_TEST_PLAN,74_SPR_EEC_TCB_DCP,A15_ACB00019,A15_TCB005,1204,A15,Sapphire Rapids EEC_1204
PROD CPU,TCB,Sapphire Rapids EEC,KULIM5,A15_ACB00020,52,Sapphire Rapids EEC,POST_LOT_TEST_PLAN,74_SPR_EEC_TCB_DCP,A15_ACB00020,A15_TCB005,1204,A15,Sapphire Rapids EEC_1204
PROD CPU,TCB,Sapphire Rapids EEC,KULIM5,A15_ACB00021,52,Sapphire Rapids EEC,POST_LOT_TEST_PLAN,74_SPR_EEC_TCB_DCP,A15_ACB00021,A15_TCB006,1204,A15,Sapphire Rapids EEC_1204
PROD CPU,TCB,Sapphire Rapids EEC,KULIM5,A15_ACB00022,52,Sapphire Rapids EEC,POST_LOT_TEST_PLAN,74_SPR_EEC_TCB_DCP,A15_ACB00022,A15_TCB006,1204,A15,Sapphire Rapids EEC_1204
PROD CPU,TCB,Sarek Light 2 TV,"PENANG;CHANDLER, ARIZONA;",A01_ACB80401,28,Sarek Light 2 TV,POST_LOT_TEST_PLAN,74_EMIB_SQA_FAST_TCB_DCP,A01_ACB80401,A01_TCB804,1204,A01,Sarek Light 2 TV_1204
PROD CPU,TCB,Sarek Light 2 TV,"PENANG;CHANDLER, ARIZONA;",A01_ACB80402,28,Sarek Light 2 TV,POST_LOT_TEST_PLAN,74_EMIB_SQA_FAST_TCB_DCP,A01_ACB80402,A01_TCB804,1204,A01,Sarek Light 2 TV_1204
PROD CPU,TCB,Shadow Wood 758UM HFB,SAIGON,A90_AFB00001,67,Shadow Wood 758UM HFB,POST_LOT_TEST_PLAN,74_SDW_HFB_TCB_DCP,A90_AFB00001,A90_TCB201,1204,A90,Shadow Wood 758UM HFB_1204
PROD CPU,TCB,Shadow Wood 758UM HFB,SAIGON,A90_AFB00002,67,Shadow Wood 758UM HFB,POST_LOT_TEST_PLAN,74_SDW_HFB_TCB_DCP,A90_AFB00002,A90_TCB201,1204,A90,Shadow Wood 758UM HFB_1204
PROD CPU,TCB,Shadow Wood 758UM HFB,SAIGON,A90_AFB00003,67,Shadow Wood 758UM HFB,POST_LOT_TEST_PLAN,74_SDW_HFB_TCB_DCP,A90_AFB00003,A90_TCB201,1204,A90,Shadow Wood 758UM HFB_1204
PROD CPU,TCB,Shadow Wood 758UM HFB,SAIGON,A90_AFB00004,67,Shadow Wood 758UM HFB,POST_LOT_TEST_PLAN,74_SDW_HFB_TCB_DCP,A90_AFB00004,A90_TCB201,1204,A90,Shadow Wood 758UM HFB_1204
PROD CPU,TCB,Shadow Wood 758UM HFB,SAIGON,A90_AFB00009,67,Shadow Wood 758UM HFB,POST_LOT_TEST_PLAN,74_SDW_HFB_TCB_DCP,A90_AFB00009,A90_TCB203,1204,A90,Shadow Wood 758UM HFB_1204
PROD CPU,TCB,Shadow Wood 758UM HFB,SAIGON,A90_AFB00010,67,Shadow Wood 758UM HFB,POST_LOT_TEST_PLAN,74_SDW_HFB_TCB_DCP,A90_AFB00010,A90_TCB203,1204,A90,Shadow Wood 758UM HFB_1204
PROD CPU,TCB,Shadow Wood 758UM HFB,SAIGON,A90_AFB00011,67,Shadow Wood 758UM HFB,POST_LOT_TEST_PLAN,74_SDW_HFB_TCB_DCP,A90_AFB00011,A90_TCB203,1204,A90,Shadow Wood 758UM HFB_1204
PROD CPU,TCB,Shadow Wood 758UM HFB,SAIGON,A90_AFB00012,67,Shadow Wood 758UM HFB,POST_LOT_TEST_PLAN,74_SDW_HFB_TCB_DCP,A90_AFB00012,A90_TCB203,1204,A90,Shadow Wood 758UM HFB_1204
PROD CPU,TCB,Shadow Wood 758UM HFB,SAIGON,A90_AFB00025,67,Shadow Wood 758UM HFB,POST_LOT_TEST_PLAN,74_SDW_HFB_TCB_DCP,A90_AFB00025,A90_TCB207,1204,A90,Shadow Wood 758UM HFB_1204
PROD CPU,TCB,Shadow Wood 758UM HFB,SAIGON,A90_AFB00026,67,Shadow Wood 758UM HFB,POST_LOT_TEST_PLAN,74_SDW_HFB_TCB_DCP,A90_AFB00026,A90_TCB207,1204,A90,Shadow Wood 758UM HFB_1204
PROD CPU,TCB,Shadow Wood 758UM HFB,SAIGON,A90_AFB00027,67,Shadow Wood 758UM HFB,POST_LOT_TEST_PLAN,74_SDW_HFB_TCB_DCP,A90_AFB00027,A90_TCB207,1204,A90,Shadow Wood 758UM HFB_1204
PROD CPU,TCB,Shadow Wood 758UM HFB,SAIGON,A90_AFB00028,67,Shadow Wood 758UM HFB,POST_LOT_TEST_PLAN,74_SDW_HFB_TCB_DCP,A90_AFB00028,A90_TCB207,1204,A90,Shadow Wood 758UM HFB_1204
PROD CPU,TCB,Shadow Wood 758UM HFB,SAIGON,A90_AFB00029,67,Shadow Wood 758UM HFB,POST_LOT_TEST_PLAN,74_SDW_HFB_TCB_DCP,A90_AFB00029,A90_TCB208,1204,A90,Shadow Wood 758UM HFB_1204
PROD CPU,TCB,Shadow Wood 758UM HFB,SAIGON,A90_AFB00030,67,Shadow Wood 758UM HFB,POST_LOT_TEST_PLAN,74_SDW_HFB_TCB_DCP,A90_AFB00030,A90_TCB208,1204,A90,Shadow Wood 758UM HFB_1204
PROD CPU,TCB,Shadow Wood 758UM HFB,SAIGON,A90_AFB00031,67,Shadow Wood 758UM HFB,POST_LOT_TEST_PLAN,74_SDW_HFB_TCB_DCP,A90_AFB00031,A90_TCB208,1204,A90,Shadow Wood 758UM HFB_1204
PROD CPU,TCB,Shadow Wood 758UM HFB,SAIGON,A90_AFB00032,67,Shadow Wood 758UM HFB,POST_LOT_TEST_PLAN,74_SDW_HFB_TCB_DCP,A90_AFB00032,A90_TCB208,1204,A90,Shadow Wood 758UM HFB_1204
PROD CPU,TCB,Shadow Wood 758UM HFB,SAIGON,A90_AFB00081,67,Shadow Wood 758UM HFB,POST_LOT_TEST_PLAN,74_SDW_HFB_TCB_DCP,A90_AFB00081,A90_TCB215,1204,A90,Shadow Wood 758UM HFB_1204
PROD CPU,TCB,Shadow Wood 758UM HFB,SAIGON,A90_AFB00082,67,Shadow Wood 758UM HFB,POST_LOT_TEST_PLAN,74_SDW_HFB_TCB_DCP,A90_AFB00082,A90_TCB215,1204,A90,Shadow Wood 758UM HFB_1204
PROD CPU,TCB,Shadow Wood 758UM HFB,SAIGON,A90_AFB00093,67,Shadow Wood 758UM HFB,POST_LOT_TEST_PLAN,74_SDW_HFB_TCB_DCP,A90_AFB00093,A90_TCB213,1204,A90,Shadow Wood 758UM HFB_1204
PROD CPU,TCB,Shadow Wood 758UM HFB,SAIGON,A90_AFB00094,67,Shadow Wood 758UM HFB,POST_LOT_TEST_PLAN,74_SDW_HFB_TCB_DCP,A90_AFB00094,A90_TCB213,1204,A90,Shadow Wood 758UM HFB_1204
PROD CPU,TCB,Shadow Wood 758UM HFB,SAIGON,A90_AFB00095,67,Shadow Wood 758UM HFB,POST_LOT_TEST_PLAN,74_SDW_HFB_TCB_DCP,A90_AFB00095,A90_TCB213,1204,A90,Shadow Wood 758UM HFB_1204
PROD CPU,TCB,Shadow Wood 758UM HFB,SAIGON,A90_AFB00096,67,Shadow Wood 758UM HFB,POST_LOT_TEST_PLAN,74_SDW_HFB_TCB_DCP,A90_AFB00096,A90_TCB213,1204,A90,Shadow Wood 758UM HFB_1204
PROD CPU,TCB,Shadow Wood 758UM HFB,SAIGON,A90_AFB00118,67,Shadow Wood 758UM HFB,POST_LOT_TEST_PLAN,74_SDW_HFB_TCB_DCP,A90_AFB00118,A90_TCB217,1204,A90,Shadow Wood 758UM HFB_1204
PROD CPU,TCB,Shadow Wood 758UM HFB,SAIGON,A90_AFB00119,67,Shadow Wood 758UM HFB,POST_LOT_TEST_PLAN,74_SDW_HFB_TCB_DCP,A90_AFB00119,A90_TCB217,1204,A90,Shadow Wood 758UM HFB_1204
PROD CPU,TCB,Shadow Wood 758UM HFB,SAIGON,A90_AFB00120,67,Shadow Wood 758UM HFB,POST_LOT_TEST_PLAN,74_SDW_HFB_TCB_DCP,A90_AFB00120,A90_TCB217,1204,A90,Shadow Wood 758UM HFB_1204
PROD CPU,TCB,Shadow Wood 758UM HFB,SAIGON,A90_AFB00121,67,Shadow Wood 758UM HFB,POST_LOT_TEST_PLAN,74_SDW_HFB_TCB_DCP,A90_AFB00121,A90_TCB217,1204,A90,Shadow Wood 758UM HFB_1204
PROD CPU,TCB,Sierra Forest AP XDCC,KULIM5,A15_TCK50901,61,Sierra Forest AP XDCC,POST_LOT_TEST_PLAN,76_SRF_XDCC_FA_TSX_DCP,A15_TCK50901,A15_TSX509,2511,A15,Sierra Forest AP XDCC_2511
PROD CPU,TCB,Sierra Forest AP XDCC,KULIM5,A15_TCK51102,61,Sierra Forest AP XDCC,POST_LOT_TEST_PLAN,76_SRF_XDCC_FA_TSX_DCP,A15_TCK51102,A15_TSX511,2511,A15,Sierra Forest AP XDCC_2511
PROD CPU,TCB,Sierra Forest AP XDCC,KULIM5,A15_TCK51601,61,Sierra Forest AP XDCC,POST_LOT_TEST_PLAN,76_SRF_XDCC_FA_TSX_DCP,A15_TCK51601,A15_TSX516,2511,A15,Sierra Forest AP XDCC_2511
PROD CPU,TCB,Sierra Forest LCC,KULIM5,A15_TCK50901,70,Sierra Forest LCC,POST_LOT_TEST_PLAN,76_SRF_LCC_FA_TSX_DCP,A15_TCK50901,A15_TSX509,2511,A15,Sierra Forest LCC_2511
PROD CPU,TCB,Sierra Forest LCC,KULIM5,A15_TCK51001,70,Sierra Forest LCC,POST_LOT_TEST_PLAN,76_SRF_LCC_FA_TSX_DCP,A15_TCK51001,A15_TSX510,2511,A15,Sierra Forest LCC_2511
PROD CPU,TCB,Sierra Forest LCC,KULIM5,A15_TCK51102,70,Sierra Forest LCC,POST_LOT_TEST_PLAN,76_SRF_LCC_FA_TSX_DCP,A15_TCK51102,A15_TSX511,2511,A15,Sierra Forest LCC_2511
PROD CPU,TCB,Skylake HCC SKTP,PENANG,A01_ACB80801,88,Skylake HCC SKTP,POST_LOT_TEST_PLAN,72_SKL_HCC_SP_TCB_DCP,A01_ACB80801,A01_TCB808,1204,A01,Skylake HCC SKTP_1204
PROD CPU,TCB,Skylake HCC SKTP,PENANG,A01_ACB80802,88,Skylake HCC SKTP,POST_LOT_TEST_PLAN,72_SKL_HCC_SP_TCB_DCP,A01_ACB80802,A01_TCB808,1204,A01,Skylake HCC SKTP_1204
PROD CPU,TCB,Skylake HCC SKTP,PENANG,A01_ACB81401,88,Skylake HCC SKTP,POST_LOT_TEST_PLAN,72_SKL_HCC_SP_TCB_DCP,A01_ACB81401,A01_TCB814,1204,A01,Skylake HCC SKTP_1204
PROD CPU,TCB,Skylake HCC SKTP,PENANG,A01_ACB81402,88,Skylake HCC SKTP,POST_LOT_TEST_PLAN,72_SKL_HCC_SP_TCB_DCP,A01_ACB81402,A01_TCB814,1204,A01,Skylake HCC SKTP_1204
PROD CPU,TCB,Skylake HCC SKTP,PENANG,A01_ACB81501,88,Skylake HCC SKTP,POST_LOT_TEST_PLAN,72_SKL_HCC_SP_TCB_DCP,A01_ACB81501,A01_TCB815,1204,A01,Skylake HCC SKTP_1204
PROD CPU,TCB,Skylake HCC SKTP,PENANG,A01_ACB81502,88,Skylake HCC SKTP,POST_LOT_TEST_PLAN,72_SKL_HCC_SP_TCB_DCP,A01_ACB81502,A01_TCB815,1204,A01,Skylake HCC SKTP_1204
PROD CPU,TCB,Skylake LCC SKTP,KULIM5,A15_ACB00019,83,Skylake LCC SKTP,POST_LOT_TEST_PLAN,72_SKL_LCC_SP_TCB_DCP,A15_ACB00019,A15_TCB005,1204,A15,Skylake LCC SKTP_1204
PROD CPU,TCB,Skylake LCC SKTP,KULIM5,A15_ACB00020,83,Skylake LCC SKTP,POST_LOT_TEST_PLAN,72_SKL_LCC_SP_TCB_DCP,A15_ACB00020,A15_TCB005,1204,A15,Skylake LCC SKTP_1204
PROD CPU,TCB,Skylake LCC SKTP,KULIM5,A15_ACB00021,83,Skylake LCC SKTP,POST_LOT_TEST_PLAN,72_SKL_LCC_SP_TCB_DCP,A15_ACB00021,A15_TCB006,1204,A15,Skylake LCC SKTP_1204
PROD CPU,TCB,Skylake LCC SKTP,KULIM5,A15_ACB00022,83,Skylake LCC SKTP,POST_LOT_TEST_PLAN,72_SKL_LCC_SP_TCB_DCP,A15_ACB00022,A15_TCB006,1204,A15,Skylake LCC SKTP_1204
PROD CPU,TCB,Skylake ULT 2+3e K,"CHENGDU6;KULIM5;CHANDLER, ARIZONA;",A15_ACB00009,36,Skylake ULT 2+3e K,POST_LOT_TEST_PLAN,72_SKL_ULT23_MIXED_TCB_DCP,A15_ACB00009,A15_TCB003,1204,A15,Skylake ULT 2+3e K_1204
PROD CPU,TCB,Skylake ULT 2+3e K,"CHENGDU6;KULIM5;CHANDLER, ARIZONA;",A15_ACB00010,36,Skylake ULT 2+3e K,POST_LOT_TEST_PLAN,72_SKL_ULT23_MIXED_TCB_DCP,A15_ACB00010,A15_TCB003,1204,A15,Skylake ULT 2+3e K_1204
PROD CPU,TCB,Skylake ULT 2+3e K,"CHENGDU6;KULIM5;CHANDLER, ARIZONA;",A15_ACB00019,36,Skylake ULT 2+3e K,POST_LOT_TEST_PLAN,72_SKL_ULT23_MIXED_TCB_DCP,A15_ACB00019,A15_TCB005,1204,A15,Skylake ULT 2+3e K_1204
PROD CPU,TCB,Skylake ULT 2+3e K,"CHENGDU6;KULIM5;CHANDLER, ARIZONA;",A15_ACB00020,36,Skylake ULT 2+3e K,POST_LOT_TEST_PLAN,72_SKL_ULT23_MIXED_TCB_DCP,A15_ACB00020,A15_TCB005,1204,A15,Skylake ULT 2+3e K_1204
PROD CPU,TCB,TIGER LAKE H81 370UM,"KULIM5;CHANDLER, ARIZONA;",A15_ACB00009,18,TIGER LAKE H81 370UM,POST_LOT_TEST_PLAN,74_TGL_H81_TCB_DCP,A15_ACB00009,A15_TCB003,1204,A15,TIGER LAKE H81 370UM_1204
PROD CPU,TCB,TIGER LAKE H81 370UM,"KULIM5;CHANDLER, ARIZONA;",A15_ACB00010,18,TIGER LAKE H81 370UM,POST_LOT_TEST_PLAN,74_TGL_H81_TCB_DCP,A15_ACB00010,A15_TCB003,1204,A15,TIGER LAKE H81 370UM_1204
PROD CPU,TCB,TIGER LAKE H81 370UM,"KULIM5;CHANDLER, ARIZONA;",A15_ACB00019,18,TIGER LAKE H81 370UM,POST_LOT_TEST_PLAN,74_TGL_H81_TCB_DCP,A15_ACB00019,A15_TCB005,1204,A15,TIGER LAKE H81 370UM_1204
PROD CPU,TCB,TIGER LAKE H81 370UM,"KULIM5;CHANDLER, ARIZONA;",A15_ACB00020,18,TIGER LAKE H81 370UM,POST_LOT_TEST_PLAN,74_TGL_H81_TCB_DCP,A15_ACB00020,A15_TCB005,1204,A15,TIGER LAKE H81 370UM_1204
PROD CPU,TCB,TIGER LAKE H81 370UM,"KULIM5;CHANDLER, ARIZONA;",A15_ACB00021,18,TIGER LAKE H81 370UM,POST_LOT_TEST_PLAN,74_TGL_H81_TCB_DCP,A15_ACB00021,A15_TCB006,1204,A15,TIGER LAKE H81 370UM_1204
PROD CPU,TCB,TIGER LAKE H81 370UM,"KULIM5;CHANDLER, ARIZONA;",A15_ACB00022,18,TIGER LAKE H81 370UM,POST_LOT_TEST_PLAN,74_TGL_H81_TCB_DCP,A15_ACB00022,A15_TCB006,1204,A15,TIGER LAKE H81 370UM_1204
PROD CPU,TCB,TIGER LAKE H81 370UM 16UP,KULIM5,A15_ACB00019,75,TIGER LAKE H81 370UM 16UP,POST_LOT_TEST_PLAN,74_TGL_H81_TCB_DCP,A15_ACB00019,A15_TCB005,1204,A15,TIGER LAKE H81 370UM 16UP_1204
PROD CPU,TCB,TIGER LAKE H81 370UM 16UP,KULIM5,A15_ACB00020,75,TIGER LAKE H81 370UM 16UP,POST_LOT_TEST_PLAN,74_TGL_H81_TCB_DCP,A15_ACB00020,A15_TCB005,1204,A15,TIGER LAKE H81 370UM 16UP_1204
PROD CPU,TCB,TIGER LAKE H81 370UM 16UP,KULIM5,A15_ACB00021,75,TIGER LAKE H81 370UM 16UP,POST_LOT_TEST_PLAN,74_TGL_H81_TCB_DCP,A15_ACB00021,A15_TCB006,1204,A15,TIGER LAKE H81 370UM 16UP_1204
PROD CPU,TCB,TIGER LAKE H81 370UM 16UP,KULIM5,A15_ACB00022,75,TIGER LAKE H81 370UM 16UP,POST_LOT_TEST_PLAN,74_TGL_H81_TCB_DCP,A15_ACB00022,A15_TCB006,1204,A15,TIGER LAKE H81 370UM 16UP_1204
PROD CPU,TCB,TIGER LAKE U42 270UM,SAIGON,A90_AFB00021,140,TIGER LAKE U42 270UM,POST_LOT_TEST_PLAN,74_TGL_U42_FAST_TCB_DCP,A90_AFB00021,A90_TCB206,1204,A90,TIGER LAKE U42 270UM_1204
PROD CPU,TCB,TIGER LAKE U42 270UM,SAIGON,A90_AFB00022,140,TIGER LAKE U42 270UM,POST_LOT_TEST_PLAN,74_TGL_U42_FAST_TCB_DCP,A90_AFB00022,A90_TCB206,1204,A90,TIGER LAKE U42 270UM_1204
PROD CPU,TCB,TIGER LAKE U42 270UM,SAIGON,A90_AFB00023,140,TIGER LAKE U42 270UM,POST_LOT_TEST_PLAN,74_TGL_U42_FAST_TCB_DCP,A90_AFB00023,A90_TCB206,1204,A90,TIGER LAKE U42 270UM_1204
PROD CPU,TCB,TIGER LAKE U42 270UM,SAIGON,A90_AFB00024,140,TIGER LAKE U42 270UM,POST_LOT_TEST_PLAN,74_TGL_U42_FAST_TCB_DCP,A90_AFB00024,A90_TCB206,1204,A90,TIGER LAKE U42 270UM_1204
PROD CPU,TCB,TIGER LAKE U42 270UM,SAIGON,A90_AFB00025,140,TIGER LAKE U42 270UM,POST_LOT_TEST_PLAN,74_TGL_U42_FAST_TCB_DCP,A90_AFB00025,A90_TCB207,1204,A90,TIGER LAKE U42 270UM_1204
PROD CPU,TCB,TIGER LAKE U42 270UM,SAIGON,A90_AFB00026,140,TIGER LAKE U42 270UM,POST_LOT_TEST_PLAN,74_TGL_U42_FAST_TCB_DCP,A90_AFB00026,A90_TCB207,1204,A90,TIGER LAKE U42 270UM_1204
PROD CPU,TCB,TIGER LAKE U42 270UM,SAIGON,A90_AFB00027,140,TIGER LAKE U42 270UM,POST_LOT_TEST_PLAN,74_TGL_U42_FAST_TCB_DCP,A90_AFB00027,A90_TCB207,1204,A90,TIGER LAKE U42 270UM_1204
PROD CPU,TCB,TIGER LAKE U42 270UM,SAIGON,A90_AFB00028,140,TIGER LAKE U42 270UM,POST_LOT_TEST_PLAN,74_TGL_U42_FAST_TCB_DCP,A90_AFB00028,A90_TCB207,1204,A90,TIGER LAKE U42 270UM_1204
PROD CPU,TCB,TIGER LAKE U42 270UM,SAIGON,A90_AFB00029,140,TIGER LAKE U42 270UM,POST_LOT_TEST_PLAN,74_TGL_U42_FAST_TCB_DCP,A90_AFB00029,A90_TCB208,1204,A90,TIGER LAKE U42 270UM_1204
PROD CPU,TCB,TIGER LAKE U42 270UM,SAIGON,A90_AFB00030,140,TIGER LAKE U42 270UM,POST_LOT_TEST_PLAN,74_TGL_U42_FAST_TCB_DCP,A90_AFB00030,A90_TCB208,1204,A90,TIGER LAKE U42 270UM_1204
PROD CPU,TCB,TIGER LAKE U42 270UM,SAIGON,A90_AFB00031,140,TIGER LAKE U42 270UM,POST_LOT_TEST_PLAN,74_TGL_U42_FAST_TCB_DCP,A90_AFB00031,A90_TCB208,1204,A90,TIGER LAKE U42 270UM_1204
PROD CPU,TCB,TIGER LAKE U42 270UM,SAIGON,A90_AFB00032,140,TIGER LAKE U42 270UM,POST_LOT_TEST_PLAN,74_TGL_U42_FAST_TCB_DCP,A90_AFB00032,A90_TCB208,1204,A90,TIGER LAKE U42 270UM_1204
PROD CPU,TCB,TIGER LAKE U42 270UM,SAIGON,A90_AFB00033,140,TIGER LAKE U42 270UM,POST_LOT_TEST_PLAN,74_TGL_U42_FAST_TCB_DCP,A90_AFB00033,A90_TCB209,1204,A90,TIGER LAKE U42 270UM_1204
PROD CPU,TCB,TIGER LAKE U42 270UM,SAIGON,A90_AFB00034,140,TIGER LAKE U42 270UM,POST_LOT_TEST_PLAN,74_TGL_U42_FAST_TCB_DCP,A90_AFB00034,A90_TCB209,1204,A90,TIGER LAKE U42 270UM_1204
PROD CPU,TCB,TIGER LAKE U42 270UM,SAIGON,A90_AFB00035,140,TIGER LAKE U42 270UM,POST_LOT_TEST_PLAN,74_TGL_U42_FAST_TCB_DCP,A90_AFB00035,A90_TCB209,1204,A90,TIGER LAKE U42 270UM_1204
PROD CPU,TCB,TIGER LAKE U42 270UM,SAIGON,A90_AFB00036,140,TIGER LAKE U42 270UM,POST_LOT_TEST_PLAN,74_TGL_U42_FAST_TCB_DCP,A90_AFB00036,A90_TCB209,1204,A90,TIGER LAKE U42 270UM_1204
PROD CPU,TCB,TIGER LAKE U42 270UM,SAIGON,A90_AFB00037,140,TIGER LAKE U42 270UM,POST_LOT_TEST_PLAN,74_TGL_U42_FAST_TCB_DCP,A90_AFB00037,A90_TCB210,1204,A90,TIGER LAKE U42 270UM_1204
PROD CPU,TCB,TIGER LAKE U42 270UM,SAIGON,A90_AFB00038,140,TIGER LAKE U42 270UM,POST_LOT_TEST_PLAN,74_TGL_U42_FAST_TCB_DCP,A90_AFB00038,A90_TCB210,1204,A90,TIGER LAKE U42 270UM_1204
PROD CPU,TCB,TIGER LAKE U42 270UM,SAIGON,A90_AFB00039,140,TIGER LAKE U42 270UM,POST_LOT_TEST_PLAN,74_TGL_U42_FAST_TCB_DCP,A90_AFB00039,A90_TCB210,1204,A90,TIGER LAKE U42 270UM_1204
PROD CPU,TCB,TIGER LAKE U42 270UM,SAIGON,A90_AFB00040,140,TIGER LAKE U42 270UM,POST_LOT_TEST_PLAN,74_TGL_U42_FAST_TCB_DCP,A90_AFB00040,A90_TCB210,1204,A90,TIGER LAKE U42 270UM_1204
PROD CPU,TCB,TIGER LAKE U42 270UM,SAIGON,A90_AFB00069,140,TIGER LAKE U42 270UM,POST_LOT_TEST_PLAN,74_TGL_U42_FAST_TCB_DCP,A90_AFB00069,A90_TCB219,1204,A90,TIGER LAKE U42 270UM_1204
PROD CPU,TCB,TIGER LAKE U42 270UM,SAIGON,A90_AFB00070,140,TIGER LAKE U42 270UM,POST_LOT_TEST_PLAN,74_TGL_U42_FAST_TCB_DCP,A90_AFB00070,A90_TCB219,1204,A90,TIGER LAKE U42 270UM_1204
PROD CPU,TCB,TIGER LAKE U42 270UM,SAIGON,A90_AFB00071,140,TIGER LAKE U42 270UM,POST_LOT_TEST_PLAN,74_TGL_U42_FAST_TCB_DCP,A90_AFB00071,A90_TCB219,1204,A90,TIGER LAKE U42 270UM_1204
PROD CPU,TCB,TIGER LAKE U42 270UM,SAIGON,A90_AFB00072,140,TIGER LAKE U42 270UM,POST_LOT_TEST_PLAN,74_TGL_U42_FAST_TCB_DCP,A90_AFB00072,A90_TCB219,1204,A90,TIGER LAKE U42 270UM_1204
PROD CPU,TCB,TIGER LAKE U42 270UM,SAIGON,A90_AFB00081,140,TIGER LAKE U42 270UM,POST_LOT_TEST_PLAN,74_TGL_U42_FAST_TCB_DCP,A90_AFB00081,A90_TCB215,1204,A90,TIGER LAKE U42 270UM_1204
PROD CPU,TCB,TIGER LAKE U42 270UM,SAIGON,A90_AFB00082,140,TIGER LAKE U42 270UM,POST_LOT_TEST_PLAN,74_TGL_U42_FAST_TCB_DCP,A90_AFB00082,A90_TCB215,1204,A90,TIGER LAKE U42 270UM_1204
PROD CPU,TCB,TIGER LAKE U42 270UM,SAIGON,A90_AFB00093,140,TIGER LAKE U42 270UM,POST_LOT_TEST_PLAN,74_TGL_U42_FAST_TCB_DCP,A90_AFB00093,A90_TCB213,1204,A90,TIGER LAKE U42 270UM_1204
PROD CPU,TCB,TIGER LAKE U42 270UM,SAIGON,A90_AFB00094,140,TIGER LAKE U42 270UM,POST_LOT_TEST_PLAN,74_TGL_U42_FAST_TCB_DCP,A90_AFB00094,A90_TCB213,1204,A90,TIGER LAKE U42 270UM_1204
PROD CPU,TCB,TIGER LAKE U42 270UM,SAIGON,A90_AFB00095,140,TIGER LAKE U42 270UM,POST_LOT_TEST_PLAN,74_TGL_U42_FAST_TCB_DCP,A90_AFB00095,A90_TCB213,1204,A90,TIGER LAKE U42 270UM_1204
PROD CPU,TCB,TIGER LAKE U42 270UM,SAIGON,A90_AFB00096,140,TIGER LAKE U42 270UM,POST_LOT_TEST_PLAN,74_TGL_U42_FAST_TCB_DCP,A90_AFB00096,A90_TCB213,1204,A90,TIGER LAKE U42 270UM_1204
PROD CPU,TCB,TIGER LAKE U42 270UM,SAIGON,A90_AFB00097,140,TIGER LAKE U42 270UM,POST_LOT_TEST_PLAN,74_TGL_U42_FAST_TCB_DCP,A90_AFB00097,A90_TCB214,1204,A90,TIGER LAKE U42 270UM_1204
PROD CPU,TCB,TIGER LAKE U42 270UM,SAIGON,A90_AFB00098,140,TIGER LAKE U42 270UM,POST_LOT_TEST_PLAN,74_TGL_U42_FAST_TCB_DCP,A90_AFB00098,A90_TCB214,1204,A90,TIGER LAKE U42 270UM_1204
PROD CPU,TCB,TIGER LAKE U42 270UM,SAIGON,A90_AFB00099,140,TIGER LAKE U42 270UM,POST_LOT_TEST_PLAN,74_TGL_U42_FAST_TCB_DCP,A90_AFB00099,A90_TCB214,1204,A90,TIGER LAKE U42 270UM_1204
PROD CPU,TCB,TIGER LAKE U42 270UM,SAIGON,A90_AFB00100,140,TIGER LAKE U42 270UM,POST_LOT_TEST_PLAN,74_TGL_U42_FAST_TCB_DCP,A90_AFB00100,A90_TCB214,1204,A90,TIGER LAKE U42 270UM_1204
PROD CPU,TCB,TIGER LAKE U42 270UM,SAIGON,A90_AFB00114,140,TIGER LAKE U42 270UM,POST_LOT_TEST_PLAN,74_TGL_U42_FAST_TCB_DCP,A90_AFB00114,A90_TCB218,1204,A90,TIGER LAKE U42 270UM_1204
PROD CPU,TCB,TIGER LAKE U42 270UM,SAIGON,A90_AFB00115,140,TIGER LAKE U42 270UM,POST_LOT_TEST_PLAN,74_TGL_U42_FAST_TCB_DCP,A90_AFB00115,A90_TCB218,1204,A90,TIGER LAKE U42 270UM_1204
PROD CPU,TCB,TIGER LAKE U42 270UM,SAIGON,A90_AFB00116,140,TIGER LAKE U42 270UM,POST_LOT_TEST_PLAN,74_TGL_U42_FAST_TCB_DCP,A90_AFB00116,A90_TCB218,1204,A90,TIGER LAKE U42 270UM_1204
PROD CPU,TCB,TIGER LAKE U42 270UM,SAIGON,A90_AFB00117,140,TIGER LAKE U42 270UM,POST_LOT_TEST_PLAN,74_TGL_U42_FAST_TCB_DCP,A90_AFB00117,A90_TCB218,1204,A90,TIGER LAKE U42 270UM_1204
PROD CPU,TCB,TIGER LAKE U42 270UM,SAIGON,A90_AFB00118,140,TIGER LAKE U42 270UM,POST_LOT_TEST_PLAN,74_TGL_U42_FAST_TCB_DCP,A90_AFB00118,A90_TCB217,1204,A90,TIGER LAKE U42 270UM_1204
PROD CPU,TCB,TIGER LAKE U42 270UM,SAIGON,A90_AFB00119,140,TIGER LAKE U42 270UM,POST_LOT_TEST_PLAN,74_TGL_U42_FAST_TCB_DCP,A90_AFB00119,A90_TCB217,1204,A90,TIGER LAKE U42 270UM_1204
PROD CPU,TCB,TIGER LAKE U42 270UM,SAIGON,A90_AFB00120,140,TIGER LAKE U42 270UM,POST_LOT_TEST_PLAN,74_TGL_U42_FAST_TCB_DCP,A90_AFB00120,A90_TCB217,1204,A90,TIGER LAKE U42 270UM_1204
PROD CPU,TCB,TIGER LAKE U42 270UM,SAIGON,A90_AFB00121,140,TIGER LAKE U42 270UM,POST_LOT_TEST_PLAN,74_TGL_U42_FAST_TCB_DCP,A90_AFB00121,A90_TCB217,1204,A90,TIGER LAKE U42 270UM_1204
PROD CPU,TCB,TIGER LAKE U42 270UM IOTG,SAIGON,A90_AFB00021,54,TIGER LAKE U42 270UM IOTG,POST_LOT_TEST_PLAN,74_TGL_U42_FAST_TCB_DCP,A90_AFB00021,A90_TCB206,1204,A90,TIGER LAKE U42 270UM IOTG_1204
PROD CPU,TCB,TIGER LAKE U42 270UM IOTG,SAIGON,A90_AFB00022,54,TIGER LAKE U42 270UM IOTG,POST_LOT_TEST_PLAN,74_TGL_U42_FAST_TCB_DCP,A90_AFB00022,A90_TCB206,1204,A90,TIGER LAKE U42 270UM IOTG_1204
PROD CPU,TCB,TIGER LAKE U42 270UM IOTG,SAIGON,A90_AFB00023,54,TIGER LAKE U42 270UM IOTG,POST_LOT_TEST_PLAN,74_TGL_U42_FAST_TCB_DCP,A90_AFB00023,A90_TCB206,1204,A90,TIGER LAKE U42 270UM IOTG_1204
PROD CPU,TCB,TIGER LAKE U42 270UM IOTG,SAIGON,A90_AFB00024,54,TIGER LAKE U42 270UM IOTG,POST_LOT_TEST_PLAN,74_TGL_U42_FAST_TCB_DCP,A90_AFB00024,A90_TCB206,1204,A90,TIGER LAKE U42 270UM IOTG_1204
PROD CPU,TCB,TIGER LAKE U42 270UM IOTG,SAIGON,A90_AFB00025,54,TIGER LAKE U42 270UM IOTG,POST_LOT_TEST_PLAN,74_TGL_U42_FAST_TCB_DCP,A90_AFB00025,A90_TCB207,1204,A90,TIGER LAKE U42 270UM IOTG_1204
PROD CPU,TCB,TIGER LAKE U42 270UM IOTG,SAIGON,A90_AFB00026,54,TIGER LAKE U42 270UM IOTG,POST_LOT_TEST_PLAN,74_TGL_U42_FAST_TCB_DCP,A90_AFB00026,A90_TCB207,1204,A90,TIGER LAKE U42 270UM IOTG_1204
PROD CPU,TCB,TIGER LAKE U42 270UM IOTG,SAIGON,A90_AFB00027,54,TIGER LAKE U42 270UM IOTG,POST_LOT_TEST_PLAN,74_TGL_U42_FAST_TCB_DCP,A90_AFB00027,A90_TCB207,1204,A90,TIGER LAKE U42 270UM IOTG_1204
PROD CPU,TCB,TIGER LAKE U42 270UM IOTG,SAIGON,A90_AFB00028,54,TIGER LAKE U42 270UM IOTG,POST_LOT_TEST_PLAN,74_TGL_U42_FAST_TCB_DCP,A90_AFB00028,A90_TCB207,1204,A90,TIGER LAKE U42 270UM IOTG_1204
PROD CPU,TCB,TIGER LAKE U42 270UM IOTG,SAIGON,A90_AFB00029,54,TIGER LAKE U42 270UM IOTG,POST_LOT_TEST_PLAN,74_TGL_U42_FAST_TCB_DCP,A90_AFB00029,A90_TCB208,1204,A90,TIGER LAKE U42 270UM IOTG_1204
PROD CPU,TCB,TIGER LAKE U42 270UM IOTG,SAIGON,A90_AFB00030,54,TIGER LAKE U42 270UM IOTG,POST_LOT_TEST_PLAN,74_TGL_U42_FAST_TCB_DCP,A90_AFB00030,A90_TCB208,1204,A90,TIGER LAKE U42 270UM IOTG_1204
PROD CPU,TCB,TIGER LAKE U42 270UM IOTG,SAIGON,A90_AFB00031,54,TIGER LAKE U42 270UM IOTG,POST_LOT_TEST_PLAN,74_TGL_U42_FAST_TCB_DCP,A90_AFB00031,A90_TCB208,1204,A90,TIGER LAKE U42 270UM IOTG_1204
PROD CPU,TCB,TIGER LAKE U42 270UM IOTG,SAIGON,A90_AFB00032,54,TIGER LAKE U42 270UM IOTG,POST_LOT_TEST_PLAN,74_TGL_U42_FAST_TCB_DCP,A90_AFB00032,A90_TCB208,1204,A90,TIGER LAKE U42 270UM IOTG_1204
PROD CPU,TCB,TIGER LAKE U42 270UM IOTG,SAIGON,A90_AFB00033,54,TIGER LAKE U42 270UM IOTG,POST_LOT_TEST_PLAN,74_TGL_U42_FAST_TCB_DCP,A90_AFB00033,A90_TCB209,1204,A90,TIGER LAKE U42 270UM IOTG_1204
PROD CPU,TCB,TIGER LAKE U42 270UM IOTG,SAIGON,A90_AFB00034,54,TIGER LAKE U42 270UM IOTG,POST_LOT_TEST_PLAN,74_TGL_U42_FAST_TCB_DCP,A90_AFB00034,A90_TCB209,1204,A90,TIGER LAKE U42 270UM IOTG_1204
PROD CPU,TCB,TIGER LAKE U42 270UM IOTG,SAIGON,A90_AFB00035,54,TIGER LAKE U42 270UM IOTG,POST_LOT_TEST_PLAN,74_TGL_U42_FAST_TCB_DCP,A90_AFB00035,A90_TCB209,1204,A90,TIGER LAKE U42 270UM IOTG_1204
PROD CPU,TCB,TIGER LAKE U42 270UM IOTG,SAIGON,A90_AFB00036,54,TIGER LAKE U42 270UM IOTG,POST_LOT_TEST_PLAN,74_TGL_U42_FAST_TCB_DCP,A90_AFB00036,A90_TCB209,1204,A90,TIGER LAKE U42 270UM IOTG_1204
PROD CPU,TCB,TIGER LAKE U42 270UM IOTG,SAIGON,A90_AFB00037,54,TIGER LAKE U42 270UM IOTG,POST_LOT_TEST_PLAN,74_TGL_U42_FAST_TCB_DCP,A90_AFB00037,A90_TCB210,1204,A90,TIGER LAKE U42 270UM IOTG_1204
PROD CPU,TCB,TIGER LAKE U42 270UM IOTG,SAIGON,A90_AFB00038,54,TIGER LAKE U42 270UM IOTG,POST_LOT_TEST_PLAN,74_TGL_U42_FAST_TCB_DCP,A90_AFB00038,A90_TCB210,1204,A90,TIGER LAKE U42 270UM IOTG_1204
PROD CPU,TCB,TIGER LAKE U42 270UM IOTG,SAIGON,A90_AFB00039,54,TIGER LAKE U42 270UM IOTG,POST_LOT_TEST_PLAN,74_TGL_U42_FAST_TCB_DCP,A90_AFB00039,A90_TCB210,1204,A90,TIGER LAKE U42 270UM IOTG_1204
PROD CPU,TCB,TIGER LAKE U42 270UM IOTG,SAIGON,A90_AFB00040,54,TIGER LAKE U42 270UM IOTG,POST_LOT_TEST_PLAN,74_TGL_U42_FAST_TCB_DCP,A90_AFB00040,A90_TCB210,1204,A90,TIGER LAKE U42 270UM IOTG_1204
PROD CPU,TCB,TIGER LAKE U42 270UM IOTG,SAIGON,A90_AFB00069,54,TIGER LAKE U42 270UM IOTG,POST_LOT_TEST_PLAN,74_TGL_U42_FAST_TCB_DCP,A90_AFB00069,A90_TCB219,1204,A90,TIGER LAKE U42 270UM IOTG_1204
PROD CPU,TCB,TIGER LAKE U42 270UM IOTG,SAIGON,A90_AFB00070,54,TIGER LAKE U42 270UM IOTG,POST_LOT_TEST_PLAN,74_TGL_U42_FAST_TCB_DCP,A90_AFB00070,A90_TCB219,1204,A90,TIGER LAKE U42 270UM IOTG_1204
PROD CPU,TCB,TIGER LAKE U42 270UM IOTG,SAIGON,A90_AFB00071,54,TIGER LAKE U42 270UM IOTG,POST_LOT_TEST_PLAN,74_TGL_U42_FAST_TCB_DCP,A90_AFB00071,A90_TCB219,1204,A90,TIGER LAKE U42 270UM IOTG_1204
PROD CPU,TCB,TIGER LAKE U42 270UM IOTG,SAIGON,A90_AFB00072,54,TIGER LAKE U42 270UM IOTG,POST_LOT_TEST_PLAN,74_TGL_U42_FAST_TCB_DCP,A90_AFB00072,A90_TCB219,1204,A90,TIGER LAKE U42 270UM IOTG_1204
PROD CPU,TCB,TIGER LAKE U42 270UM IOTG,SAIGON,A90_AFB00081,54,TIGER LAKE U42 270UM IOTG,POST_LOT_TEST_PLAN,74_TGL_U42_FAST_TCB_DCP,A90_AFB00081,A90_TCB215,1204,A90,TIGER LAKE U42 270UM IOTG_1204
PROD CPU,TCB,TIGER LAKE U42 270UM IOTG,SAIGON,A90_AFB00082,54,TIGER LAKE U42 270UM IOTG,POST_LOT_TEST_PLAN,74_TGL_U42_FAST_TCB_DCP,A90_AFB00082,A90_TCB215,1204,A90,TIGER LAKE U42 270UM IOTG_1204
PROD CPU,TCB,TIGER LAKE U42 270UM IOTG,SAIGON,A90_AFB00093,54,TIGER LAKE U42 270UM IOTG,POST_LOT_TEST_PLAN,74_TGL_U42_FAST_TCB_DCP,A90_AFB00093,A90_TCB213,1204,A90,TIGER LAKE U42 270UM IOTG_1204
PROD CPU,TCB,TIGER LAKE U42 270UM IOTG,SAIGON,A90_AFB00094,54,TIGER LAKE U42 270UM IOTG,POST_LOT_TEST_PLAN,74_TGL_U42_FAST_TCB_DCP,A90_AFB00094,A90_TCB213,1204,A90,TIGER LAKE U42 270UM IOTG_1204
PROD CPU,TCB,TIGER LAKE U42 270UM IOTG,SAIGON,A90_AFB00095,54,TIGER LAKE U42 270UM IOTG,POST_LOT_TEST_PLAN,74_TGL_U42_FAST_TCB_DCP,A90_AFB00095,A90_TCB213,1204,A90,TIGER LAKE U42 270UM IOTG_1204
PROD CPU,TCB,TIGER LAKE U42 270UM IOTG,SAIGON,A90_AFB00096,54,TIGER LAKE U42 270UM IOTG,POST_LOT_TEST_PLAN,74_TGL_U42_FAST_TCB_DCP,A90_AFB00096,A90_TCB213,1204,A90,TIGER LAKE U42 270UM IOTG_1204
PROD CPU,TCB,TIGER LAKE U42 270UM IOTG,SAIGON,A90_AFB00097,54,TIGER LAKE U42 270UM IOTG,POST_LOT_TEST_PLAN,74_TGL_U42_FAST_TCB_DCP,A90_AFB00097,A90_TCB214,1204,A90,TIGER LAKE U42 270UM IOTG_1204
PROD CPU,TCB,TIGER LAKE U42 270UM IOTG,SAIGON,A90_AFB00098,54,TIGER LAKE U42 270UM IOTG,POST_LOT_TEST_PLAN,74_TGL_U42_FAST_TCB_DCP,A90_AFB00098,A90_TCB214,1204,A90,TIGER LAKE U42 270UM IOTG_1204
PROD CPU,TCB,TIGER LAKE U42 270UM IOTG,SAIGON,A90_AFB00099,54,TIGER LAKE U42 270UM IOTG,POST_LOT_TEST_PLAN,74_TGL_U42_FAST_TCB_DCP,A90_AFB00099,A90_TCB214,1204,A90,TIGER LAKE U42 270UM IOTG_1204
PROD CPU,TCB,TIGER LAKE U42 270UM IOTG,SAIGON,A90_AFB00100,54,TIGER LAKE U42 270UM IOTG,POST_LOT_TEST_PLAN,74_TGL_U42_FAST_TCB_DCP,A90_AFB00100,A90_TCB214,1204,A90,TIGER LAKE U42 270UM IOTG_1204
PROD CPU,TCB,TIGER LAKE U42 270UM IOTG,SAIGON,A90_AFB00114,54,TIGER LAKE U42 270UM IOTG,POST_LOT_TEST_PLAN,74_TGL_U42_FAST_TCB_DCP,A90_AFB00114,A90_TCB218,1204,A90,TIGER LAKE U42 270UM IOTG_1204
PROD CPU,TCB,TIGER LAKE U42 270UM IOTG,SAIGON,A90_AFB00115,54,TIGER LAKE U42 270UM IOTG,POST_LOT_TEST_PLAN,74_TGL_U42_FAST_TCB_DCP,A90_AFB00115,A90_TCB218,1204,A90,TIGER LAKE U42 270UM IOTG_1204
PROD CPU,TCB,TIGER LAKE U42 270UM IOTG,SAIGON,A90_AFB00116,54,TIGER LAKE U42 270UM IOTG,POST_LOT_TEST_PLAN,74_TGL_U42_FAST_TCB_DCP,A90_AFB00116,A90_TCB218,1204,A90,TIGER LAKE U42 270UM IOTG_1204
PROD CPU,TCB,TIGER LAKE U42 270UM IOTG,SAIGON,A90_AFB00117,54,TIGER LAKE U42 270UM IOTG,POST_LOT_TEST_PLAN,74_TGL_U42_FAST_TCB_DCP,A90_AFB00117,A90_TCB218,1204,A90,TIGER LAKE U42 270UM IOTG_1204
PROD CPU,TCB,TIGER LAKE U42 270UM IOTG,SAIGON,A90_AFB00118,54,TIGER LAKE U42 270UM IOTG,POST_LOT_TEST_PLAN,74_TGL_U42_FAST_TCB_DCP,A90_AFB00118,A90_TCB217,1204,A90,TIGER LAKE U42 270UM IOTG_1204
PROD CPU,TCB,TIGER LAKE U42 270UM IOTG,SAIGON,A90_AFB00119,54,TIGER LAKE U42 270UM IOTG,POST_LOT_TEST_PLAN,74_TGL_U42_FAST_TCB_DCP,A90_AFB00119,A90_TCB217,1204,A90,TIGER LAKE U42 270UM IOTG_1204
PROD CPU,TCB,TIGER LAKE U42 270UM IOTG,SAIGON,A90_AFB00120,54,TIGER LAKE U42 270UM IOTG,POST_LOT_TEST_PLAN,74_TGL_U42_FAST_TCB_DCP,A90_AFB00120,A90_TCB217,1204,A90,TIGER LAKE U42 270UM IOTG_1204
PROD CPU,TCB,TIGER LAKE U42 270UM IOTG,SAIGON,A90_AFB00121,54,TIGER LAKE U42 270UM IOTG,POST_LOT_TEST_PLAN,74_TGL_U42_FAST_TCB_DCP,A90_AFB00121,A90_TCB217,1204,A90,TIGER LAKE U42 270UM IOTG_1204
PROD CPU,TCB,TIGER LAKE Y 270UM,SAIGON,A90_AFB00037,76,TIGER LAKE Y 270UM,POST_LOT_TEST_PLAN,74_TGL_Y42_FAST_TCB_DCP,A90_AFB00037,A90_TCB210,1204,A90,TIGER LAKE Y 270UM_1204
PROD CPU,TCB,TIGER LAKE Y 270UM,SAIGON,A90_AFB00038,76,TIGER LAKE Y 270UM,POST_LOT_TEST_PLAN,74_TGL_Y42_FAST_TCB_DCP,A90_AFB00038,A90_TCB210,1204,A90,TIGER LAKE Y 270UM_1204
PROD CPU,TCB,TIGER LAKE Y 270UM,SAIGON,A90_AFB00039,76,TIGER LAKE Y 270UM,POST_LOT_TEST_PLAN,74_TGL_Y42_FAST_TCB_DCP,A90_AFB00039,A90_TCB210,1204,A90,TIGER LAKE Y 270UM_1204
PROD CPU,TCB,TIGER LAKE Y 270UM,SAIGON,A90_AFB00040,76,TIGER LAKE Y 270UM,POST_LOT_TEST_PLAN,74_TGL_Y42_FAST_TCB_DCP,A90_AFB00040,A90_TCB210,1204,A90,TIGER LAKE Y 270UM_1204
PROD CPU,TCB,TIGER LAKE Y 270UM,SAIGON,A90_AFB00081,76,TIGER LAKE Y 270UM,POST_LOT_TEST_PLAN,74_TGL_Y42_FAST_TCB_DCP,A90_AFB00081,A90_TCB215,1204,A90,TIGER LAKE Y 270UM_1204
PROD CPU,TCB,TIGER LAKE Y 270UM,SAIGON,A90_AFB00082,76,TIGER LAKE Y 270UM,POST_LOT_TEST_PLAN,74_TGL_Y42_FAST_TCB_DCP,A90_AFB00082,A90_TCB215,1204,A90,TIGER LAKE Y 270UM_1204
PROD CPU,TCB,TIGER LAKE Y 270UM,SAIGON,A90_AFB00114,76,TIGER LAKE Y 270UM,POST_LOT_TEST_PLAN,74_TGL_Y42_FAST_TCB_DCP,A90_AFB00114,A90_TCB218,1204,A90,TIGER LAKE Y 270UM_1204
PROD CPU,TCB,TIGER LAKE Y 270UM,SAIGON,A90_AFB00115,76,TIGER LAKE Y 270UM,POST_LOT_TEST_PLAN,74_TGL_Y42_FAST_TCB_DCP,A90_AFB00115,A90_TCB218,1204,A90,TIGER LAKE Y 270UM_1204
PROD CPU,TCB,TIGER LAKE Y 270UM,SAIGON,A90_AFB00116,76,TIGER LAKE Y 270UM,POST_LOT_TEST_PLAN,74_TGL_Y42_FAST_TCB_DCP,A90_AFB00116,A90_TCB218,1204,A90,TIGER LAKE Y 270UM_1204
PROD CPU,TCB,TIGER LAKE Y 270UM,SAIGON,A90_AFB00117,76,TIGER LAKE Y 270UM,POST_LOT_TEST_PLAN,74_TGL_Y42_FAST_TCB_DCP,A90_AFB00117,A90_TCB218,1204,A90,TIGER LAKE Y 270UM_1204
PROD CPU,TCB,TIGER LAKE Y 270UM,SAIGON,A90_AFB00122,76,TIGER LAKE Y 270UM,POST_LOT_TEST_PLAN,74_TGL_Y42_FAST_TCB_DCP,A90_AFB00122,A90_TCB216,1204,A90,TIGER LAKE Y 270UM_1204
PROD CPU,TCB,TIGER LAKE Y 270UM,SAIGON,A90_AFB00123,76,TIGER LAKE Y 270UM,POST_LOT_TEST_PLAN,74_TGL_Y42_FAST_TCB_DCP,A90_AFB00123,A90_TCB216,1204,A90,TIGER LAKE Y 270UM_1204
PROD CPU,TCB,TIGER LAKE Y 270UM,SAIGON,A90_AFB00124,76,TIGER LAKE Y 270UM,POST_LOT_TEST_PLAN,74_TGL_Y42_FAST_TCB_DCP,A90_AFB00124,A90_TCB216,1204,A90,TIGER LAKE Y 270UM_1204
PROD CPU,TCB,TIGER LAKE Y 270UM,SAIGON,A90_AFB00125,76,TIGER LAKE Y 270UM,POST_LOT_TEST_PLAN,74_TGL_Y42_FAST_TCB_DCP,A90_AFB00125,A90_TCB216,1204,A90,TIGER LAKE Y 270UM_1204
PROD CPU,TCB,Tarpon Creek A0,SAIGON,A90_AFB00005,16,Tarpon Creek A0,POST_LOT_TEST_PLAN,74_TRK_FAST_TCB_DCP,A90_AFB00005,A90_TCB202,1204,A90,Tarpon Creek A0_1204
PROD CPU,TCB,Tarpon Creek A0,SAIGON,A90_AFB00006,16,Tarpon Creek A0,POST_LOT_TEST_PLAN,74_TRK_FAST_TCB_DCP,A90_AFB00006,A90_TCB202,1204,A90,Tarpon Creek A0_1204
PROD CPU,TCB,Tarpon Creek A0,SAIGON,A90_AFB00007,16,Tarpon Creek A0,POST_LOT_TEST_PLAN,74_TRK_FAST_TCB_DCP,A90_AFB00007,A90_TCB202,1204,A90,Tarpon Creek A0_1204
PROD CPU,TCB,Tarpon Creek A0,SAIGON,A90_AFB00008,16,Tarpon Creek A0,POST_LOT_TEST_PLAN,74_TRK_FAST_TCB_DCP,A90_AFB00008,A90_TCB202,1204,A90,Tarpon Creek A0_1204
PROD CPU,TCB,Tarpon Creek A0,SAIGON,A90_AFB00029,16,Tarpon Creek A0,POST_LOT_TEST_PLAN,74_TRK_FAST_TCB_DCP,A90_AFB00029,A90_TCB208,1204,A90,Tarpon Creek A0_1204
PROD CPU,TCB,Tarpon Creek A0,SAIGON,A90_AFB00030,16,Tarpon Creek A0,POST_LOT_TEST_PLAN,74_TRK_FAST_TCB_DCP,A90_AFB00030,A90_TCB208,1204,A90,Tarpon Creek A0_1204
PROD CPU,TCB,Tarpon Creek A0,SAIGON,A90_AFB00031,16,Tarpon Creek A0,POST_LOT_TEST_PLAN,74_TRK_FAST_TCB_DCP,A90_AFB00031,A90_TCB208,1204,A90,Tarpon Creek A0_1204
PROD CPU,TCB,Tarpon Creek A0,SAIGON,A90_AFB00032,16,Tarpon Creek A0,POST_LOT_TEST_PLAN,74_TRK_FAST_TCB_DCP,A90_AFB00032,A90_TCB208,1204,A90,Tarpon Creek A0_1204
PROD CPU,TCB,Top Rock,CHENGDU6,A48_AFB70013,37,Top Rock,POST_LOT_TEST_PLAN,FOUNDRY_TR_TCB_DCP,A48_AFB70013,A48_TCB712,1204,A48,Top Rock_1204
PROD CPU,TCB,Top Rock,CHENGDU6,A48_AFB70014,37,Top Rock,POST_LOT_TEST_PLAN,FOUNDRY_TR_TCB_DCP,A48_AFB70014,A48_TCB712,1204,A48,Top Rock_1204
PROD CPU,TCB,Top Rock,CHENGDU6,A48_AFB70015,37,Top Rock,POST_LOT_TEST_PLAN,FOUNDRY_TR_TCB_DCP,A48_AFB70015,A48_TCB712,1204,A48,Top Rock_1204
PROD CPU,TCB,Top Rock,CHENGDU6,A48_AFB70016,37,Top Rock,POST_LOT_TEST_PLAN,FOUNDRY_TR_TCB_DCP,A48_AFB70016,A48_TCB712,1204,A48,Top Rock_1204
PROD CPU,TCB,Top Rock,CHENGDU6,A48_AFB70017,37,Top Rock,POST_LOT_TEST_PLAN,FOUNDRY_TR_TCB_DCP,A48_AFB70017,A48_TCB713,1204,A48,Top Rock_1204
PROD CPU,TCB,Top Rock,CHENGDU6,A48_AFB70018,37,Top Rock,POST_LOT_TEST_PLAN,FOUNDRY_TR_TCB_DCP,A48_AFB70018,A48_TCB713,1204,A48,Top Rock_1204
PROD CPU,TCB,Top Rock,CHENGDU6,A48_AFB70019,37,Top Rock,POST_LOT_TEST_PLAN,FOUNDRY_TR_TCB_DCP,A48_AFB70019,A48_TCB713,1204,A48,Top Rock_1204
PROD CPU,TCB,Top Rock,CHENGDU6,A48_AFB70020,37,Top Rock,POST_LOT_TEST_PLAN,FOUNDRY_TR_TCB_DCP,A48_AFB70020,A48_TCB713,1204,A48,Top Rock_1204
PROD CPU,TCB,Trout Creek A0,SAIGON,A90_AFB00005,62,Trout Creek A0,POST_LOT_TEST_PLAN,74_TRC_FAST_TCB_DCP,A90_AFB00005,A90_TCB202,1204,A90,Trout Creek A0_1204
PROD CPU,TCB,Trout Creek A0,SAIGON,A90_AFB00006,62,Trout Creek A0,POST_LOT_TEST_PLAN,74_TRC_FAST_TCB_DCP,A90_AFB00006,A90_TCB202,1204,A90,Trout Creek A0_1204
PROD CPU,TCB,Trout Creek A0,SAIGON,A90_AFB00007,62,Trout Creek A0,POST_LOT_TEST_PLAN,74_TRC_FAST_TCB_DCP,A90_AFB00007,A90_TCB202,1204,A90,Trout Creek A0_1204
PROD CPU,TCB,Trout Creek A0,SAIGON,A90_AFB00008,62,Trout Creek A0,POST_LOT_TEST_PLAN,74_TRC_FAST_TCB_DCP,A90_AFB00008,A90_TCB202,1204,A90,Trout Creek A0_1204
PROD CPU,TCB,Trout Creek A0,SAIGON,A90_AFB00029,62,Trout Creek A0,POST_LOT_TEST_PLAN,74_TRC_FAST_TCB_DCP,A90_AFB00029,A90_TCB208,1204,A90,Trout Creek A0_1204
PROD CPU,TCB,Trout Creek A0,SAIGON,A90_AFB00030,62,Trout Creek A0,POST_LOT_TEST_PLAN,74_TRC_FAST_TCB_DCP,A90_AFB00030,A90_TCB208,1204,A90,Trout Creek A0_1204
PROD CPU,TCB,Trout Creek A0,SAIGON,A90_AFB00031,62,Trout Creek A0,POST_LOT_TEST_PLAN,74_TRC_FAST_TCB_DCP,A90_AFB00031,A90_TCB208,1204,A90,Trout Creek A0_1204
PROD CPU,TCB,Trout Creek A0,SAIGON,A90_AFB00032,62,Trout Creek A0,POST_LOT_TEST_PLAN,74_TRC_FAST_TCB_DCP,A90_AFB00032,A90_TCB208,1204,A90,Trout Creek A0_1204
PROD CPU,TCB,Trout Creek A0,SAIGON,A90_AFB00081,62,Trout Creek A0,POST_LOT_TEST_PLAN,74_TRC_FAST_TCB_DCP,A90_AFB00081,A90_TCB215,1204,A90,Trout Creek A0_1204
PROD CPU,TCB,Trout Creek A0,SAIGON,A90_AFB00082,62,Trout Creek A0,POST_LOT_TEST_PLAN,74_TRC_FAST_TCB_DCP,A90_AFB00082,A90_TCB215,1204,A90,Trout Creek A0_1204
PROD CPU,TCB,WILLOW POND,KULIM5,A15_TCK50101,46,WILLOW POND,POST_LOT_TEST_PLAN,76_WLW_TSX_DCP,A15_TCK50101,A15_TSX501,1204,A15,WILLOW POND_1204
PROD CPU,TCB,WILLOW POND,KULIM5,A15_TCK50501,46,WILLOW POND,POST_LOT_TEST_PLAN,76_WLW_TSX_DCP,A15_TCK50501,A15_TSX505,1204,A15,WILLOW POND_1204
PROD CPU,TCB,WILLOW POND,KULIM5,A15_TCK50601,46,WILLOW POND,POST_LOT_TEST_PLAN,76_WLW_TSX_DCP,A15_TCK50601,A15_TSX506,1204,A15,WILLOW POND_1204
PROD CPU,TCB,Whiskeylake U42,SAIGON,A90_AFB00045,90,Whiskeylake U42,POST_LOT_TEST_PLAN,72_WHL_U42_MIXED_TCB_DCP,A90_AFB00045,A90_TCB220,1204,A90,Whiskeylake U42_1204
PROD CPU,TCB,Whiskeylake U42,SAIGON,A90_AFB00046,90,Whiskeylake U42,POST_LOT_TEST_PLAN,72_WHL_U42_MIXED_TCB_DCP,A90_AFB00046,A90_TCB220,1204,A90,Whiskeylake U42_1204
PROD CPU,TCB,Whiskeylake U42,SAIGON,A90_AFB00047,90,Whiskeylake U42,POST_LOT_TEST_PLAN,72_WHL_U42_MIXED_TCB_DCP,A90_AFB00047,A90_TCB220,1204,A90,Whiskeylake U42_1204
PROD CPU,TCB,Whiskeylake U42,SAIGON,A90_AFB00048,90,Whiskeylake U42,POST_LOT_TEST_PLAN,72_WHL_U42_MIXED_TCB_DCP,A90_AFB00048,A90_TCB220,1204,A90,Whiskeylake U42_1204
PROD CPU,TCB,Whiskeylake U42,SAIGON,A90_AFB00069,90,Whiskeylake U42,POST_LOT_TEST_PLAN,72_WHL_U42_MIXED_TCB_DCP,A90_AFB00069,A90_TCB219,1204,A90,Whiskeylake U42_1204
PROD CPU,TCB,Whiskeylake U42,SAIGON,A90_AFB00070,90,Whiskeylake U42,POST_LOT_TEST_PLAN,72_WHL_U42_MIXED_TCB_DCP,A90_AFB00070,A90_TCB219,1204,A90,Whiskeylake U42_1204
PROD CPU,TCB,Whiskeylake U42,SAIGON,A90_AFB00071,90,Whiskeylake U42,POST_LOT_TEST_PLAN,72_WHL_U42_MIXED_TCB_DCP,A90_AFB00071,A90_TCB219,1204,A90,Whiskeylake U42_1204
PROD CPU,TCB,Whiskeylake U42,SAIGON,A90_AFB00072,90,Whiskeylake U42,POST_LOT_TEST_PLAN,72_WHL_U42_MIXED_TCB_DCP,A90_AFB00072,A90_TCB219,1204,A90,Whiskeylake U42_1204
PROD CPU,TCB,Whiskeylake U42,SAIGON,A90_AFB00081,90,Whiskeylake U42,POST_LOT_TEST_PLAN,72_WHL_U42_MIXED_TCB_DCP,A90_AFB00081,A90_TCB215,1204,A90,Whiskeylake U42_1204
PROD CPU,TCB,Whiskeylake U42,SAIGON,A90_AFB00082,90,Whiskeylake U42,POST_LOT_TEST_PLAN,72_WHL_U42_MIXED_TCB_DCP,A90_AFB00082,A90_TCB215,1204,A90,Whiskeylake U42_1204
PROD CPU,TCB,Whiskeylake U42,SAIGON,A90_AFB00118,90,Whiskeylake U42,POST_LOT_TEST_PLAN,72_WHL_U42_MIXED_TCB_DCP,A90_AFB00118,A90_TCB217,1204,A90,Whiskeylake U42_1204
PROD CPU,TCB,Whiskeylake U42,SAIGON,A90_AFB00119,90,Whiskeylake U42,POST_LOT_TEST_PLAN,72_WHL_U42_MIXED_TCB_DCP,A90_AFB00119,A90_TCB217,1204,A90,Whiskeylake U42_1204
PROD CPU,TCB,Whiskeylake U42,SAIGON,A90_AFB00120,90,Whiskeylake U42,POST_LOT_TEST_PLAN,72_WHL_U42_MIXED_TCB_DCP,A90_AFB00120,A90_TCB217,1204,A90,Whiskeylake U42_1204
PROD CPU,TCB,Whiskeylake U42,SAIGON,A90_AFB00121,90,Whiskeylake U42,POST_LOT_TEST_PLAN,72_WHL_U42_MIXED_TCB_DCP,A90_AFB00121,A90_TCB217,1204,A90,Whiskeylake U42_1204
PROD CPU,TCB,WildCatLake,CHENGDU6,A48_ACB70025,35,WildCatLake,POST_LOT_TEST_PLAN,78_WCL_FAST_TCB_DCP,A48_ACB70025,A48_TCB707,1204,A48,WildCatLake_1204
PROD CPU,TCB,WildCatLake,CHENGDU6,A48_ACB70026,35,WildCatLake,POST_LOT_TEST_PLAN,78_WCL_FAST_TCB_DCP,A48_ACB70026,A48_TCB707,1204,A48,WildCatLake_1204
PROD CPU,TCB,WildCatLake,CHENGDU6,A48_ACB70027,35,WildCatLake,POST_LOT_TEST_PLAN,78_WCL_FAST_TCB_DCP,A48_ACB70027,A48_TCB707,1204,A48,WildCatLake_1204
PROD CPU,TCB,WildCatLake,CHENGDU6,A48_ACB70028,35,WildCatLake,POST_LOT_TEST_PLAN,78_WCL_FAST_TCB_DCP,A48_ACB70028,A48_TCB707,1204,A48,WildCatLake_1204
PROD CPU,TCB,WildCatLake,CHENGDU6,A48_AFB70001,34,WildCatLake,POST_LOT_TEST_PLAN,78_WCL_FAST_TCB_DCP,A48_AFB70001,A48_TCB710,1204,A48,WildCatLake_1204
PROD CPU,TCB,WildCatLake,CHENGDU6,A48_AFB70002,34,WildCatLake,POST_LOT_TEST_PLAN,78_WCL_FAST_TCB_DCP,A48_AFB70002,A48_TCB710,1204,A48,WildCatLake_1204
PROD CPU,TCB,WildCatLake,CHENGDU6,A48_AFB70003,34,WildCatLake,POST_LOT_TEST_PLAN,78_WCL_FAST_TCB_DCP,A48_AFB70003,A48_TCB710,1204,A48,WildCatLake_1204
PROD CPU,TCB,WildCatLake,CHENGDU6,A48_AFB70004,34,WildCatLake,POST_LOT_TEST_PLAN,78_WCL_FAST_TCB_DCP,A48_AFB70004,A48_TCB710,1204,A48,WildCatLake_1204
PROD CPU,TCB,WildCatLake,CHENGDU6,A48_AFB70013,34,WildCatLake,POST_LOT_TEST_PLAN,78_WCL_FAST_TCB_DCP,A48_AFB70013,A48_TCB712,1204,A48,WildCatLake_1204
PROD CPU,TCB,WildCatLake,CHENGDU6,A48_AFB70014,34,WildCatLake,POST_LOT_TEST_PLAN,78_WCL_FAST_TCB_DCP,A48_AFB70014,A48_TCB712,1204,A48,WildCatLake_1204
PROD CPU,TCB,WildCatLake,CHENGDU6,A48_AFB70015,34,WildCatLake,POST_LOT_TEST_PLAN,78_WCL_FAST_TCB_DCP,A48_AFB70015,A48_TCB712,1204,A48,WildCatLake_1204
PROD CPU,TCB,WildCatLake,CHENGDU6,A48_AFB70016,34,WildCatLake,POST_LOT_TEST_PLAN,78_WCL_FAST_TCB_DCP,A48_AFB70016,A48_TCB712,1204,A48,WildCatLake_1204
PROD CPU,TCB,WildCatLake,SAIGON,A90_AFB00001,33,WildCatLake,POST_LOT_TEST_PLAN,78_WCL_FAST_TCB_DCP,A90_AFB00001,A90_TCB201,1204,A90,WildCatLake_1204
PROD CPU,TCB,WildCatLake,SAIGON,A90_AFB00002,33,WildCatLake,POST_LOT_TEST_PLAN,78_WCL_FAST_TCB_DCP,A90_AFB00002,A90_TCB201,1204,A90,WildCatLake_1204
PROD CPU,TCB,WildCatLake,SAIGON,A90_AFB00003,33,WildCatLake,POST_LOT_TEST_PLAN,78_WCL_FAST_TCB_DCP,A90_AFB00003,A90_TCB201,1204,A90,WildCatLake_1204
PROD CPU,TCB,WildCatLake,SAIGON,A90_AFB00004,33,WildCatLake,POST_LOT_TEST_PLAN,78_WCL_FAST_TCB_DCP,A90_AFB00004,A90_TCB201,1204,A90,WildCatLake_1204
PROD CPU,TCB,WildCatLake,SAIGON,A90_AFB00005,33,WildCatLake,POST_LOT_TEST_PLAN,78_WCL_FAST_TCB_DCP,A90_AFB00005,A90_TCB202,1204,A90,WildCatLake_1204
PROD CPU,TCB,WildCatLake,SAIGON,A90_AFB00006,33,WildCatLake,POST_LOT_TEST_PLAN,78_WCL_FAST_TCB_DCP,A90_AFB00006,A90_TCB202,1204,A90,WildCatLake_1204
PROD CPU,TCB,WildCatLake,SAIGON,A90_AFB00007,33,WildCatLake,POST_LOT_TEST_PLAN,78_WCL_FAST_TCB_DCP,A90_AFB00007,A90_TCB202,1204,A90,WildCatLake_1204
PROD CPU,TCB,WildCatLake,SAIGON,A90_AFB00008,33,WildCatLake,POST_LOT_TEST_PLAN,78_WCL_FAST_TCB_DCP,A90_AFB00008,A90_TCB202,1204,A90,WildCatLake_1204
PROD CPU,TCB,WildCatLake,SAIGON,A90_AFB00025,33,WildCatLake,POST_LOT_TEST_PLAN,78_WCL_FAST_TCB_DCP,A90_AFB00025,A90_TCB207,1204,A90,WildCatLake_1204
PROD CPU,TCB,WildCatLake,SAIGON,A90_AFB00026,33,WildCatLake,POST_LOT_TEST_PLAN,78_WCL_FAST_TCB_DCP,A90_AFB00026,A90_TCB207,1204,A90,WildCatLake_1204
PROD CPU,TCB,WildCatLake,SAIGON,A90_AFB00027,33,WildCatLake,POST_LOT_TEST_PLAN,78_WCL_FAST_TCB_DCP,A90_AFB00027,A90_TCB207,1204,A90,WildCatLake_1204
PROD CPU,TCB,WildCatLake,SAIGON,A90_AFB00028,33,WildCatLake,POST_LOT_TEST_PLAN,78_WCL_FAST_TCB_DCP,A90_AFB00028,A90_TCB207,1204,A90,WildCatLake_1204
PROD CPU,TCB,WildCatLake,SAIGON,A90_AFB00045,33,WildCatLake,POST_LOT_TEST_PLAN,78_WCL_FAST_TCB_DCP,A90_AFB00045,A90_TCB220,1204,A90,WildCatLake_1204
PROD CPU,TCB,WildCatLake,SAIGON,A90_AFB00046,33,WildCatLake,POST_LOT_TEST_PLAN,78_WCL_FAST_TCB_DCP,A90_AFB00046,A90_TCB220,1204,A90,WildCatLake_1204
PROD CPU,TCB,WildCatLake,SAIGON,A90_AFB00047,33,WildCatLake,POST_LOT_TEST_PLAN,78_WCL_FAST_TCB_DCP,A90_AFB00047,A90_TCB220,1204,A90,WildCatLake_1204
PROD CPU,TCB,WildCatLake,SAIGON,A90_AFB00048,33,WildCatLake,POST_LOT_TEST_PLAN,78_WCL_FAST_TCB_DCP,A90_AFB00048,A90_TCB220,1204,A90,WildCatLake_1204
PROD CPU,TCB,WildCatLake,SAIGON,A90_AFB00069,33,WildCatLake,POST_LOT_TEST_PLAN,78_WCL_FAST_TCB_DCP,A90_AFB00069,A90_TCB219,1204,A90,WildCatLake_1204
PROD CPU,TCB,WildCatLake,SAIGON,A90_AFB00070,33,WildCatLake,POST_LOT_TEST_PLAN,78_WCL_FAST_TCB_DCP,A90_AFB00070,A90_TCB219,1204,A90,WildCatLake_1204
PROD CPU,TCB,WildCatLake,SAIGON,A90_AFB00071,33,WildCatLake,POST_LOT_TEST_PLAN,78_WCL_FAST_TCB_DCP,A90_AFB00071,A90_TCB219,1204,A90,WildCatLake_1204
PROD CPU,TCB,WildCatLake,SAIGON,A90_AFB00072,33,WildCatLake,POST_LOT_TEST_PLAN,78_WCL_FAST_TCB_DCP,A90_AFB00072,A90_TCB219,1204,A90,WildCatLake_1204
