lot,operation,visual_id,test_end_date,tester_id,prodgroup3,bincode
7626F391,2090,76PN852700018,2026-06-30 04:42:26,OIS00014,GNRUCC,4
7626F391,2090,76PN852700019,2026-06-30 04:42:26,OIS00014,GNRUCC,4
7626F391,2090,76PN852700020,2026-06-30 04:42:26,OIS00014,GNRUCC,4
7626F391,2090,76PN852700045,2026-06-30 04:42:26,OIS00014,GNRUCC,4
7626F391,2090,76PN852700046,2026-06-30 04:42:26,OIS00014,GNRUCC,4
7626F391,2090,76PN852700047,2026-06-30 04:42:26,OIS00014,GNRUCC,4
7626F391,2090,76PN852700048,2026-06-30 04:42:26,OIS00014,GNRUCC,4
7626F391,2090,76PN852700049,2026-06-30 04:42:26,OIS00014,GNRUCC,4
7626F391,2090,76PN852700050,2026-06-30 04:42:26,OIS00014,GNRUCC,4
7626F391,2090,76PN852700051,2026-06-30 04:42:26,OIS00014,GNRUCC,4
7626F391,2090,76PN852700052,2026-06-30 04:42:26,OIS00014,GNRUCC,4
7626F391,2090,76PN852700053,2026-06-30 04:42:26,OIS00014,GNRUCC,4
7626F391,2090,76PN852700054,2026-06-30 04:42:26,OIS00014,GNRUCC,4
7626F391,2090,76PN852700055,2026-06-30 04:42:26,OIS00014,GNRUCC,4
7626F391,2090,76PN852700056,2026-06-30 04:42:26,OIS00014,GNRUCC,4
7626F391,2090,76PN852700057,2026-06-30 04:42:26,OIS00014,GNRUCC,4
7626F391,2090,76PN852700058,2026-06-30 04:42:26,OIS00014,GNRUCC,4
7626F391,2090,76PN852700059,2026-06-30 04:42:26,OIS00014,GNRUCC,4
7626F391,2090,76PN852700060,2026-06-30 04:42:26,OIS00014,GNRUCC,4
7626F391,2090,76PN852700061,2026-06-30 04:42:26,OIS00014,GNRUCC,4
7626F391,2090,76PN852700062,2026-06-30 04:42:26,OIS00014,GNRUCC,4
7626F391,2090,76PN852700174,2026-06-30 04:42:26,OIS00014,GNRUCC,4
7626F391,2090,76PN852700175,2026-06-30 04:42:26,OIS00014,GNRUCC,4
7626F391,2090,76PN852700176,2026-06-30 04:42:26,OIS00014,GNRUCC,4
7626F391,2090,76PN852700177,2026-06-30 04:42:26,OIS00014,GNRUCC,4
7626F391,2090,76PN852700178,2026-06-30 04:42:26,OIS00014,GNRUCC,4
7626F391,2090,76PN852700179,2026-06-30 04:42:26,OIS00014,GNRUCC,4
7626F391,2090,76PN852700180,2026-06-30 04:42:26,OIS00014,GNRUCC,4
7626F391,2090,76PN852700181,2026-06-30 04:42:26,OIS00014,GNRUCC,4
7626F391,2090,76PN852700182,2026-06-30 04:42:26,OIS00014,GNRUCC,4
7626F391,2090,76PN852700183,2026-06-30 04:42:26,OIS00014,GNRUCC,4
7626F391,2090,76PN852700184,2026-06-30 04:42:26,OIS00014,GNRUCC,4
7626F391,2090,76PN852700185,2026-06-30 04:42:26,OIS00014,GNRUCC,4
7626F391,2090,76PN852700186,2026-06-30 04:42:26,OIS00014,GNRUCC,4
7626F391,2090,76PN852700187,2026-06-30 04:42:26,OIS00014,GNRUCC,4
7626F391,2090,76PN852700188,2026-06-30 04:42:26,OIS00014,GNRUCC,4
7626F391,2090,76PN852700189,2026-06-30 04:42:26,OIS00014,GNRUCC,4
7626F391,2090,76PN852700190,2026-06-30 04:42:26,OIS00014,GNRUCC,4
7626F391,2090,76PN852700191,2026-06-30 04:42:26,OIS00014,GNRUCC,4
7626F391,2090,76PN852700192,2026-06-30 04:42:26,OIS00014,GNRUCC,4
7626F391,2090,76PN852700193,2026-06-30 04:42:26,OIS00014,GNRUCC,4
7626F391,2090,76PN852700194,2026-06-30 04:42:26,OIS00014,GNRUCC,4
7626F391,2090,76PN852700195,2026-06-30 04:42:26,OIS00014,GNRUCC,4
7626F391,2090,76PN852700196,2026-06-30 04:42:26,OIS00014,GNRUCC,4
7626F391,2090,76PN852700197,2026-06-30 04:42:26,OIS00014,GNRUCC,4
7626F391,2090,76PN852700198,2026-06-30 04:42:26,OIS00014,GNRUCC,4
7626F391,2090,76PN852700199,2026-06-30 04:42:26,OIS00014,GNRUCC,4
7626F391,2090,76PN852700200,2026-06-30 04:42:26,OIS00014,GNRUCC,4
7626F391,2090,76PN852700201,2026-06-30 04:42:26,OIS00014,GNRUCC,4
7626F391,2090,76PN852700202,2026-06-30 04:42:26,OIS00014,GNRUCC,4
7626F391,2090,76PN852700203,2026-06-30 04:42:26,OIS00014,GNRUCC,4
7626F391,2090,76PN852700204,2026-06-30 04:42:26,OIS00014,GNRUCC,4
7626F391,2090,76PN852700205,2026-06-30 04:42:26,OIS00014,GNRUCC,4
7626F391,2090,76PN852700206,2026-06-30 04:42:26,OIS00014,GNRUCC,4
7626F391,2090,76PN852700216,2026-06-30 04:42:26,OIS00014,GNRUCC,4
7626F391,2090,76PN852700217,2026-06-30 04:42:26,OIS00014,GNRUCC,4
7626F391,2090,76PN852700218,2026-06-30 04:42:26,OIS00014,GNRUCC,4
7626F391,2090,76PN852700219,2026-06-30 04:42:26,OIS00014,GNRUCC,4
7626F391,2090,76PN852700220,2026-06-30 04:42:26,OIS00014,GNRUCC,4
7626F391,2090,76PN852700221,2026-06-30 04:42:26,OIS00014,GNRUCC,4
7626F391,2090,76PN852700222,2026-06-30 04:42:26,OIS00014,GNRUCC,4
7626F391,2090,76PN852700223,2026-06-30 04:42:26,OIS00014,GNRUCC,4
7626F391,2090,76PN852700224,2026-06-30 04:42:26,OIS00014,GNRUCC,4
7626F391,2090,76PN852700225,2026-06-30 04:42:26,OIS00014,GNRUCC,4
7626F391,2090,76PN852700226,2026-06-30 04:42:26,OIS00014,GNRUCC,4
7626F391,2090,76PN852700227,2026-06-30 04:42:26,OIS00014,GNRUCC,4
7626F391,2090,76PN852700228,2026-06-30 04:42:26,OIS00014,GNRUCC,4
7626F391,2090,76PN852700229,2026-06-30 04:42:26,OIS00014,GNRUCC,4
7626F391,2090,76PN852700230,2026-06-30 04:42:26,OIS00014,GNRUCC,4
7626F391,2090,76PN852700231,2026-06-30 04:42:26,OIS00014,GNRUCC,4
7626F391,2090,76PN852700232,2026-06-30 04:42:26,OIS00014,GNRUCC,4
7626F391,2090,76PN852700233,2026-06-30 04:42:26,OIS00014,GNRUCC,4
7626F391,2090,76PN852700234,2026-06-30 04:42:26,OIS00014,GNRUCC,4
7626F391,2090,76PN852700235,2026-06-30 04:42:26,OIS00014,GNRUCC,4
7626F391,2090,76PN852700236,2026-06-30 04:42:26,OIS00014,GNRUCC,4
7626F391,2090,76PN852700237,2026-06-30 04:42:26,OIS00014,GNRUCC,4
7626F391,2090,76PN852700238,2026-06-30 04:42:26,OIS00014,GNRUCC,4
7626F391,2090,76PN852700239,2026-06-30 04:42:26,OIS00014,GNRUCC,4
7626F391,2090,76PN852700273,2026-06-30 04:42:26,OIS00014,GNRUCC,4
7626F391,2090,76PN852700274,2026-06-30 04:42:26,OIS00014,GNRUCC,4
7626F391,2090,76PN852700275,2026-06-30 04:42:26,OIS00014,GNRUCC,4
7626F391,2090,76PN852700276,2026-06-30 04:42:26,OIS00014,GNRUCC,4
7626F391,2090,76PN852700277,2026-06-30 04:42:26,OIS00014,GNRUCC,4
7626F391,2090,76PN852700278,2026-06-30 04:42:26,OIS00014,GNRUCC,4
7626F391,2090,76PN852700279,2026-06-30 04:42:26,OIS00014,GNRUCC,4
7626F391,2090,76PN852700280,2026-06-30 04:42:26,OIS00014,GNRUCC,4
7626F391,2090,76PN852700281,2026-06-30 04:42:26,OIS00014,GNRUCC,4
7626F391,2090,76PN852700282,2026-06-30 04:42:26,OIS00014,GNRUCC,4
7626F391,2090,76PN852700283,2026-06-30 04:42:26,OIS00014,GNRUCC,4
7626F391,2090,76PN852700284,2026-06-30 04:42:26,OIS00014,GNRUCC,4
7626F391,2090,76PN852700285,2026-06-30 04:42:26,OIS00014,GNRUCC,4
7626F391,2090,76PN852700286,2026-06-30 04:42:26,OIS00014,GNRUCC,4
7626F391,2090,76PN852700287,2026-06-30 04:42:26,OIS00014,GNRUCC,4
7626F391,2090,76PN852700288,2026-06-30 04:42:26,OIS00014,GNRUCC,4
7626F391,2090,76PN852700289,2026-06-30 04:42:26,OIS00014,GNRUCC,4
7626F391,2090,76PN852700290,2026-06-30 04:42:26,OIS00014,GNRUCC,4
7626F391,2090,76PN852700291,2026-06-30 04:42:26,OIS00014,GNRUCC,4
7626F391,2090,76PN852700292,2026-06-30 04:42:26,OIS00014,GNRUCC,4
7626F391,2090,76PN852700293,2026-06-30 04:42:26,OIS00014,GNRUCC,4
7626F391,2090,76PN852700294,2026-06-30 04:42:26,OIS00014,GNRUCC,4
7626F391,2090,76PN852700295,2026-06-30 04:42:26,OIS00014,GNRUCC,4
7626F391,2090,76PN852700296,2026-06-30 04:42:26,OIS00014,GNRUCC,4
7626F391,2090,76PN852700297,2026-06-30 04:42:26,OIS00014,GNRUCC,4
7626F391,2090,76PN852700298,2026-06-30 04:42:26,OIS00014,GNRUCC,4
7626F391,2090,76PN852700299,2026-06-30 04:42:26,OIS00014,GNRUCC,4
7626F391,2090,76PN852700333,2026-06-30 04:42:26,OIS00014,GNRUCC,4
7626F391,2090,76PN852700334,2026-06-30 04:42:26,OIS00014,GNRUCC,4
7626F391,2090,76PN852700335,2026-06-30 04:42:26,OIS00014,GNRUCC,4
7626F391,2090,76PN852700336,2026-06-30 04:42:26,OIS00014,GNRUCC,4
7626F391,2090,76PN852700337,2026-06-30 04:42:26,OIS00014,GNRUCC,4
7626F391,2090,76PN852700338,2026-06-30 04:42:26,OIS00014,GNRUCC,4
7626F391,2090,76PN852700339,2026-06-30 04:42:26,OIS00014,GNRUCC,4
7626F391,2090,76PN852700340,2026-06-30 04:42:26,OIS00014,GNRUCC,4
7626F391,2090,76PN852700341,2026-06-30 04:42:26,OIS00014,GNRUCC,4
7626F391,2090,76PN852700342,2026-06-30 04:42:26,OIS00014,GNRUCC,4
7626F391,2090,76PN852700343,2026-06-30 04:42:26,OIS00014,GNRUCC,4
7626F391,2090,76PN852700344,2026-06-30 04:42:26,OIS00014,GNRUCC,4
7626F391,2090,76PN852700345,2026-06-30 04:42:26,OIS00014,GNRUCC,4
7626F391,2090,76PN852700346,2026-06-30 04:42:26,OIS00014,GNRUCC,4
7626F391,2090,76PN852700347,2026-06-30 04:42:26,OIS00014,GNRUCC,4
7626F391,2090,76PN852700348,2026-06-30 04:42:26,OIS00014,GNRUCC,4
7626F391,2090,76PN852700349,2026-06-30 04:42:26,OIS00014,GNRUCC,4
7626F391,2090,76PN852700350,2026-06-30 04:42:26,OIS00014,GNRUCC,4
7626F391,2090,76PN852700351,2026-06-30 04:42:26,OIS00014,GNRUCC,4
7626F391,2090,76PN852700352,2026-06-30 04:42:26,OIS00014,GNRUCC,4
7626F391,2090,76PN852700353,2026-06-30 04:42:26,OIS00014,GNRUCC,4
7626F391,2090,76PN852700354,2026-06-30 04:42:26,OIS00014,GNRUCC,4
7626F391,2090,76PN852700355,2026-06-30 04:42:26,OIS00014,GNRUCC,4
7626F391,2090,76PN852700356,2026-06-30 04:42:26,OIS00014,GNRUCC,4
7626F391,2090,76PN852700357,2026-06-30 04:42:26,OIS00014,GNRUCC,4
7626F391,2090,76PN852700358,2026-06-30 04:42:26,OIS00014,GNRUCC,4
7626F391,2090,76PN852700359,2026-06-30 04:42:26,OIS00014,GNRUCC,4
7626F391,2090,76PN852700360,2026-06-30 04:42:26,OIS00014,GNRUCC,4
7626F391,2090,76PN852700361,2026-06-30 04:42:26,OIS00014,GNRUCC,4
7626F391,2090,76PN852700362,2026-06-30 04:42:26,OIS00014,GNRUCC,4
7626F391,2090,76PN852700363,2026-06-30 04:42:26,OIS00014,GNRUCC,4
7626F391,2090,76PN852700364,2026-06-30 04:42:26,OIS00014,GNRUCC,4
7626F391,2090,76PN852700365,2026-06-30 04:42:26,OIS00014,GNRUCC,4
7626F391,2090,76PN852700366,2026-06-30 04:42:26,OIS00014,GNRUCC,4
7626F391,2090,76PN852700367,2026-06-30 04:42:26,OIS00014,GNRUCC,4
7626F391,2090,76PN852700368,2026-06-30 04:42:26,OIS00014,GNRUCC,4
7626F391,2090,76PN852700369,2026-06-30 04:42:26,OIS00014,GNRUCC,4
7626F391,2090,76PN852700370,2026-06-30 04:42:26,OIS00014,GNRUCC,4
7626F391,2090,76PN852700371,2026-06-30 04:42:26,OIS00014,GNRUCC,4
7626F391,2090,76PN852700372,2026-06-30 04:42:26,OIS00014,GNRUCC,4
7626F391,2090,76PN852700373,2026-06-30 04:42:26,OIS00014,GNRUCC,4
7626F391,2090,76PN852700374,2026-06-30 04:42:26,OIS00014,GNRUCC,4
7626F391,2090,76PN852700375,2026-06-30 04:42:26,OIS00014,GNRUCC,4
7626F391,2090,76PN852700376,2026-06-30 04:42:26,OIS00014,GNRUCC,4
7626F391,2090,76PN852700377,2026-06-30 04:42:26,OIS00014,GNRUCC,4
7626F391,2090,76PN852700378,2026-06-30 04:42:26,OIS00014,GNRUCC,4
7626F391,2090,76PN852700379,2026-06-30 04:42:26,OIS00014,GNRUCC,4
7626F391,2090,76PN852700380,2026-06-30 04:42:26,OIS00014,GNRUCC,4
7626F391,2090,76PN852700381,2026-06-30 04:42:26,OIS00014,GNRUCC,4
7626F391,2090,76PN852700382,2026-06-30 04:42:26,OIS00014,GNRUCC,4
7626F391,2090,76PN852700383,2026-06-30 04:42:26,OIS00014,GNRUCC,4
7626F391,2090,76PN852700384,2026-06-30 04:42:26,OIS00014,GNRUCC,4
7626F391,2090,76PN852700385,2026-06-30 04:42:26,OIS00014,GNRUCC,4
7626F391,2090,76PN852700386,2026-06-30 04:42:26,OIS00014,GNRUCC,4
7626F391,2090,76PN852700387,2026-06-30 04:42:26,OIS00014,GNRUCC,4
7626F391,2090,76PN852700388,2026-06-30 04:42:26,OIS00014,GNRUCC,4
7626F391,2090,76PN852700389,2026-06-30 04:42:26,OIS00014,GNRUCC,4
7626F391,2090,76PN852700390,2026-06-30 04:42:26,OIS00014,GNRUCC,4
7626F391,2090,76PN852700391,2026-06-30 04:42:26,OIS00014,GNRUCC,4
7626F391,2090,76PN852700392,2026-06-30 04:42:26,OIS00014,GNRUCC,4
7626F391,2090,76PN852700405,2026-06-30 04:42:26,OIS00014,GNRUCC,4
7626F391,2090,76PN852700406,2026-06-30 04:42:26,OIS00014,GNRUCC,4
7626F391,2090,76PN852700407,2026-06-30 04:42:26,OIS00014,GNRUCC,4
7626F391,2090,76PN852700408,2026-06-30 04:42:26,OIS00014,GNRUCC,4
7626F391,2090,76PN852700409,2026-06-30 04:42:26,OIS00014,GNRUCC,4
7626F391,2090,76PN852700410,2026-06-30 04:42:26,OIS00014,GNRUCC,4
7626F391,2090,76PN852700411,2026-06-30 04:42:26,OIS00014,GNRUCC,4
7626F391,2090,76PN852700412,2026-06-30 04:42:26,OIS00014,GNRUCC,4
7626F391,2090,76PN852700413,2026-06-30 04:42:26,OIS00014,GNRUCC,4
7626F391,2090,76PN852700414,2026-06-30 04:42:26,OIS00014,GNRUCC,4
7626F391,2090,76PN852700415,2026-06-30 04:42:26,OIS00014,GNRUCC,4
7626F391,2090,76PN852700416,2026-06-30 04:42:26,OIS00014,GNRUCC,4
7626F391,2090,76PN852700417,2026-06-30 04:42:26,OIS00014,GNRUCC,4
7626F391,2090,76PN852700418,2026-06-30 04:42:26,OIS00014,GNRUCC,4
7626F391,2090,76PN852700419,2026-06-30 04:42:26,OIS00014,GNRUCC,4
7626F391,2090,76PN852700420,2026-06-30 04:42:26,OIS00014,GNRUCC,4
7626F391,2090,76PN852700421,2026-06-30 04:42:26,OIS00014,GNRUCC,4
7626F391,2090,76PN852700422,2026-06-30 04:42:26,OIS00014,GNRUCC,4
7626F391,2090,76PN852700423,2026-06-30 04:42:26,OIS00014,GNRUCC,4
7626F391,2090,76PN852700424,2026-06-30 04:42:26,OIS00014,GNRUCC,4
7626F391,2090,76PN852700425,2026-06-30 04:42:26,OIS00014,GNRUCC,4
7626F391,2090,76PN852700426,2026-06-30 04:42:26,OIS00014,GNRUCC,4
7626F391,2090,76PN852700427,2026-06-30 04:42:26,OIS00014,GNRUCC,4
7626F391,2090,76PN852700428,2026-06-30 04:42:26,OIS00014,GNRUCC,4
7626F391,2090,76PN852700429,2026-06-30 04:42:26,OIS00014,GNRUCC,4
7626F391,2090,76PN852700430,2026-06-30 04:42:26,OIS00014,GNRUCC,4
7626F391,2090,76PN852700431,2026-06-30 04:42:26,OIS00014,GNRUCC,4
7626F391,2090,76PN852700432,2026-06-30 04:42:26,OIS00014,GNRUCC,4
7626F391,2090,76PN852700433,2026-06-30 04:42:26,OIS00014,GNRUCC,4
7626F391,2090,76PN852700434,2026-06-30 04:42:26,OIS00014,GNRUCC,4
7626F391,2090,76PN852700435,2026-06-30 04:42:26,OIS00014,GNRUCC,4
7626F391,2090,76PN852700436,2026-06-30 04:42:26,OIS00014,GNRUCC,4
7626F391,2090,76PN852700437,2026-06-30 04:42:26,OIS00014,GNRUCC,4
7626F391,2090,76PN852700438,2026-06-30 04:42:26,OIS00014,GNRUCC,4
7626F391,2090,76PN852700439,2026-06-30 04:42:26,OIS00014,GNRUCC,4
7626F391,2090,76PN852700440,2026-06-30 04:42:26,OIS00014,GNRUCC,4
7626F391,2090,76PN852700441,2026-06-30 04:42:26,OIS00014,GNRUCC,4
7626F391,2090,76PN852700442,2026-06-30 04:42:26,OIS00014,GNRUCC,4
7626F391,2090,76PN852700443,2026-06-30 04:42:26,OIS00014,GNRUCC,4
7626F391,2090,76PN852700444,2026-06-30 04:42:26,OIS00014,GNRUCC,4
7626F391,2090,76PN852700445,2026-06-30 04:42:26,OIS00014,GNRUCC,4
7626F391,2090,76PN852700446,2026-06-30 04:42:26,OIS00014,GNRUCC,4
7626F391,2090,76PN852700447,2026-06-30 04:42:26,OIS00014,GNRUCC,4
7626F391,2090,76PN852700448,2026-06-30 04:42:26,OIS00014,GNRUCC,4
7626F391,2090,76PN852700449,2026-06-30 04:42:26,OIS00014,GNRUCC,4
7626F391,2090,76PN852700450,2026-06-30 04:42:26,OIS00014,GNRUCC,4
7626F391,2090,76PN852700451,2026-06-30 04:42:26,OIS00014,GNRUCC,4
7626F391,2090,76PN852700452,2026-06-30 04:42:26,OIS00014,GNRUCC,4
7626F391,2090,76PN852700453,2026-06-30 04:42:26,OIS00014,GNRUCC,4
7626F391,2090,76PN852700454,2026-06-30 04:42:26,OIS00014,GNRUCC,4
7626F391,2090,76PN852700455,2026-06-30 04:42:26,OIS00014,GNRUCC,4
7626F391,2090,76PN852700456,2026-06-30 04:42:26,OIS00014,GNRUCC,4
7626F391,2090,76PN852700457,2026-06-30 04:42:26,OIS00014,GNRUCC,4
7626F391,2090,76PN852700458,2026-06-30 04:42:26,OIS00014,GNRUCC,4
7626F391,2090,76PN852700459,2026-06-30 04:42:26,OIS00014,GNRUCC,4
7626F391,2090,76PN852700460,2026-06-30 04:42:26,OIS00014,GNRUCC,4
7626F391,2090,76PN852700461,2026-06-30 04:42:26,OIS00014,GNRUCC,4
7626F391,2090,76PN852700462,2026-06-30 04:42:26,OIS00014,GNRUCC,4
7626F391,2090,76PN852700463,2026-06-30 04:42:26,OIS00014,GNRUCC,4
7626F391,2090,76PN852700464,2026-06-30 04:42:26,OIS00014,GNRUCC,4
7626F391,2090,76PN852700465,2026-06-30 04:42:26,OIS00014,GNRUCC,4
7626F391,2090,76PN852700466,2026-06-30 04:42:26,OIS00014,GNRUCC,4
7626F391,2090,76PN852700467,2026-06-30 04:42:26,OIS00014,GNRUCC,4
7626F391,2090,76PN852700468,2026-06-30 04:42:26,OIS00014,GNRUCC,4
7626F391,2090,76PN852700469,2026-06-30 04:42:26,OIS00014,GNRUCC,4
7626F391,2090,76PN852700470,2026-06-30 04:42:26,OIS00014,GNRUCC,4
7626F391,2090,76PN852700471,2026-06-30 04:42:26,OIS00014,GNRUCC,4
7626F391,2090,76PN852700472,2026-06-30 04:42:26,OIS00014,GNRUCC,4
7626F391,2090,76PN852700473,2026-06-30 04:42:26,OIS00014,GNRUCC,4
7626F391,2090,76PN852700474,2026-06-30 04:42:26,OIS00014,GNRUCC,4
7626F391,2090,76PN852700475,2026-06-30 04:42:26,OIS00014,GNRUCC,4
7626F391,2090,76PN852700476,2026-06-30 04:42:26,OIS00014,GNRUCC,4
7626F391,2090,76PN852700477,2026-06-30 04:42:26,OIS00014,GNRUCC,4
7626F391,2090,76PN852700478,2026-06-30 04:42:26,OIS00014,GNRUCC,4
7626F391,2090,76PN852700479,2026-06-30 04:42:26,OIS00014,GNRUCC,4
7626F391,2090,76PN852700480,2026-06-30 04:42:26,OIS00014,GNRUCC,4
7626F391,2090,76PN852700481,2026-06-30 04:42:26,OIS00014,GNRUCC,4
7626F391,2090,76PN852700482,2026-06-30 04:42:26,OIS00014,GNRUCC,4
7626F391,2090,76PN852700483,2026-06-30 04:42:26,OIS00014,GNRUCC,4
7626F391,2090,76PN852700484,2026-06-30 04:42:26,OIS00014,GNRUCC,4
7626F391,2090,76PN852700485,2026-06-30 04:42:26,OIS00014,GNRUCC,4
7626F391,2090,76PN852700486,2026-06-30 04:42:26,OIS00014,GNRUCC,4
7626F391,2090,76PN852700487,2026-06-30 04:42:26,OIS00014,GNRUCC,4
7626F391,2090,76PN852700488,2026-06-30 04:42:26,OIS00014,GNRUCC,4
7626F391,2090,76PN852700489,2026-06-30 04:42:26,OIS00014,GNRUCC,4
7626F391,2090,76PN852700490,2026-06-30 04:42:26,OIS00014,GNRUCC,4
7626F391,2090,76PN852700491,2026-06-30 04:42:26,OIS00014,GNRUCC,4
7626F391,2090,76PN852700492,2026-06-30 04:42:26,OIS00014,GNRUCC,4
7626F391,2090,76PN852700493,2026-06-30 04:42:26,OIS00014,GNRUCC,4
7626F391,2090,76PN852700494,2026-06-30 04:42:26,OIS00014,GNRUCC,4
7626F391,2090,76PN852700495,2026-06-30 04:42:26,OIS00014,GNRUCC,4
7626F391,2090,76PN852700496,2026-06-30 04:42:26,OIS00014,GNRUCC,4
7626F391,2090,76PN852700497,2026-06-30 04:42:26,OIS00014,GNRUCC,4
7626F391,2090,76PN852700498,2026-06-30 04:42:26,OIS00014,GNRUCC,4
7626F391,2090,76PN852700499,2026-06-30 04:42:26,OIS00014,GNRUCC,4
7626F391,2090,76PN852700500,2026-06-30 04:42:26,OIS00014,GNRUCC,4
7626F391,2090,76PN852700501,2026-06-30 04:42:26,OIS00014,GNRUCC,4
7626F391,2090,76PN852700502,2026-06-30 04:42:26,OIS00014,GNRUCC,4
7626F391,2090,76PN852700503,2026-06-30 04:42:26,OIS00014,GNRUCC,4
7626F391,2090,76PN852700504,2026-06-30 04:42:26,OIS00014,GNRUCC,4
7626F391,2090,76PN852700505,2026-06-30 04:42:26,OIS00014,GNRUCC,4
7626F391,2090,76PN852700506,2026-06-30 04:42:26,OIS00014,GNRUCC,4
7626F391,2090,76PN852700507,2026-06-30 04:42:26,OIS00014,GNRUCC,4
7626F391,2090,76PN852700508,2026-06-30 04:42:26,OIS00014,GNRUCC,4
7626F391,2090,76PN852700509,2026-06-30 04:42:26,OIS00014,GNRUCC,4
7626F391,2090,76PN852700510,2026-06-30 04:42:26,OIS00014,GNRUCC,4
7626F391,2090,76PN852700511,2026-06-30 04:42:26,OIS00014,GNRUCC,4
7626F391,2090,76PN852700512,2026-06-30 04:42:26,OIS00014,GNRUCC,4
7626F391,2090,76PN852700513,2026-06-30 04:42:26,OIS00014,GNRUCC,4
7626F391,2090,76PN852700514,2026-06-30 04:42:26,OIS00014,GNRUCC,4
7626F391,2090,76PN852700515,2026-06-30 04:42:26,OIS00014,GNRUCC,4
7626F391,2090,76PN852700516,2026-06-30 04:42:26,OIS00014,GNRUCC,4
7626F391,2090,76PN852700517,2026-06-30 04:42:26,OIS00014,GNRUCC,4
7626F391,2090,76PN852700518,2026-06-30 04:42:26,OIS00014,GNRUCC,4
7626F391,2090,76PN852700519,2026-06-30 04:42:26,OIS00014,GNRUCC,4
7626F391,2090,76PN852700520,2026-06-30 04:42:26,OIS00014,GNRUCC,4
7626F391,2090,76PN852700521,2026-06-30 04:42:26,OIS00014,GNRUCC,4
7626F391,2090,76PN852700522,2026-06-30 04:42:26,OIS00014,GNRUCC,4
7626F391,2090,76PN852700523,2026-06-30 04:42:26,OIS00014,GNRUCC,4
7626F391,2090,76PN852700524,2026-06-30 04:42:26,OIS00014,GNRUCC,4
7626F391,2090,76PN852700525,2026-06-30 04:42:26,OIS00014,GNRUCC,4
7626F391,2090,76PN852700526,2026-06-30 04:42:26,OIS00014,GNRUCC,4
7626F391,2090,76PN852700527,2026-06-30 04:42:26,OIS00014,GNRUCC,4
7626F391,2090,76PN852700528,2026-06-30 04:42:26,OIS00014,GNRUCC,4
7626F391,2090,76PN852700529,2026-06-30 04:42:26,OIS00014,GNRUCC,4
7626F391,2090,76PN852700530,2026-06-30 04:42:26,OIS00014,GNRUCC,4
7626F391,2090,76PN852700531,2026-06-30 04:42:26,OIS00014,GNRUCC,4
7626F391,2090,76PN852700532,2026-06-30 04:42:26,OIS00014,GNRUCC,4
7626F391,2090,76PN852700533,2026-06-30 04:42:26,OIS00014,GNRUCC,4
7626F391,2090,76PN852700534,2026-06-30 04:42:26,OIS00014,GNRUCC,4
7626F391,2090,76PN852700535,2026-06-30 04:42:26,OIS00014,GNRUCC,4
7626F391,2090,76PN852700536,2026-06-30 04:42:26,OIS00014,GNRUCC,4
7626F391,2090,76PN852700537,2026-06-30 04:42:26,OIS00014,GNRUCC,4
7626F391,2090,76PN852700538,2026-06-30 04:42:26,OIS00014,GNRUCC,4
7626F391,2090,76PN852700539,2026-06-30 04:42:26,OIS00014,GNRUCC,4
7626F391,2090,76PN852700540,2026-06-30 04:42:26,OIS00014,GNRUCC,4
7626F391,2090,76PN852700541,2026-06-30 04:42:26,OIS00014,GNRUCC,4
7626F391,2090,76PN852700542,2026-06-30 04:42:26,OIS00014,GNRUCC,4
7626F391,2090,76PN852700543,2026-06-30 04:42:26,OIS00014,GNRUCC,4
7626F391,2090,76PN852700544,2026-06-30 04:42:26,OIS00014,GNRUCC,4
7626F391,2090,76PN852700545,2026-06-30 04:42:26,OIS00014,GNRUCC,4
7626F391,2090,76PN852700546,2026-06-30 04:42:26,OIS00014,GNRUCC,4
7626F391,2090,76PN852700547,2026-06-30 04:42:26,OIS00014,GNRUCC,4
7626F391,2090,76PN852700548,2026-06-30 04:42:26,OIS00014,GNRUCC,4
7626F391,2090,76PN852700549,2026-06-30 04:42:26,OIS00014,GNRUCC,4
7626F391,2090,76PN852700550,2026-06-30 04:42:26,OIS00014,GNRUCC,4
7626F391,2090,76PN852700551,2026-06-30 04:42:26,OIS00014,GNRUCC,4
7626F391,2090,76PN852700552,2026-06-30 04:42:26,OIS00014,GNRUCC,4
7626F391,2090,76PN852700553,2026-06-30 04:42:26,OIS00014,GNRUCC,4
7626F391,2090,76PN852700554,2026-06-30 04:42:26,OIS00014,GNRUCC,4
7626F391,2090,76PN852700555,2026-06-30 04:42:26,OIS00014,GNRUCC,4
7626F391,2090,76PN852700556,2026-06-30 04:42:26,OIS00014,GNRUCC,4
7626F391,2090,76PN852700557,2026-06-30 04:42:26,OIS00014,GNRUCC,4
7626F391,2090,76PN852700558,2026-06-30 04:42:26,OIS00014,GNRUCC,4
7626F391,2090,76PN852700559,2026-06-30 04:42:26,OIS00014,GNRUCC,4
7626F391,2090,76PN852700560,2026-06-30 04:42:26,OIS00014,GNRUCC,4
7626F391,2090,76PN852700561,2026-06-30 04:42:26,OIS00014,GNRUCC,4
7626F391,2090,76PN852700562,2026-06-30 04:42:26,OIS00014,GNRUCC,4
7626F391,2090,76PN852700563,2026-06-30 04:42:26,OIS00014,GNRUCC,4
7626F391,2090,76PN852700564,2026-06-30 04:42:26,OIS00014,GNRUCC,4
7626F391,2090,76PN852700565,2026-06-30 04:42:26,OIS00014,GNRUCC,4
7626F391,2090,76PN852700566,2026-06-30 04:42:26,OIS00014,GNRUCC,4
7626F391,2090,76PN852700567,2026-06-30 04:42:26,OIS00014,GNRUCC,4
7626F391,2090,76PN852700568,2026-06-30 04:42:26,OIS00014,GNRUCC,4
7626F391,2090,76PN852700569,2026-06-30 04:42:26,OIS00014,GNRUCC,4
7626F391,2090,76PN852700597,2026-06-30 04:42:26,OIS00014,GNRUCC,4
7626F391,2090,76PN852700598,2026-06-30 04:42:26,OIS00014,GNRUCC,4
7626F391,2090,76PN852700599,2026-06-30 04:42:26,OIS00014,GNRUCC,4
7626F391,2090,76PN852700600,2026-06-30 04:42:26,OIS00014,GNRUCC,4
7626F391,2090,76PN852700601,2026-06-30 04:42:26,OIS00014,GNRUCC,4
7626F391,2090,76PN852700602,2026-06-30 04:42:26,OIS00014,GNRUCC,4
7626F423,2090,76FA846400047,2026-06-30 07:20:51,OIS00010,GNRUCC,4
7626F423,2090,76FA846400048,2026-06-30 07:20:51,OIS00010,GNRUCC,4
7626F423,2090,76FA846400049,2026-06-30 07:20:51,OIS00010,GNRUCC,4
7626F423,2090,76FA846400050,2026-06-30 07:20:51,OIS00010,GNRUCC,4
7626F423,2090,76FA846400051,2026-06-30 07:20:51,OIS00010,GNRUCC,4
7626F423,2090,76FA846400052,2026-06-30 07:20:51,OIS00010,GNRUCC,4
7626F423,2090,76FA846400053,2026-06-30 07:20:51,OIS00010,GNRUCC,4
7626F423,2090,76FA846400054,2026-06-30 07:20:51,OIS00010,GNRUCC,4
7626F423,2090,76FA846400055,2026-06-30 07:20:51,OIS00010,GNRUCC,4
7626F423,2090,76FA846400056,2026-06-30 07:20:51,OIS00010,GNRUCC,4
7626F423,2090,76FA846400057,2026-06-30 07:20:51,OIS00010,GNRUCC,4
7626F423,2090,76FA846400058,2026-06-30 07:20:51,OIS00010,GNRUCC,4
7626F423,2090,76FA846400059,2026-06-30 07:20:51,OIS00010,GNRUCC,4
7626F423,2090,76FA846400060,2026-06-30 07:20:51,OIS00010,GNRUCC,4
7626F423,2090,76FA846400061,2026-06-30 07:20:51,OIS00010,GNRUCC,4
7626F423,2090,76FA846400062,2026-06-30 07:20:51,OIS00010,GNRUCC,4
7626F423,2090,76FA846400063,2026-06-30 07:20:51,OIS00010,GNRUCC,4
7626F423,2090,76FA846400064,2026-06-30 07:20:51,OIS00010,GNRUCC,4
7626F423,2090,76FA846400065,2026-06-30 07:20:51,OIS00010,GNRUCC,4
7626F423,2090,76FA846400066,2026-06-30 07:20:51,OIS00010,GNRUCC,4
7626F423,2090,76FA846400067,2026-06-30 07:20:51,OIS00010,GNRUCC,4
7626F423,2090,76FA846400068,2026-06-30 07:20:51,OIS00010,GNRUCC,4
7626F423,2090,76FA846400069,2026-06-30 07:20:51,OIS00010,GNRUCC,4
7626F423,2090,76FA846400070,2026-06-30 07:20:51,OIS00010,GNRUCC,4
7626F423,2090,76FA846400071,2026-06-30 07:20:51,OIS00010,GNRUCC,4
7626F423,2090,76FA846400072,2026-06-30 07:20:51,OIS00010,GNRUCC,4
7626F423,2090,76FA846400073,2026-06-30 07:20:51,OIS00010,GNRUCC,4
7626F423,2090,76FA846400074,2026-06-30 07:20:51,OIS00010,GNRUCC,4
7626F423,2090,76FA846400075,2026-06-30 07:20:51,OIS00010,GNRUCC,4
7626F423,2090,76FA846400076,2026-06-30 07:20:51,OIS00010,GNRUCC,4
7626F423,2090,76FA846400077,2026-06-30 07:20:51,OIS00010,GNRUCC,4
7626F423,2090,76FA846400078,2026-06-30 07:20:51,OIS00010,GNRUCC,4
7626F423,2090,76FA846400079,2026-06-30 07:20:51,OIS00010,GNRUCC,4
7626F423,2090,76FA846400080,2026-06-30 07:20:51,OIS00010,GNRUCC,4
7626F423,2090,76FA846400081,2026-06-30 07:20:51,OIS00010,GNRUCC,4
7626F423,2090,76FA846400082,2026-06-30 07:20:51,OIS00010,GNRUCC,4
7626F423,2090,76FA846400083,2026-06-30 07:20:51,OIS00010,GNRUCC,4
7626F423,2090,76FA846400084,2026-06-30 07:20:51,OIS00010,GNRUCC,4
7626F423,2090,76FA846400085,2026-06-30 07:20:51,OIS00010,GNRUCC,4
7626F423,2090,76FA846400086,2026-06-30 07:20:51,OIS00010,GNRUCC,4
7626F423,2090,76FA846400087,2026-06-30 07:20:51,OIS00010,GNRUCC,4
7626F423,2090,76FA846400088,2026-06-30 07:20:51,OIS00010,GNRUCC,4
7626F423,2090,76FA846400089,2026-06-30 07:20:51,OIS00010,GNRUCC,4
7626F423,2090,76FA846400090,2026-06-30 07:20:51,OIS00010,GNRUCC,4
7626F423,2090,76FA846400091,2026-06-30 07:20:51,OIS00010,GNRUCC,4
7626F423,2090,76FA846400092,2026-06-30 07:20:51,OIS00010,GNRUCC,4
7626F423,2090,76FA846400093,2026-06-30 07:20:51,OIS00010,GNRUCC,4
7626F423,2090,76FA846400094,2026-06-30 07:20:51,OIS00010,GNRUCC,4
7626F423,2090,76FA846400095,2026-06-30 07:20:51,OIS00010,GNRUCC,4
7626F423,2090,76FA846400096,2026-06-30 07:20:51,OIS00010,GNRUCC,4
7626F423,2090,76FA846400097,2026-06-30 07:20:51,OIS00010,GNRUCC,4
7626F423,2090,76FA846400098,2026-06-30 07:20:51,OIS00010,GNRUCC,4
7626F423,2090,76FA846400099,2026-06-30 07:20:51,OIS00010,GNRUCC,4
7626F423,2090,76FA846400100,2026-06-30 07:20:51,OIS00010,GNRUCC,4
7626F423,2090,76FA846400101,2026-06-30 07:20:51,OIS00010,GNRUCC,4
7626F423,2090,76FA846400102,2026-06-30 07:20:51,OIS00010,GNRUCC,4
7626F423,2090,76FA846400103,2026-06-30 07:20:51,OIS00010,GNRUCC,4
7626F423,2090,76FA846400104,2026-06-30 07:20:51,OIS00010,GNRUCC,4
7626F423,2090,76FA846400105,2026-06-30 07:20:51,OIS00010,GNRUCC,4
7626F423,2090,76FA846400106,2026-06-30 07:20:51,OIS00010,GNRUCC,4
7626F423,2090,76FA846400107,2026-06-30 07:20:51,OIS00010,GNRUCC,4
7626F423,2090,76FA846400108,2026-06-30 07:20:51,OIS00010,GNRUCC,4
7626F423,2090,76FA846400109,2026-06-30 07:20:51,OIS00010,GNRUCC,4
7626F423,2090,76FA846400110,2026-06-30 07:20:51,OIS00010,GNRUCC,4
7626F423,2090,76FA846400111,2026-06-30 07:20:51,OIS00010,GNRUCC,4
7626F423,2090,76FA846400112,2026-06-30 07:20:51,OIS00010,GNRUCC,4
7626F423,2090,76FA846400113,2026-06-30 07:20:51,OIS00010,GNRUCC,4
7626F423,2090,76FA846400114,2026-06-30 07:20:51,OIS00010,GNRUCC,4
7626F423,2090,76FA846400115,2026-06-30 07:20:51,OIS00010,GNRUCC,4
7626F423,2090,76FA846400116,2026-06-30 07:20:51,OIS00010,GNRUCC,4
7626F423,2090,76FA846400117,2026-06-30 07:20:51,OIS00010,GNRUCC,4
7626F423,2090,76FA846400118,2026-06-30 07:20:51,OIS00010,GNRUCC,4
7626F423,2090,76FA846400119,2026-06-30 07:20:51,OIS00010,GNRUCC,4
7626F423,2090,76FA846400120,2026-06-30 07:20:51,OIS00010,GNRUCC,4
7626F423,2090,76FA846400121,2026-06-30 07:20:51,OIS00010,GNRUCC,4
7626F423,2090,76FA846400122,2026-06-30 07:20:51,OIS00010,GNRUCC,4
7626F423,2090,76FA846400123,2026-06-30 07:20:51,OIS00010,GNRUCC,4
7626F423,2090,76FA846400124,2026-06-30 07:20:51,OIS00010,GNRUCC,4
7626F423,2090,76FA846400125,2026-06-30 07:20:51,OIS00010,GNRUCC,4
7626F423,2090,76FA846400126,2026-06-30 07:20:51,OIS00010,GNRUCC,4
7626F423,2090,76FA846400127,2026-06-30 07:20:51,OIS00010,GNRUCC,4
7626F423,2090,76FA846400128,2026-06-30 07:20:51,OIS00010,GNRUCC,4
7626F423,2090,76FA846400129,2026-06-30 07:20:51,OIS00010,GNRUCC,4
7626F423,2090,76FA846400130,2026-06-30 07:20:51,OIS00010,GNRUCC,4
7626F423,2090,76FA846400131,2026-06-30 07:20:51,OIS00010,GNRUCC,4
7626F423,2090,76FA846400132,2026-06-30 07:20:51,OIS00010,GNRUCC,4
7626F423,2090,76FA846400133,2026-06-30 07:20:51,OIS00010,GNRUCC,4
7626F423,2090,76FA846400134,2026-06-30 07:20:51,OIS00010,GNRUCC,4
7626F423,2090,76FA846400135,2026-06-30 07:20:51,OIS00010,GNRUCC,4
7626F423,2090,76FA846400136,2026-06-30 07:20:51,OIS00010,GNRUCC,4
7626F423,2090,76FA846400137,2026-06-30 07:20:51,OIS00010,GNRUCC,4
7626F423,2090,76FA846400138,2026-06-30 07:20:51,OIS00010,GNRUCC,4
7626F423,2090,76FA846400139,2026-06-30 07:20:51,OIS00010,GNRUCC,4
7626F423,2090,76FA846400140,2026-06-30 07:20:51,OIS00010,GNRUCC,4
7626F423,2090,76FA846400141,2026-06-30 07:20:51,OIS00010,GNRUCC,4
7626F423,2090,76FA846400142,2026-06-30 07:20:51,OIS00010,GNRUCC,4
7626F423,2090,76FA846400143,2026-06-30 07:20:51,OIS00010,GNRUCC,4
7626F423,2090,76FA846400144,2026-06-30 07:20:51,OIS00010,GNRUCC,4
7626F423,2090,76FA846400145,2026-06-30 07:20:51,OIS00010,GNRUCC,4
7626F423,2090,76FA846400146,2026-06-30 07:20:51,OIS00010,GNRUCC,4
7626F423,2090,76FA846400147,2026-06-30 07:20:51,OIS00010,GNRUCC,4
7626F423,2090,76FA846400148,2026-06-30 07:20:51,OIS00010,GNRUCC,4
7626F423,2090,76FA846400149,2026-06-30 07:20:51,OIS00010,GNRUCC,4
7626F423,2090,76FA846400150,2026-06-30 07:20:51,OIS00010,GNRUCC,4
7626F423,2090,76FA846400151,2026-06-30 07:20:51,OIS00010,GNRUCC,4
7626F423,2090,76FA846400152,2026-06-30 07:20:51,OIS00010,GNRUCC,4
7626F423,2090,76FA846400153,2026-06-30 07:20:51,OIS00010,GNRUCC,4
7626F423,2090,76FA846400154,2026-06-30 07:20:51,OIS00010,GNRUCC,4
7626F423,2090,76FA846400155,2026-06-30 07:20:51,OIS00010,GNRUCC,4
7626F423,2090,76FA846400156,2026-06-30 07:20:51,OIS00010,GNRUCC,4
7626F423,2090,76FA846400157,2026-06-30 07:20:51,OIS00010,GNRUCC,4
7626F423,2090,76FA846400158,2026-06-30 07:20:51,OIS00010,GNRUCC,4
7626F423,2090,76FA846400159,2026-06-30 07:20:51,OIS00010,GNRUCC,4
7626F423,2090,76FA846400160,2026-06-30 07:20:51,OIS00010,GNRUCC,4
7626F423,2090,76FA846400161,2026-06-30 07:20:51,OIS00010,GNRUCC,4
7626F423,2090,76FA846400162,2026-06-30 07:20:51,OIS00010,GNRUCC,4
7626F423,2090,76FA846400163,2026-06-30 07:20:51,OIS00010,GNRUCC,4
7626F423,2090,76FA846400164,2026-06-30 07:20:51,OIS00010,GNRUCC,4
7626F423,2090,76FA846400165,2026-06-30 07:20:51,OIS00010,GNRUCC,4
7626F423,2090,76FA846400166,2026-06-30 07:20:51,OIS00010,GNRUCC,4
7626F423,2090,76FA846400167,2026-06-30 07:20:51,OIS00010,GNRUCC,4
7626F423,2090,76FA846400168,2026-06-30 07:20:51,OIS00010,GNRUCC,4
7626F423,2090,76FA846400169,2026-06-30 07:20:51,OIS00010,GNRUCC,4
7626F423,2090,76FA846400170,2026-06-30 07:20:51,OIS00010,GNRUCC,4
7626F423,2090,76FA846400171,2026-06-30 07:20:51,OIS00010,GNRUCC,4
7626F423,2090,76FA846400172,2026-06-30 07:20:51,OIS00010,GNRUCC,4
7626F423,2090,76FA846400173,2026-06-30 07:20:51,OIS00010,GNRUCC,4
7626F423,2090,76FA846400174,2026-06-30 07:20:51,OIS00010,GNRUCC,4
7626F423,2090,76FA846400175,2026-06-30 07:20:51,OIS00010,GNRUCC,4
7626F423,2090,76FA846400176,2026-06-30 07:20:51,OIS00010,GNRUCC,4
7626F423,2090,76FA846400177,2026-06-30 07:20:51,OIS00010,GNRUCC,4
7626F423,2090,76FA846400178,2026-06-30 07:20:51,OIS00010,GNRUCC,4
7626F423,2090,76FA846400179,2026-06-30 07:20:51,OIS00010,GNRUCC,4
7626F423,2090,76FA846400180,2026-06-30 07:20:51,OIS00010,GNRUCC,4
7626F423,2090,76FA846400181,2026-06-30 07:20:51,OIS00010,GNRUCC,4
7626F423,2090,76FA846400182,2026-06-30 07:20:51,OIS00010,GNRUCC,4
7626F423,2090,76FA846400183,2026-06-30 07:20:51,OIS00010,GNRUCC,4
7626F423,2090,76FA846400184,2026-06-30 07:20:51,OIS00010,GNRUCC,4
7626F423,2090,76FA846400185,2026-06-30 07:20:51,OIS00010,GNRUCC,4
7626F423,2090,76FA846400186,2026-06-30 07:20:51,OIS00010,GNRUCC,4
7626F423,2090,76FA846400187,2026-06-30 07:20:51,OIS00010,GNRUCC,4
7626F423,2090,76FA846400188,2026-06-30 07:20:51,OIS00010,GNRUCC,4
7626F423,2090,76FA846400189,2026-06-30 07:20:51,OIS00010,GNRUCC,4
7626F423,2090,76FA846400190,2026-06-30 07:20:51,OIS00010,GNRUCC,4
7626F423,2090,76FA846400191,2026-06-30 07:20:51,OIS00010,GNRUCC,4
7626F423,2090,76FA846400192,2026-06-30 07:20:51,OIS00010,GNRUCC,4
7626F423,2090,76FA846400193,2026-06-30 07:20:51,OIS00010,GNRUCC,4
7626F423,2090,76FA846400194,2026-06-30 07:20:51,OIS00010,GNRUCC,4
7626F423,2090,76FA846400195,2026-06-30 07:20:51,OIS00010,GNRUCC,4
7626F423,2090,76FA846400196,2026-06-30 07:20:51,OIS00010,GNRUCC,4
7626F423,2090,76FA846400197,2026-06-30 07:20:51,OIS00010,GNRUCC,4
7626F423,2090,76FA846400198,2026-06-30 07:20:51,OIS00010,GNRUCC,4
7626F423,2090,76FA846400199,2026-06-30 07:20:51,OIS00010,GNRUCC,4
7626F423,2090,76FA846400200,2026-06-30 07:20:51,OIS00010,GNRUCC,4
7626F423,2090,76FA846400201,2026-06-30 07:20:51,OIS00010,GNRUCC,4
7626F423,2090,76FA846400202,2026-06-30 07:20:51,OIS00010,GNRUCC,4
7626F423,2090,76FA846400203,2026-06-30 07:20:51,OIS00010,GNRUCC,4
7626F423,2090,76FA846400204,2026-06-30 07:20:51,OIS00010,GNRUCC,4
7626F423,2090,76FA846400205,2026-06-30 07:20:51,OIS00010,GNRUCC,4
7626F423,2090,76FA846400206,2026-06-30 07:20:51,OIS00010,GNRUCC,4
7626F423,2090,76FA846400207,2026-06-30 07:20:51,OIS00010,GNRUCC,4
7626F423,2090,76FA846400208,2026-06-30 07:20:51,OIS00010,GNRUCC,4
7626F423,2090,76FA846400209,2026-06-30 07:20:51,OIS00010,GNRUCC,4
7626F423,2090,76FA846400210,2026-06-30 07:20:51,OIS00010,GNRUCC,4
7626F423,2090,76FA846400211,2026-06-30 07:20:51,OIS00010,GNRUCC,4
7626F423,2090,76FA846400212,2026-06-30 07:20:51,OIS00010,GNRUCC,4
7626F423,2090,76FA846400213,2026-06-30 07:20:51,OIS00010,GNRUCC,4
7626F423,2090,76FA846400214,2026-06-30 07:20:51,OIS00010,GNRUCC,4
7626F423,2090,76FA846400215,2026-06-30 07:20:51,OIS00010,GNRUCC,4
7626F423,2090,76FA846400216,2026-06-30 07:20:51,OIS00010,GNRUCC,4
7626F423,2090,76FA846400217,2026-06-30 07:20:51,OIS00010,GNRUCC,4
7626F423,2090,76FA846400218,2026-06-30 07:20:51,OIS00010,GNRUCC,4
7626F423,2090,76FA846400219,2026-06-30 07:20:51,OIS00010,GNRUCC,4
7626F423,2090,76FA846400220,2026-06-30 07:20:51,OIS00010,GNRUCC,4
7626F423,2090,76FA846400221,2026-06-30 07:20:51,OIS00010,GNRUCC,4
7626F423,2090,76FA846400222,2026-06-30 07:20:51,OIS00010,GNRUCC,4
7626F423,2090,76FA846400223,2026-06-30 07:20:51,OIS00010,GNRUCC,4
7626F423,2090,76FA846400224,2026-06-30 07:20:51,OIS00010,GNRUCC,4
7626F423,2090,76FA846400225,2026-06-30 07:20:51,OIS00010,GNRUCC,4
7626F423,2090,76FA846400226,2026-06-30 07:20:51,OIS00010,GNRUCC,4
7626F423,2090,76FA846400227,2026-06-30 07:20:51,OIS00010,GNRUCC,4
7626F423,2090,76FA846400228,2026-06-30 07:20:51,OIS00010,GNRUCC,4
7626F423,2090,76FA846400229,2026-06-30 07:20:51,OIS00010,GNRUCC,4
7626F423,2090,76FA846400230,2026-06-30 07:20:51,OIS00010,GNRUCC,4
7626F423,2090,76FA846400231,2026-06-30 07:20:51,OIS00010,GNRUCC,4
7626F423,2090,76FA846400232,2026-06-30 07:20:51,OIS00010,GNRUCC,4
7626F423,2090,76FA846400233,2026-06-30 07:20:51,OIS00010,GNRUCC,4
7626F423,2090,76FA846400234,2026-06-30 07:20:51,OIS00010,GNRUCC,4
7626F423,2090,76FA846400235,2026-06-30 07:20:51,OIS00010,GNRUCC,4
7626F423,2090,76FA846400236,2026-06-30 07:20:51,OIS00010,GNRUCC,4
7626F423,2090,76FA846400237,2026-06-30 07:20:51,OIS00010,GNRUCC,4
7626F423,2090,76FA846400238,2026-06-30 07:20:51,OIS00010,GNRUCC,4
7626F423,2090,76FA846400239,2026-06-30 07:20:51,OIS00010,GNRUCC,4
7626F423,2090,76FA846400240,2026-06-30 07:20:51,OIS00010,GNRUCC,4
7626F423,2090,76FA846400241,2026-06-30 07:20:51,OIS00010,GNRUCC,4
7626F423,2090,76FA846400296,2026-06-30 07:20:51,OIS00010,GNRUCC,4
7626F423,2090,76FA846400297,2026-06-30 07:20:51,OIS00010,GNRUCC,4
7626F423,2090,76FA846400298,2026-06-30 07:20:51,OIS00010,GNRUCC,4
7626F423,2090,76FA846400299,2026-06-30 07:20:51,OIS00010,GNRUCC,4
7626F423,2090,76FA846400300,2026-06-30 07:20:51,OIS00010,GNRUCC,4
7626F423,2090,76FA846400301,2026-06-30 07:20:51,OIS00010,GNRUCC,4
7626F423,2090,76FA846400302,2026-06-30 07:20:51,OIS00010,GNRUCC,4
7626F423,2090,76FA846400303,2026-06-30 07:20:51,OIS00010,GNRUCC,4
7626F423,2090,76FA846400304,2026-06-30 07:20:51,OIS00010,GNRUCC,4
7626F423,2090,76FA846400305,2026-06-30 07:20:51,OIS00010,GNRUCC,4
7626F423,2090,76FA846400306,2026-06-30 07:20:51,OIS00010,GNRUCC,4
7626F423,2090,76FA846400307,2026-06-30 07:20:51,OIS00010,GNRUCC,4
7626F423,2090,76FA846400317,2026-06-30 07:20:51,OIS00010,GNRUCC,4
7626F423,2090,76FA846400318,2026-06-30 07:20:51,OIS00010,GNRUCC,4
7626F423,2090,76FA846400319,2026-06-30 07:20:51,OIS00010,GNRUCC,4
7626F423,2090,76FA846400320,2026-06-30 07:20:51,OIS00010,GNRUCC,4
7626F423,2090,76FA846400321,2026-06-30 07:20:51,OIS00010,GNRUCC,4
7626F423,2090,76FA846400322,2026-06-30 07:20:51,OIS00010,GNRUCC,4
7626F423,2090,76FA846400323,2026-06-30 07:20:51,OIS00010,GNRUCC,4
7626F423,2090,76FA846400324,2026-06-30 07:20:51,OIS00010,GNRUCC,4
7626F423,2090,76FA846400325,2026-06-30 07:20:51,OIS00010,GNRUCC,4
7626F423,2090,76FA846400362,2026-06-30 07:20:51,OIS00010,GNRUCC,4
7626F423,2090,76FA846400363,2026-06-30 07:20:51,OIS00010,GNRUCC,4
7626F423,2090,76FA846400364,2026-06-30 07:20:51,OIS00010,GNRUCC,4
7626F423,2090,76FA846400365,2026-06-30 07:20:51,OIS00010,GNRUCC,4
7626F423,2090,76FA846400366,2026-06-30 07:20:51,OIS00010,GNRUCC,4
7626F423,2090,76FA846400367,2026-06-30 07:20:51,OIS00010,GNRUCC,4
7626F423,2090,76FA846400368,2026-06-30 07:20:51,OIS00010,GNRUCC,4
7626F423,2090,76FA846400369,2026-06-30 07:20:51,OIS00010,GNRUCC,4
7626F423,2090,76FA846400370,2026-06-30 07:20:51,OIS00010,GNRUCC,4
7626F423,2090,76FA846400371,2026-06-30 07:20:51,OIS00010,GNRUCC,4
7626F423,2090,76FA846400372,2026-06-30 07:20:51,OIS00010,GNRUCC,4
7626F423,2090,76FA846400373,2026-06-30 07:20:51,OIS00010,GNRUCC,4
7626F423,2090,76FA846400374,2026-06-30 07:20:51,OIS00010,GNRUCC,4
7626F423,2090,76FA846400375,2026-06-30 07:20:51,OIS00010,GNRUCC,4
7626F423,2090,76FA846400376,2026-06-30 07:20:51,OIS00010,GNRUCC,4
7626F423,2090,76FA846400377,2026-06-30 07:20:51,OIS00010,GNRUCC,4
7626F423,2090,76FA846400378,2026-06-30 07:20:51,OIS00010,GNRUCC,4
7626F423,2090,76FA846400379,2026-06-30 07:20:51,OIS00010,GNRUCC,4
7626F423,2090,76FA846400380,2026-06-30 07:20:51,OIS00010,GNRUCC,4
7626F423,2090,76FA846400381,2026-06-30 07:20:51,OIS00010,GNRUCC,4
7626F423,2090,76FA846400382,2026-06-30 07:20:51,OIS00010,GNRUCC,4
7626F423,2090,76FA846400383,2026-06-30 07:20:51,OIS00010,GNRUCC,4
7626F423,2090,76FA846400384,2026-06-30 07:20:51,OIS00010,GNRUCC,4
7626F423,2090,76FA846400385,2026-06-30 07:20:51,OIS00010,GNRUCC,4
7626F423,2090,76FA846400386,2026-06-30 07:20:51,OIS00010,GNRUCC,4
7626F423,2090,76FA846400387,2026-06-30 07:20:51,OIS00010,GNRUCC,4
7626F423,2090,76FA846400388,2026-06-30 07:20:51,OIS00010,GNRUCC,4
7626F423,2090,76FA846400389,2026-06-30 07:20:51,OIS00010,GNRUCC,4
7626F423,2090,76FA846400390,2026-06-30 07:20:51,OIS00010,GNRUCC,4
7626F423,2090,76FA846400391,2026-06-30 07:20:51,OIS00010,GNRUCC,4
7626F423,2090,76FA846400428,2026-06-30 07:20:51,OIS00010,GNRUCC,4
7626F423,2090,76FA846400429,2026-06-30 07:20:51,OIS00010,GNRUCC,4
7626F423,2090,76FA846400430,2026-06-30 07:20:51,OIS00010,GNRUCC,4
7626F423,2090,76FA846400431,2026-06-30 07:20:51,OIS00010,GNRUCC,4
7626F423,2090,76FA846400432,2026-06-30 07:20:51,OIS00010,GNRUCC,4
7626F423,2090,76FA846400433,2026-06-30 07:20:51,OIS00010,GNRUCC,4
7626F423,2090,76FA846400434,2026-06-30 07:20:51,OIS00010,GNRUCC,4
7626F423,2090,76FA846400435,2026-06-30 07:20:51,OIS00010,GNRUCC,4
7626F423,2090,76FA846400436,2026-06-30 07:20:51,OIS00010,GNRUCC,4
7626F423,2090,76FA846400437,2026-06-30 07:20:51,OIS00010,GNRUCC,4
7626F423,2090,76FA846400438,2026-06-30 07:20:51,OIS00010,GNRUCC,4
7626F423,2090,76FA846400439,2026-06-30 07:20:51,OIS00010,GNRUCC,4
7626F423,2090,76FA846400440,2026-06-30 07:20:51,OIS00010,GNRUCC,4
7626F423,2090,76FA846400441,2026-06-30 07:20:51,OIS00010,GNRUCC,4
7626F423,2090,76FA846400442,2026-06-30 07:20:51,OIS00010,GNRUCC,4
7626F423,2090,76FA846400473,2026-06-30 07:20:51,OIS00010,GNRUCC,4
7626F423,2090,76FA846400474,2026-06-30 07:20:51,OIS00010,GNRUCC,4
7626F423,2090,76FA846400475,2026-06-30 07:20:51,OIS00010,GNRUCC,4
7626F423,2090,76FA846400476,2026-06-30 07:20:51,OIS00010,GNRUCC,4
7626F423,2090,76FA846400477,2026-06-30 07:20:51,OIS00010,GNRUCC,4
7626F423,2090,76FA846400478,2026-06-30 07:20:51,OIS00010,GNRUCC,4
7626F423,2090,76FA846400479,2026-06-30 07:20:51,OIS00010,GNRUCC,4
7626F423,2090,76FA846400480,2026-06-30 07:20:51,OIS00010,GNRUCC,4
7626F423,2090,76FA846400481,2026-06-30 07:20:51,OIS00010,GNRUCC,4
7626F423,2090,76FA846400482,2026-06-30 07:20:51,OIS00010,GNRUCC,4
7626F423,2090,76FA846400483,2026-06-30 07:20:51,OIS00010,GNRUCC,4
7626F423,2090,76FA846400484,2026-06-30 07:20:51,OIS00010,GNRUCC,4
7626F423,2090,76FA846400487,2026-06-30 07:20:51,OIS00010,GNRUCC,4
7626F423,2090,76FA846400497,2026-06-30 07:20:51,OIS00010,GNRUCC,4
7626F423,2090,76FA846400498,2026-06-30 07:20:51,OIS00010,GNRUCC,4
7626F423,2090,76FA846400499,2026-06-30 07:20:51,OIS00010,GNRUCC,4
7626F423,2090,76FA846400500,2026-06-30 07:20:51,OIS00010,GNRUCC,4
7626F423,2090,76FA846400501,2026-06-30 07:20:51,OIS00010,GNRUCC,4
7626F423,2090,76FA846400502,2026-06-30 07:20:51,OIS00010,GNRUCC,4
7626F423,2090,76FA846400503,2026-06-30 07:20:51,OIS00010,GNRUCC,4
7626F423,2090,76FA846400504,2026-06-30 07:20:51,OIS00010,GNRUCC,4
7626F423,2090,76FA846400505,2026-06-30 07:20:51,OIS00010,GNRUCC,4
7626F423,2090,76FA846400506,2026-06-30 07:20:51,OIS00010,GNRUCC,4
7626F423,2090,76FA846400507,2026-06-30 07:20:51,OIS00010,GNRUCC,4
7626F423,2090,76FA846400508,2026-06-30 07:20:51,OIS00010,GNRUCC,4
7626F423,2090,76FA846400509,2026-06-30 07:20:51,OIS00010,GNRUCC,4
7626F423,2090,76FA846400510,2026-06-30 07:20:51,OIS00010,GNRUCC,4
7626F423,2090,76FA846400511,2026-06-30 07:20:51,OIS00010,GNRUCC,4
7626F423,2090,76FA846400512,2026-06-30 07:20:51,OIS00010,GNRUCC,4
7626F423,2090,76FA846400513,2026-06-30 07:20:51,OIS00010,GNRUCC,4
7626F423,2090,76FA846400514,2026-06-30 07:20:51,OIS00010,GNRUCC,4
7626F423,2090,76FA846400515,2026-06-30 07:20:51,OIS00010,GNRUCC,4
7626F423,2090,76FA846400516,2026-06-30 07:20:51,OIS00010,GNRUCC,4
7626F423,2090,76FA846400517,2026-06-30 07:20:51,OIS00010,GNRUCC,4
7626F423,2090,76FA846400518,2026-06-30 07:20:51,OIS00010,GNRUCC,4
7626F423,2090,76FA846400519,2026-06-30 07:20:51,OIS00010,GNRUCC,4
7626F423,2090,76FA846400520,2026-06-30 07:20:51,OIS00010,GNRUCC,4
7626F423,2090,76FA846400521,2026-06-30 07:20:51,OIS00010,GNRUCC,4
7626F423,2090,76FA846400522,2026-06-30 07:20:51,OIS00010,GNRUCC,4
7626F423,2090,76FA846400523,2026-06-30 07:20:51,OIS00010,GNRUCC,4
7626F423,2090,76FA846400524,2026-06-30 07:20:51,OIS00010,GNRUCC,4
7626F423,2090,76FA846400525,2026-06-30 07:20:51,OIS00010,GNRUCC,4
7626F423,2090,76FA846400526,2026-06-30 07:20:51,OIS00010,GNRUCC,4
7626F423,2090,76FA846400560,2026-06-30 07:20:51,OIS00010,GNRUCC,4
7626F423,2090,76FA846400561,2026-06-30 07:20:51,OIS00010,GNRUCC,4
7626F423,2090,76FA846400562,2026-06-30 07:20:51,OIS00010,GNRUCC,4
7626F423,2090,76FA846400563,2026-06-30 07:20:51,OIS00010,GNRUCC,4
7626F423,2090,76FA846400564,2026-06-30 07:20:51,OIS00010,GNRUCC,4
7626F423,2090,76FA846400565,2026-06-30 07:20:51,OIS00010,GNRUCC,4
7626F423,2090,76FA846400566,2026-06-30 07:20:51,OIS00010,GNRUCC,4
7626F423,2090,76FA846400567,2026-06-30 07:20:51,OIS00010,GNRUCC,4
7626F423,2090,76FA846400568,2026-06-30 07:20:51,OIS00010,GNRUCC,4
7626F423,2090,76FA846400569,2026-06-30 07:20:51,OIS00010,GNRUCC,4
7626F423,2090,76FA846400570,2026-06-30 07:20:51,OIS00010,GNRUCC,4
7626F423,2090,76FA846400571,2026-06-30 07:20:51,OIS00010,GNRUCC,4
7626F423,2090,76FA846400572,2026-06-30 07:20:51,OIS00010,GNRUCC,4
7626F423,2090,76FA846400573,2026-06-30 07:20:51,OIS00010,GNRUCC,4
7626F423,2090,76FA846400574,2026-06-30 07:20:51,OIS00010,GNRUCC,4
7626F423,2090,76Q89A6400654,2026-06-30 07:20:51,OIS00010,GNRUCC,4
7626F423,2090,76Q89A6400655,2026-06-30 07:20:51,OIS00010,GNRUCC,4
7626F423,2090,76Q89A6400656,2026-06-30 07:20:51,OIS00010,GNRUCC,4
7626F423,2090,76Q89A6400657,2026-06-30 07:20:51,OIS00010,GNRUCC,4
7626F423,2090,76Q89A6400658,2026-06-30 07:20:51,OIS00010,GNRUCC,4
7626F423,2090,76Q89A6400659,2026-06-30 07:20:51,OIS00010,GNRUCC,4
7626F423,2090,76Q89A6400660,2026-06-30 07:20:51,OIS00010,GNRUCC,4
7626F423,2090,76Q89A6400661,2026-06-30 07:20:51,OIS00010,GNRUCC,4
7626F423,2090,76Q89A6400662,2026-06-30 07:20:51,OIS00010,GNRUCC,4
7626F423,2090,76Q89A6400687,2026-06-30 07:20:51,OIS00010,GNRUCC,4
7626F423,2090,76Q89A6400688,2026-06-30 07:20:51,OIS00010,GNRUCC,4
7626F423,2090,76Q89A6400689,2026-06-30 07:20:51,OIS00010,GNRUCC,4
7626F423,2090,76Q89A6400696,2026-06-30 07:20:51,OIS00010,GNRUCC,4
7626F423,2090,76Q89A6400697,2026-06-30 07:20:51,OIS00010,GNRUCC,4
7626F423,2090,76Q89A6400699,2026-06-30 07:20:51,OIS00010,GNRUCC,4
7626F423,2090,76Q89A6400700,2026-06-30 07:20:51,OIS00010,GNRUCC,4
7626F423,2090,76Q89A6400701,2026-06-30 07:20:51,OIS00010,GNRUCC,4
7626F563,2090,764SW79600505,2026-06-30 04:27:11,OIS00013,GNRHCC,4
7626F563,2090,764SW79600506,2026-06-30 04:27:11,OIS00013,GNRHCC,4
7626F563,2090,764SW79600507,2026-06-30 04:27:11,OIS00013,GNRHCC,4
7626F563,2090,764SW79600508,2026-06-30 04:27:11,OIS00013,GNRHCC,4
7626F563,2090,764SW79600509,2026-06-30 04:27:11,OIS00013,GNRHCC,4
7626F563,2090,764SW79600510,2026-06-30 04:27:11,OIS00013,GNRHCC,4
7626F563,2090,764SW79600511,2026-06-30 04:27:11,OIS00013,GNRHCC,4
7626F563,2090,764SW79600512,2026-06-30 04:27:11,OIS00013,GNRHCC,4
7626F563,2090,764SW79600513,2026-06-30 04:27:11,OIS00013,GNRHCC,4
7626F563,2090,764SW79600514,2026-06-30 04:27:11,OIS00013,GNRHCC,4
7626F563,2090,764SW79600515,2026-06-30 04:27:11,OIS00013,GNRHCC,4
7626F563,2090,764SW79600516,2026-06-30 04:27:11,OIS00013,GNRHCC,4
7626F563,2090,764SW79600517,2026-06-30 04:27:11,OIS00013,GNRHCC,4
7626F563,2090,764SW79600518,2026-06-30 04:27:11,OIS00013,GNRHCC,4
7626F563,2090,764SW79600519,2026-06-30 04:27:11,OIS00013,GNRHCC,4
7626F563,2090,764SW79600520,2026-06-30 04:27:11,OIS00013,GNRHCC,4
7626F563,2090,764SW79600521,2026-06-30 04:27:11,OIS00013,GNRHCC,4
7626F563,2090,764SW79600522,2026-06-30 04:27:11,OIS00013,GNRHCC,4
7626F563,2090,764SW79600523,2026-06-30 04:27:11,OIS00013,GNRHCC,4
7626F563,2090,764SW79600524,2026-06-30 04:27:11,OIS00013,GNRHCC,4
7626F563,2090,764SW79600605,2026-06-30 04:27:11,OIS00013,GNRHCC,4
7626F563,2090,764SW79600606,2026-06-30 04:27:11,OIS00013,GNRHCC,4
7626F563,2090,764SW79600607,2026-06-30 04:27:11,OIS00013,GNRHCC,4
7626F563,2090,764SW79600608,2026-06-30 04:27:11,OIS00013,GNRHCC,4
7626F563,2090,764SW79600609,2026-06-30 04:27:11,OIS00013,GNRHCC,4
7626F563,2090,764SW79600610,2026-06-30 04:27:11,OIS00013,GNRHCC,4
7626F563,2090,764SW79600611,2026-06-30 04:27:11,OIS00013,GNRHCC,4
7626F563,2090,764SW79600612,2026-06-30 04:27:11,OIS00013,GNRHCC,4
7626F563,2090,764SW79600613,2026-06-30 04:27:11,OIS00013,GNRHCC,4
7626F563,2090,764SW79600614,2026-06-30 04:27:11,OIS00013,GNRHCC,4
7626F563,2090,764SW79600615,2026-06-30 04:27:11,OIS00013,GNRHCC,4
7626F563,2090,764SW79600616,2026-06-30 04:27:11,OIS00013,GNRHCC,4
7626F563,2090,764SW79600617,2026-06-30 04:27:11,OIS00013,GNRHCC,4
7626F563,2090,764SW79600618,2026-06-30 04:27:11,OIS00013,GNRHCC,4
7626F563,2090,764SW79600619,2026-06-30 04:27:11,OIS00013,GNRHCC,4
7626F563,2090,764SW79600620,2026-06-30 04:27:11,OIS00013,GNRHCC,4
7626F563,2090,764SW79600621,2026-06-30 04:27:11,OIS00013,GNRHCC,4
7626F563,2090,764SW79600622,2026-06-30 04:27:11,OIS00013,GNRHCC,4
7626F563,2090,764SW79600623,2026-06-30 04:27:11,OIS00013,GNRHCC,4
7626F563,2090,764SW79600624,2026-06-30 04:27:11,OIS00013,GNRHCC,4
7626F563,2090,764SW79600625,2026-06-30 04:27:11,OIS00013,GNRHCC,4
7626F563,2090,764SW79600626,2026-06-30 04:27:11,OIS00013,GNRHCC,4
7626F563,2090,764SW79600627,2026-06-30 04:27:11,OIS00013,GNRHCC,4
7626F563,2090,764SW79600628,2026-06-30 04:27:11,OIS00013,GNRHCC,4
7626F563,2090,764SW79600629,2026-06-30 04:27:11,OIS00013,GNRHCC,4
7626F563,2090,764SW79600630,2026-06-30 04:27:11,OIS00013,GNRHCC,4
7626F563,2090,764SW79600631,2026-06-30 04:27:11,OIS00013,GNRHCC,4
7626F563,2090,764SW79600632,2026-06-30 04:27:11,OIS00013,GNRHCC,4
7626F563,2090,764SW79600633,2026-06-30 04:27:11,OIS00013,GNRHCC,4
7626F563,2090,764SW79600634,2026-06-30 04:27:11,OIS00013,GNRHCC,4
7626F563,2090,764SW79600635,2026-06-30 04:27:11,OIS00013,GNRHCC,4
7626F563,2090,764SW79600636,2026-06-30 04:27:11,OIS00013,GNRHCC,4
7626F563,2090,764SW79600637,2026-06-30 04:27:11,OIS00013,GNRHCC,4
7626F563,2090,764SW79600638,2026-06-30 04:27:11,OIS00013,GNRHCC,4
7626F563,2090,764SW79600639,2026-06-30 04:27:11,OIS00013,GNRHCC,4
7626F563,2090,764SW79600640,2026-06-30 04:27:11,OIS00013,GNRHCC,4
7626F563,2090,764SW79600641,2026-06-30 04:27:11,OIS00013,GNRHCC,4
7626F563,2090,764SW79600642,2026-06-30 04:27:11,OIS00013,GNRHCC,4
7626F563,2090,764SW79600643,2026-06-30 04:27:11,OIS00013,GNRHCC,4
7626F563,2090,764SW79600644,2026-06-30 04:27:11,OIS00013,GNRHCC,4
7626F563,2090,764SW79600665,2026-06-30 04:27:11,OIS00013,GNRHCC,4
7626F563,2090,764SW79600666,2026-06-30 04:27:11,OIS00013,GNRHCC,4
7626F563,2090,764SW79600667,2026-06-30 04:27:11,OIS00013,GNRHCC,4
7626F563,2090,764SW79600668,2026-06-30 04:27:11,OIS00013,GNRHCC,4
7626F563,2090,764SW79600669,2026-06-30 04:27:11,OIS00013,GNRHCC,4
7626F563,2090,764SW79600670,2026-06-30 04:27:11,OIS00013,GNRHCC,4
7626F563,2090,764SW79600671,2026-06-30 04:27:11,OIS00013,GNRHCC,4
7626F563,2090,764SW79600672,2026-06-30 04:27:11,OIS00013,GNRHCC,4
7626F563,2090,764SW79600673,2026-06-30 04:27:11,OIS00013,GNRHCC,4
7626F563,2090,764SW79600674,2026-06-30 04:27:11,OIS00013,GNRHCC,4
7626F563,2090,764SW79600675,2026-06-30 04:27:11,OIS00013,GNRHCC,4
7626F563,2090,764SW79600676,2026-06-30 04:27:11,OIS00013,GNRHCC,4
7626F563,2090,764SW79600677,2026-06-30 04:27:11,OIS00013,GNRHCC,4
7626F563,2090,764SW79600678,2026-06-30 04:27:11,OIS00013,GNRHCC,4
7626F563,2090,764SW79600679,2026-06-30 04:27:11,OIS00013,GNRHCC,4
7626F563,2090,764SW79600680,2026-06-30 04:27:11,OIS00013,GNRHCC,4
7626F563,2090,764SW79600681,2026-06-30 04:27:11,OIS00013,GNRHCC,4
7626F563,2090,764SW79600682,2026-06-30 04:27:11,OIS00013,GNRHCC,4
7626F563,2090,764SW79600683,2026-06-30 04:27:11,OIS00013,GNRHCC,4
7626F563,2090,764SW79600684,2026-06-30 04:27:11,OIS00013,GNRHCC,4
7626F563,2090,764SW79600693,2026-06-30 04:27:11,OIS00013,GNRHCC,4
7626F563,2090,764SW79600694,2026-06-30 04:27:11,OIS00013,GNRHCC,4
7626F563,2090,764SW79600695,2026-06-30 04:27:11,OIS00013,GNRHCC,4
7626F563,2090,764SW79600696,2026-06-30 04:27:11,OIS00013,GNRHCC,4
7626F563,2090,764SW79600697,2026-06-30 04:27:11,OIS00013,GNRHCC,4
7626F563,2090,764SW79600698,2026-06-30 04:27:11,OIS00013,GNRHCC,4
7626F563,2090,764SW79600699,2026-06-30 04:27:11,OIS00013,GNRHCC,4
7626F563,2090,764SW79600700,2026-06-30 04:27:11,OIS00013,GNRHCC,4
7626F563,2090,764SW79600701,2026-06-30 04:27:11,OIS00013,GNRHCC,4
7626F563,2090,764SW79600702,2026-06-30 04:27:11,OIS00013,GNRHCC,4
7626F563,2090,764SW79600703,2026-06-30 04:27:11,OIS00013,GNRHCC,4
7626F563,2090,764SW79600704,2026-06-30 04:27:11,OIS00013,GNRHCC,4
7626F563,2090,764SW79600705,2026-06-30 04:27:11,OIS00013,GNRHCC,4
7626F563,2090,764SW79600706,2026-06-30 04:27:11,OIS00013,GNRHCC,4
7626F563,2090,764SW79600707,2026-06-30 04:27:11,OIS00013,GNRHCC,4
7626F563,2090,764SW79600708,2026-06-30 04:27:11,OIS00013,GNRHCC,4
7626F563,2090,764SW79600709,2026-06-30 04:27:11,OIS00013,GNRHCC,4
7626F563,2090,764SW79600710,2026-06-30 04:27:11,OIS00013,GNRHCC,4
7626F563,2090,764SW79600711,2026-06-30 04:27:11,OIS00013,GNRHCC,4
7626F563,2090,764SW79600712,2026-06-30 04:27:11,OIS00013,GNRHCC,4
7626F563,2090,764SW79600725,2026-06-30 04:27:11,OIS00013,GNRHCC,4
7626F563,2090,764SW79600726,2026-06-30 04:27:11,OIS00013,GNRHCC,4
7626F563,2090,764SW79600727,2026-06-30 04:27:11,OIS00013,GNRHCC,4
7626F563,2090,764SW79600728,2026-06-30 04:27:11,OIS00013,GNRHCC,4
7626F563,2090,764SW79600729,2026-06-30 04:27:11,OIS00013,GNRHCC,4
7626F563,2090,764SW79600730,2026-06-30 04:27:11,OIS00013,GNRHCC,4
7626F563,2090,764SW79600731,2026-06-30 04:27:11,OIS00013,GNRHCC,4
7626F563,2090,764SW79600732,2026-06-30 04:27:11,OIS00013,GNRHCC,4
7626F563,2090,764SW79600733,2026-06-30 04:27:11,OIS00013,GNRHCC,4
7626F563,2090,764SW79600734,2026-06-30 04:27:11,OIS00013,GNRHCC,4
7626F563,2090,764SW79600735,2026-06-30 04:27:11,OIS00013,GNRHCC,4
7626F563,2090,764SW79600736,2026-06-30 04:27:11,OIS00013,GNRHCC,4
7626F563,2090,764SW79600737,2026-06-30 04:27:11,OIS00013,GNRHCC,4
7626F563,2090,764SW79600738,2026-06-30 04:27:11,OIS00013,GNRHCC,4
7626F563,2090,764SW79600739,2026-06-30 04:27:11,OIS00013,GNRHCC,4
7626F563,2090,764SW79600740,2026-06-30 04:27:11,OIS00013,GNRHCC,4
7626F563,2090,764SW79600741,2026-06-30 04:27:11,OIS00013,GNRHCC,4
7626F563,2090,764SW79600742,2026-06-30 04:27:11,OIS00013,GNRHCC,4
7626F563,2090,764SW79600743,2026-06-30 04:27:11,OIS00013,GNRHCC,4
7626F563,2090,764SW79600744,2026-06-30 04:27:11,OIS00013,GNRHCC,4
7626F563,2090,764SW79600745,2026-06-30 04:27:11,OIS00013,GNRHCC,4
7626F563,2090,764SW79600746,2026-06-30 04:27:11,OIS00013,GNRHCC,4
7626F563,2090,764SW79600747,2026-06-30 04:27:11,OIS00013,GNRHCC,4
7626F563,2090,764SW79600748,2026-06-30 04:27:11,OIS00013,GNRHCC,4
7626F563,2090,764SW79600749,2026-06-30 04:27:11,OIS00013,GNRHCC,4
7626F563,2090,764SW79600750,2026-06-30 04:27:11,OIS00013,GNRHCC,4
7626F563,2090,764SW79600751,2026-06-30 04:27:11,OIS00013,GNRHCC,4
7626F563,2090,764SW79600752,2026-06-30 04:27:11,OIS00013,GNRHCC,4
7626F563,2090,764SW79600753,2026-06-30 04:27:11,OIS00013,GNRHCC,4
7626F563,2090,764SW79600754,2026-06-30 04:27:11,OIS00013,GNRHCC,4
7626F563,2090,764SW79600755,2026-06-30 04:27:11,OIS00013,GNRHCC,4
7626F563,2090,764SW79600756,2026-06-30 04:27:11,OIS00013,GNRHCC,4
7626F563,2090,764SW79600757,2026-06-30 04:27:11,OIS00013,GNRHCC,4
7626F563,2090,764SW79600758,2026-06-30 04:27:11,OIS00013,GNRHCC,4
7626F563,2090,764SW79600759,2026-06-30 04:27:11,OIS00013,GNRHCC,4
7626F563,2090,764SW79600760,2026-06-30 04:27:11,OIS00013,GNRHCC,4
7626F563,2090,764SW79600761,2026-06-30 04:27:11,OIS00013,GNRHCC,4
7626F563,2090,764SW79600762,2026-06-30 04:27:11,OIS00013,GNRHCC,4
7626F563,2090,764SW79600763,2026-06-30 04:27:11,OIS00013,GNRHCC,4
7626F563,2090,764SW79600764,2026-06-30 04:27:11,OIS00013,GNRHCC,4
7626F563,2090,764SW79600765,2026-06-30 04:27:11,OIS00013,GNRHCC,4
7626F563,2090,764SW79600766,2026-06-30 04:27:11,OIS00013,GNRHCC,4
7626F563,2090,764SW79600767,2026-06-30 04:27:11,OIS00013,GNRHCC,4
7626F563,2090,764SW79600768,2026-06-30 04:27:11,OIS00013,GNRHCC,4
7626F563,2090,764SW79600769,2026-06-30 04:27:11,OIS00013,GNRHCC,4
7626F563,2090,764SW79600770,2026-06-30 04:27:11,OIS00013,GNRHCC,4
7626F563,2090,764SW79600771,2026-06-30 04:27:11,OIS00013,GNRHCC,4
7626F563,2090,764SW79600772,2026-06-30 04:27:11,OIS00013,GNRHCC,4
7626F563,2090,764SW79600773,2026-06-30 04:27:11,OIS00013,GNRHCC,4
7626F563,2090,764SW79600774,2026-06-30 04:27:11,OIS00013,GNRHCC,4
7626F563,2090,764SW79600775,2026-06-30 04:27:11,OIS00013,GNRHCC,4
7626F563,2090,764SW79600776,2026-06-30 04:27:11,OIS00013,GNRHCC,4
7626F563,2090,764SW79600777,2026-06-30 04:27:11,OIS00013,GNRHCC,4
7626F563,2090,764SW79600778,2026-06-30 04:27:11,OIS00013,GNRHCC,4
7626F563,2090,764SW79600779,2026-06-30 04:27:11,OIS00013,GNRHCC,4
7626F563,2090,764SW79600780,2026-06-30 04:27:11,OIS00013,GNRHCC,4
7626F563,2090,764SW79600785,2026-06-30 04:27:11,OIS00013,GNRHCC,4
7626F563,2090,764SW79600786,2026-06-30 04:27:11,OIS00013,GNRHCC,4
7626F563,2090,764SW79600787,2026-06-30 04:27:11,OIS00013,GNRHCC,4
7626F563,2090,764SW79600788,2026-06-30 04:27:11,OIS00013,GNRHCC,4
7626F563,2090,764SW79600789,2026-06-30 04:27:11,OIS00013,GNRHCC,4
7626F563,2090,764SW79600790,2026-06-30 04:27:11,OIS00013,GNRHCC,4
7626F563,2090,764SW79600791,2026-06-30 04:27:11,OIS00013,GNRHCC,4
7626F563,2090,764SW79600792,2026-06-30 04:27:11,OIS00013,GNRHCC,4
7626F563,2090,764SW79600793,2026-06-30 04:27:11,OIS00013,GNRHCC,4
7626F563,2090,764SW79600794,2026-06-30 04:27:11,OIS00013,GNRHCC,4
7626F563,2090,764SW79600795,2026-06-30 04:27:11,OIS00013,GNRHCC,4
7626F563,2090,764SW79600796,2026-06-30 04:27:11,OIS00013,GNRHCC,4
7626F563,2090,764SW79600797,2026-06-30 04:27:11,OIS00013,GNRHCC,4
7626F563,2090,764SW79600798,2026-06-30 04:27:11,OIS00013,GNRHCC,4
7626F563,2090,764SW79600799,2026-06-30 04:27:11,OIS00013,GNRHCC,4
7626F563,2090,764SW79600800,2026-06-30 04:27:11,OIS00013,GNRHCC,4
7626F563,2090,764SW79600801,2026-06-30 04:27:11,OIS00013,GNRHCC,4
7626F563,2090,764SW79600802,2026-06-30 04:27:11,OIS00013,GNRHCC,4
7626F563,2090,764SW79600803,2026-06-30 04:27:11,OIS00013,GNRHCC,4
7626F563,2090,764SW79600804,2026-06-30 04:27:11,OIS00013,GNRHCC,4
7626F563,2090,764SW79600805,2026-06-30 04:27:11,OIS00013,GNRHCC,4
7626F563,2090,764SW79600806,2026-06-30 04:27:11,OIS00013,GNRHCC,4
7626F563,2090,764SW79600807,2026-06-30 04:27:11,OIS00013,GNRHCC,4
7626F563,2090,764SW79600808,2026-06-30 04:27:11,OIS00013,GNRHCC,4
7626F563,2090,764SW79600809,2026-06-30 04:27:11,OIS00013,GNRHCC,4
7626F563,2090,764SW79600810,2026-06-30 04:27:11,OIS00013,GNRHCC,4
7626F563,2090,764SW79600811,2026-06-30 04:27:11,OIS00013,GNRHCC,4
7626F563,2090,764SW79600812,2026-06-30 04:27:11,OIS00013,GNRHCC,4
7626F563,2090,764SW79600813,2026-06-30 04:27:11,OIS00013,GNRHCC,4
7626F563,2090,764SW79600814,2026-06-30 04:27:11,OIS00013,GNRHCC,4
7626F563,2090,764SW79600815,2026-06-30 04:27:11,OIS00013,GNRHCC,4
7626F563,2090,764SW79600816,2026-06-30 04:27:11,OIS00013,GNRHCC,4
7626F563,2090,764SW79600817,2026-06-30 04:27:11,OIS00013,GNRHCC,4
7626F563,2090,764SW79600818,2026-06-30 04:27:11,OIS00013,GNRHCC,4
7626F563,2090,764SW79600819,2026-06-30 04:27:11,OIS00013,GNRHCC,4
7626F563,2090,764SW79600820,2026-06-30 04:27:11,OIS00013,GNRHCC,4
7626F563,2090,764SW79600821,2026-06-30 04:27:11,OIS00013,GNRHCC,4
7626F563,2090,764SW79600822,2026-06-30 04:27:11,OIS00013,GNRHCC,4
7626F563,2090,764SW79600823,2026-06-30 04:27:11,OIS00013,GNRHCC,4
7626F563,2090,764SW79600824,2026-06-30 04:27:11,OIS00013,GNRHCC,4
7626F563,2090,764SW79600825,2026-06-30 04:27:11,OIS00013,GNRHCC,4
7626F563,2090,764SW79600826,2026-06-30 04:27:11,OIS00013,GNRHCC,4
7626F563,2090,764SW79600827,2026-06-30 04:27:11,OIS00013,GNRHCC,4
7626F563,2090,764SW79600828,2026-06-30 04:27:11,OIS00013,GNRHCC,4
7626F563,2090,764SW79600829,2026-06-30 04:27:11,OIS00013,GNRHCC,4
7626F563,2090,764SW79600830,2026-06-30 04:27:11,OIS00013,GNRHCC,4
7626F563,2090,764SW79600831,2026-06-30 04:27:11,OIS00013,GNRHCC,4
7626F563,2090,764SW79600832,2026-06-30 04:27:11,OIS00013,GNRHCC,4
7626F563,2090,764SW79600833,2026-06-30 04:27:11,OIS00013,GNRHCC,4
7626F563,2090,764SW79600834,2026-06-30 04:27:11,OIS00013,GNRHCC,4
7626F563,2090,764SW79600835,2026-06-30 04:27:11,OIS00013,GNRHCC,4
7626F563,2090,764SW79600836,2026-06-30 04:27:11,OIS00013,GNRHCC,4
7626F563,2090,764SW79600837,2026-06-30 04:27:11,OIS00013,GNRHCC,4
7626F563,2090,764SW79600838,2026-06-30 04:27:11,OIS00013,GNRHCC,4
7626F563,2090,764SW79600839,2026-06-30 04:27:11,OIS00013,GNRHCC,4
7626F563,2090,764SW79600840,2026-06-30 04:27:11,OIS00013,GNRHCC,4
7626F563,2090,764SW79600841,2026-06-30 04:27:11,OIS00013,GNRHCC,4
7626F563,2090,764SW79600842,2026-06-30 04:27:11,OIS00013,GNRHCC,4
7626F563,2090,764SW79600843,2026-06-30 04:27:11,OIS00013,GNRHCC,4
7626F563,2090,764SW79600844,2026-06-30 04:27:11,OIS00013,GNRHCC,4
7626F563,2090,764SW79600885,2026-06-30 04:27:11,OIS00013,GNRHCC,4
7626F563,2090,764SW79600886,2026-06-30 04:27:11,OIS00013,GNRHCC,4
7626F563,2090,764SW79600887,2026-06-30 04:27:11,OIS00013,GNRHCC,4
7626F563,2090,764SW79600888,2026-06-30 04:27:11,OIS00013,GNRHCC,4
7626F563,2090,764SW79600889,2026-06-30 04:27:11,OIS00013,GNRHCC,4
7626F563,2090,764SW79600890,2026-06-30 04:27:11,OIS00013,GNRHCC,4
7626F563,2090,764SW79600891,2026-06-30 04:27:11,OIS00013,GNRHCC,4
7626F563,2090,764SW79600892,2026-06-30 04:27:11,OIS00013,GNRHCC,4
7626F563,2090,764SW79600893,2026-06-30 04:27:11,OIS00013,GNRHCC,4
7626F563,2090,764SW79600894,2026-06-30 04:27:11,OIS00013,GNRHCC,4
7626F563,2090,764SW79600895,2026-06-30 04:27:11,OIS00013,GNRHCC,4
7626F563,2090,764SW79600896,2026-06-30 04:27:11,OIS00013,GNRHCC,4
7626F563,2090,764SW79600897,2026-06-30 04:27:11,OIS00013,GNRHCC,4
7626F563,2090,764SW79600898,2026-06-30 04:27:11,OIS00013,GNRHCC,4
7626F563,2090,764SW79600899,2026-06-30 04:27:11,OIS00013,GNRHCC,4
7626F563,2090,764SW79600900,2026-06-30 04:27:11,OIS00013,GNRHCC,4
7626F563,2090,764SW79600901,2026-06-30 04:27:11,OIS00013,GNRHCC,4
7626F563,2090,764SW79600902,2026-06-30 04:27:11,OIS00013,GNRHCC,4
7626F563,2090,764SW79600903,2026-06-30 04:27:11,OIS00013,GNRHCC,4
7626F563,2090,764SW79600904,2026-06-30 04:27:11,OIS00013,GNRHCC,4
7626F563,2090,764SW79600905,2026-06-30 04:27:11,OIS00013,GNRHCC,4
7626F563,2090,764SW79600906,2026-06-30 04:27:11,OIS00013,GNRHCC,4
7626F563,2090,764SW79600907,2026-06-30 04:27:11,OIS00013,GNRHCC,4
7626F563,2090,764SW79600908,2026-06-30 04:27:11,OIS00013,GNRHCC,4
7626F563,2090,764SW79600909,2026-06-30 04:27:11,OIS00013,GNRHCC,4
7626F563,2090,764SW79600910,2026-06-30 04:27:11,OIS00013,GNRHCC,4
7626F563,2090,764SW79600911,2026-06-30 04:27:11,OIS00013,GNRHCC,4
7626F563,2090,764SW79600912,2026-06-30 04:27:11,OIS00013,GNRHCC,4
7626F563,2090,764SW79600913,2026-06-30 04:27:11,OIS00013,GNRHCC,4
7626F563,2090,764SW79600914,2026-06-30 04:27:11,OIS00013,GNRHCC,4
7626F563,2090,764SW79600915,2026-06-30 04:27:11,OIS00013,GNRHCC,4
7626F563,2090,764SW79600916,2026-06-30 04:27:11,OIS00013,GNRHCC,4
7626F563,2090,764SW79600917,2026-06-30 04:27:11,OIS00013,GNRHCC,4
7626F563,2090,764SW79600918,2026-06-30 04:27:11,OIS00013,GNRHCC,4
7626F563,2090,764SW79600919,2026-06-30 04:27:11,OIS00013,GNRHCC,4
7626F563,2090,764SW79600920,2026-06-30 04:27:11,OIS00013,GNRHCC,4
7626F563,2090,764SW79600921,2026-06-30 04:27:11,OIS00013,GNRHCC,4
7626F563,2090,764SW79600922,2026-06-30 04:27:11,OIS00013,GNRHCC,4
7626F563,2090,764SW79600923,2026-06-30 04:27:11,OIS00013,GNRHCC,4
7626F563,2090,764SW79600924,2026-06-30 04:27:11,OIS00013,GNRHCC,4
7626F563,2090,764SW79600945,2026-06-30 04:27:11,OIS00013,GNRHCC,4
7626F563,2090,764SW79600946,2026-06-30 04:27:11,OIS00013,GNRHCC,4
7626F563,2090,764SW79600947,2026-06-30 04:27:11,OIS00013,GNRHCC,4
7626F563,2090,764SW79600948,2026-06-30 04:27:11,OIS00013,GNRHCC,4
7626F563,2090,764SW79600949,2026-06-30 04:27:11,OIS00013,GNRHCC,4
7626F563,2090,764SW79600950,2026-06-30 04:27:11,OIS00013,GNRHCC,4
7626F563,2090,764SW79600951,2026-06-30 04:27:11,OIS00013,GNRHCC,4
7626F563,2090,764SW79600952,2026-06-30 04:27:11,OIS00013,GNRHCC,4
7626F563,2090,764SW79600953,2026-06-30 04:27:11,OIS00013,GNRHCC,4
7626F563,2090,764SW79600954,2026-06-30 04:27:11,OIS00013,GNRHCC,4
7626F563,2090,764SW79600955,2026-06-30 04:27:11,OIS00013,GNRHCC,4
7626F563,2090,764SW79600956,2026-06-30 04:27:11,OIS00013,GNRHCC,4
7626F563,2090,764SW79600957,2026-06-30 04:27:11,OIS00013,GNRHCC,4
7626F563,2090,764SW79600958,2026-06-30 04:27:11,OIS00013,GNRHCC,4
7626F563,2090,764SW79600959,2026-06-30 04:27:11,OIS00013,GNRHCC,4
7626F563,2090,764SW79600960,2026-06-30 04:27:11,OIS00013,GNRHCC,4
7626F563,2090,764SW79600961,2026-06-30 04:27:11,OIS00013,GNRHCC,4
7626F563,2090,764SW79600962,2026-06-30 04:27:11,OIS00013,GNRHCC,4
7626F563,2090,764SW79600963,2026-06-30 04:27:11,OIS00013,GNRHCC,4
7626F563,2090,764SW79600964,2026-06-30 04:27:11,OIS00013,GNRHCC,4
7626F563,2090,764SW79600965,2026-06-30 04:27:11,OIS00013,GNRHCC,4
7626F563,2090,764SW79600966,2026-06-30 04:27:11,OIS00013,GNRHCC,4
7626F563,2090,764SW79600967,2026-06-30 04:27:11,OIS00013,GNRHCC,4
7626F563,2090,764SW79600968,2026-06-30 04:27:11,OIS00013,GNRHCC,4
7626F563,2090,764SW79600969,2026-06-30 04:27:11,OIS00013,GNRHCC,4
7626F563,2090,764SW79600970,2026-06-30 04:27:11,OIS00013,GNRHCC,4
7626F563,2090,764SW79600971,2026-06-30 04:27:11,OIS00013,GNRHCC,4
7626F563,2090,764SW79600972,2026-06-30 04:27:11,OIS00013,GNRHCC,4
7626F563,2090,764SW79600973,2026-06-30 04:27:11,OIS00013,GNRHCC,4
7626F563,2090,764SW79600974,2026-06-30 04:27:11,OIS00013,GNRHCC,4
7626F563,2090,764SW79600975,2026-06-30 04:27:11,OIS00013,GNRHCC,4
7626F563,2090,764SW79600976,2026-06-30 04:27:11,OIS00013,GNRHCC,4
7626F563,2090,764SW79600977,2026-06-30 04:27:11,OIS00013,GNRHCC,4
7626F563,2090,764SW79600978,2026-06-30 04:27:11,OIS00013,GNRHCC,4
7626F563,2090,764SW79600979,2026-06-30 04:27:11,OIS00013,GNRHCC,4
7626F563,2090,764SW79600980,2026-06-30 04:27:11,OIS00013,GNRHCC,4
7626F563,2090,764SW79600981,2026-06-30 04:27:11,OIS00013,GNRHCC,4
7626F563,2090,764SW79600982,2026-06-30 04:27:11,OIS00013,GNRHCC,4
7626F563,2090,764SW79600983,2026-06-30 04:27:11,OIS00013,GNRHCC,4
7626F563,2090,764SW79600984,2026-06-30 04:27:11,OIS00013,GNRHCC,4
7626F563,2090,764SW79600985,2026-06-30 04:27:11,OIS00013,GNRHCC,4
7626F563,2090,764SW79600986,2026-06-30 04:27:11,OIS00013,GNRHCC,4
7626F563,2090,764SW79600987,2026-06-30 04:27:11,OIS00013,GNRHCC,4
7626F563,2090,764SW79600988,2026-06-30 04:27:11,OIS00013,GNRHCC,4
7626F563,2090,764SW79600989,2026-06-30 04:27:11,OIS00013,GNRHCC,4
7626F563,2090,764SW79600990,2026-06-30 04:27:11,OIS00013,GNRHCC,4
7626F563,2090,764SW79600991,2026-06-30 04:27:11,OIS00013,GNRHCC,4
7626F563,2090,764SW79600992,2026-06-30 04:27:11,OIS00013,GNRHCC,4
7626F563,2090,764SW79600993,2026-06-30 04:27:11,OIS00013,GNRHCC,4
7626F563,2090,764SW79600994,2026-06-30 04:27:11,OIS00013,GNRHCC,4
7626F563,2090,764SW79600995,2026-06-30 04:27:11,OIS00013,GNRHCC,4
7626F563,2090,764SW79600996,2026-06-30 04:27:11,OIS00013,GNRHCC,4
7626F563,2090,764SW79600997,2026-06-30 04:27:11,OIS00013,GNRHCC,4
7626F563,2090,764SW79600998,2026-06-30 04:27:11,OIS00013,GNRHCC,4
7626F563,2090,764SW79600999,2026-06-30 04:27:11,OIS00013,GNRHCC,4
7626F563,2090,764SW79601000,2026-06-30 04:27:11,OIS00013,GNRHCC,4
7626F563,2090,764SW79601001,2026-06-30 04:27:11,OIS00013,GNRHCC,4
7626F563,2090,764SW79601002,2026-06-30 04:27:11,OIS00013,GNRHCC,4
7626F563,2090,764SW79601003,2026-06-30 04:27:11,OIS00013,GNRHCC,4
7626F563,2090,764SW79601004,2026-06-30 04:27:11,OIS00013,GNRHCC,4
7626F563,2090,764SW79601005,2026-06-30 04:27:11,OIS00013,GNRHCC,4
7626F563,2090,764SW79601006,2026-06-30 04:27:11,OIS00013,GNRHCC,4
7626F563,2090,764SW79601007,2026-06-30 04:27:11,OIS00013,GNRHCC,4
7626F563,2090,764SW79601008,2026-06-30 04:27:11,OIS00013,GNRHCC,4
7626F563,2090,764SW79601009,2026-06-30 04:27:11,OIS00013,GNRHCC,4
7626F563,2090,764SW79601010,2026-06-30 04:27:11,OIS00013,GNRHCC,4
7626F563,2090,764SW79601011,2026-06-30 04:27:11,OIS00013,GNRHCC,4
7626F563,2090,764SW79601012,2026-06-30 04:27:11,OIS00013,GNRHCC,4
7626F563,2090,764SW79601013,2026-06-30 04:27:11,OIS00013,GNRHCC,4
7626F563,2090,764SW79601014,2026-06-30 04:27:11,OIS00013,GNRHCC,4
7626F563,2090,764SW79601015,2026-06-30 04:27:11,OIS00013,GNRHCC,4
7626F563,2090,764SW79601016,2026-06-30 04:27:11,OIS00013,GNRHCC,4
7626F563,2090,764SW79601017,2026-06-30 04:27:11,OIS00013,GNRHCC,4
7626F563,2090,764SW79601018,2026-06-30 04:27:11,OIS00013,GNRHCC,4
7626F563,2090,764SW79601019,2026-06-30 04:27:11,OIS00013,GNRHCC,4
7626F563,2090,764SW79601020,2026-06-30 04:27:11,OIS00013,GNRHCC,4
7626F563,2090,764SW79601021,2026-06-30 04:27:11,OIS00013,GNRHCC,4
7626F563,2090,764SW79601022,2026-06-30 04:27:11,OIS00013,GNRHCC,4
7626F563,2090,764SW79601023,2026-06-30 04:27:11,OIS00013,GNRHCC,4
7626F563,2090,764SW79601024,2026-06-30 04:27:11,OIS00013,GNRHCC,4
7626F563,2090,764SW79601045,2026-06-30 04:27:11,OIS00013,GNRHCC,4
7626F563,2090,764SW79601046,2026-06-30 04:27:11,OIS00013,GNRHCC,4
7626F563,2090,764SW79601047,2026-06-30 04:27:11,OIS00013,GNRHCC,4
7626F563,2090,764SW79601048,2026-06-30 04:27:11,OIS00013,GNRHCC,4
7626F563,2090,764SW79601049,2026-06-30 04:27:11,OIS00013,GNRHCC,4
7626F563,2090,764SW79601050,2026-06-30 04:27:11,OIS00013,GNRHCC,4
7626F563,2090,764SW79601051,2026-06-30 04:27:11,OIS00013,GNRHCC,4
7626F563,2090,764SW79601052,2026-06-30 04:27:11,OIS00013,GNRHCC,4
7626F563,2090,764SW79601053,2026-06-30 04:27:11,OIS00013,GNRHCC,4
7626F563,2090,764SW79601054,2026-06-30 04:27:11,OIS00013,GNRHCC,4
7626F563,2090,764SW79601055,2026-06-30 04:27:11,OIS00013,GNRHCC,4
7626F563,2090,764SW79601056,2026-06-30 04:27:11,OIS00013,GNRHCC,4
7626F563,2090,764SW79601057,2026-06-30 04:27:11,OIS00013,GNRHCC,4
7626F563,2090,764SW79601058,2026-06-30 04:27:11,OIS00013,GNRHCC,4
7626F563,2090,764SW79601059,2026-06-30 04:27:11,OIS00013,GNRHCC,4
7626F563,2090,764SW79601060,2026-06-30 04:27:11,OIS00013,GNRHCC,4
7626F563,2090,764SW79601061,2026-06-30 04:27:11,OIS00013,GNRHCC,4
7626F563,2090,764SW79601062,2026-06-30 04:27:11,OIS00013,GNRHCC,4
7626F563,2090,764SW79601063,2026-06-30 04:27:11,OIS00013,GNRHCC,4
7626F563,2090,764SW79601064,2026-06-30 04:27:11,OIS00013,GNRHCC,4
7626F563,2090,764SW79601065,2026-06-30 04:27:11,OIS00013,GNRHCC,4
7626F563,2090,764SW79601066,2026-06-30 04:27:11,OIS00013,GNRHCC,4
7626F563,2090,764SW79601067,2026-06-30 04:27:11,OIS00013,GNRHCC,4
7626F563,2090,764SW79601068,2026-06-30 04:27:11,OIS00013,GNRHCC,4
7626F563,2090,764SW79601069,2026-06-30 04:27:11,OIS00013,GNRHCC,4
7626F563,2090,764SW79601070,2026-06-30 04:27:11,OIS00013,GNRHCC,4
7626F563,2090,764SW79601071,2026-06-30 04:27:11,OIS00013,GNRHCC,4
7626F563,2090,764SW79601072,2026-06-30 04:27:11,OIS00013,GNRHCC,4
7626F563,2090,764SW79601073,2026-06-30 04:27:11,OIS00013,GNRHCC,4
7626F563,2090,764SW79601074,2026-06-30 04:27:11,OIS00013,GNRHCC,4
7626F563,2090,764SW79601075,2026-06-30 04:27:11,OIS00013,GNRHCC,4
7626F563,2090,764SW79601076,2026-06-30 04:27:11,OIS00013,GNRHCC,4
7626F563,2090,764SW79601077,2026-06-30 04:27:11,OIS00013,GNRHCC,4
7626F563,2090,764SW79601078,2026-06-30 04:27:11,OIS00013,GNRHCC,4
7626F563,2090,764SW79601079,2026-06-30 04:27:11,OIS00013,GNRHCC,4
7626F563,2090,764SW79601080,2026-06-30 04:27:11,OIS00013,GNRHCC,4
7626F563,2090,764SW79601081,2026-06-30 04:27:11,OIS00013,GNRHCC,4
7626F563,2090,764SW79601082,2026-06-30 04:27:11,OIS00013,GNRHCC,4
7626F563,2090,764SW79601083,2026-06-30 04:27:11,OIS00013,GNRHCC,4
7626F563,2090,764SW79601084,2026-06-30 04:27:11,OIS00013,GNRHCC,4
7626F563,2090,764SW79601125,2026-06-30 04:27:11,OIS00013,GNRHCC,4
7626F563,2090,764SW79601126,2026-06-30 04:27:11,OIS00013,GNRHCC,4
7626F563,2090,764SW79601127,2026-06-30 04:27:11,OIS00013,GNRHCC,4
7626F563,2090,764SW79601128,2026-06-30 04:27:11,OIS00013,GNRHCC,4
7626F563,2090,764SW79601129,2026-06-30 04:27:11,OIS00013,GNRHCC,4
7626F563,2090,764SW79601130,2026-06-30 04:27:11,OIS00013,GNRHCC,4
7626F563,2090,764SW79601131,2026-06-30 04:27:11,OIS00013,GNRHCC,4
7626F563,2090,764SW79601132,2026-06-30 04:27:11,OIS00013,GNRHCC,4
7626F563,2090,764SW79601133,2026-06-30 04:27:11,OIS00013,GNRHCC,4
7626F563,2090,764SW79601134,2026-06-30 04:27:11,OIS00013,GNRHCC,4
7626F563,2090,764SW79601135,2026-06-30 04:27:11,OIS00013,GNRHCC,4
7626F563,2090,764SW79601136,2026-06-30 04:27:11,OIS00013,GNRHCC,4
7626F563,2090,764SW79601137,2026-06-30 04:27:11,OIS00013,GNRHCC,4
7626F563,2090,764SW79601138,2026-06-30 04:27:11,OIS00013,GNRHCC,4
7626F563,2090,764SW79601139,2026-06-30 04:27:11,OIS00013,GNRHCC,4
7626F563,2090,764SW79601140,2026-06-30 04:27:11,OIS00013,GNRHCC,4
7626F563,2090,764SW79601141,2026-06-30 04:27:11,OIS00013,GNRHCC,4
7626F563,2090,764SW79601142,2026-06-30 04:27:11,OIS00013,GNRHCC,4
7626F563,2090,764SW79601143,2026-06-30 04:27:11,OIS00013,GNRHCC,4
7626F563,2090,764SW79601144,2026-06-30 04:27:11,OIS00013,GNRHCC,4
7626F563,2090,764SW79601145,2026-06-30 04:27:11,OIS00013,GNRHCC,4
7626F563,2090,764SW79601146,2026-06-30 04:27:11,OIS00013,GNRHCC,4
7626F563,2090,764SW79601147,2026-06-30 04:27:11,OIS00013,GNRHCC,4
7626F563,2090,764SW79601148,2026-06-30 04:27:11,OIS00013,GNRHCC,4
7626F563,2090,764SW79601149,2026-06-30 04:27:11,OIS00013,GNRHCC,4
7626F563,2090,764SW79601150,2026-06-30 04:27:11,OIS00013,GNRHCC,4
7626F563,2090,764SW79601151,2026-06-30 04:27:11,OIS00013,GNRHCC,4
7626F563,2090,764SW79601152,2026-06-30 04:27:11,OIS00013,GNRHCC,4
7626F563,2090,764SW79601153,2026-06-30 04:27:11,OIS00013,GNRHCC,4
7626F563,2090,764SW79601154,2026-06-30 04:27:11,OIS00013,GNRHCC,4
7626F563,2090,764SW79601155,2026-06-30 04:27:11,OIS00013,GNRHCC,4
7626F563,2090,764SW79601156,2026-06-30 04:27:11,OIS00013,GNRHCC,4
7626F563,2090,764SW79601157,2026-06-30 04:27:11,OIS00013,GNRHCC,4
7626F563,2090,764SW79601158,2026-06-30 04:27:11,OIS00013,GNRHCC,4
7626F563,2090,764SW79601159,2026-06-30 04:27:11,OIS00013,GNRHCC,4
7626F563,2090,764SW79601160,2026-06-30 04:27:11,OIS00013,GNRHCC,4
7626F563,2090,764SW79601161,2026-06-30 04:27:11,OIS00013,GNRHCC,4
7626F563,2090,764SW79601162,2026-06-30 04:27:11,OIS00013,GNRHCC,4
7626F563,2090,764SW79601163,2026-06-30 04:27:11,OIS00013,GNRHCC,4
7626F563,2090,764SW79601164,2026-06-30 04:27:11,OIS00013,GNRHCC,4
7626F563,2090,764SW79601177,2026-06-30 04:27:11,OIS00013,GNRHCC,4
7626F563,2090,764SW79601178,2026-06-30 04:27:11,OIS00013,GNRHCC,4
7626F563,2090,764SW79601179,2026-06-30 04:27:11,OIS00013,GNRHCC,4
7626F563,2090,764SW79601180,2026-06-30 04:27:11,OIS00013,GNRHCC,4
7626F563,2090,764SW79601181,2026-06-30 04:27:11,OIS00013,GNRHCC,4
7626F563,2090,764SW79601182,2026-06-30 04:27:11,OIS00013,GNRHCC,4
7626F563,2090,764SW79601183,2026-06-30 04:27:11,OIS00013,GNRHCC,4
7626F563,2090,764SW79601184,2026-06-30 04:27:11,OIS00013,GNRHCC,4
7626F563,2090,764SW79601185,2026-06-30 04:27:11,OIS00013,GNRHCC,4
7626F563,2090,764SW79601186,2026-06-30 04:27:11,OIS00013,GNRHCC,4
7626F563,2090,764SW79601187,2026-06-30 04:27:11,OIS00013,GNRHCC,4
7626F563,2090,764SW79601188,2026-06-30 04:27:11,OIS00013,GNRHCC,4
7626F563,2090,764SW79601189,2026-06-30 04:27:11,OIS00013,GNRHCC,4
7626F563,2090,764SW79601190,2026-06-30 04:27:11,OIS00013,GNRHCC,4
7626F563,2090,764SW79601191,2026-06-30 04:27:11,OIS00013,GNRHCC,4
7626F563,2090,764SW79601192,2026-06-30 04:27:11,OIS00013,GNRHCC,4
7626F563,2090,764SW79601193,2026-06-30 04:27:11,OIS00013,GNRHCC,4
7626F563,2090,764SW79601194,2026-06-30 04:27:11,OIS00013,GNRHCC,4
7626F563,2090,764SW79601195,2026-06-30 04:27:11,OIS00013,GNRHCC,4
7626F563,2090,764SW79601196,2026-06-30 04:27:11,OIS00013,GNRHCC,4
7626F563,2090,764SW79601197,2026-06-30 04:27:11,OIS00013,GNRHCC,4
7626F563,2090,764SW79601198,2026-06-30 04:27:11,OIS00013,GNRHCC,4
7626F563,2090,764SW79601199,2026-06-30 04:27:11,OIS00013,GNRHCC,4
7626F563,2090,764SW79601200,2026-06-30 04:27:11,OIS00013,GNRHCC,4
7626F563,2090,764SW79601201,2026-06-30 04:27:11,OIS00013,GNRHCC,4
7626F563,2090,764SW79601202,2026-06-30 04:27:11,OIS00013,GNRHCC,4
7626F563,2090,764SW79601203,2026-06-30 04:27:11,OIS00013,GNRHCC,4
7626F563,2090,764SW79601204,2026-06-30 04:27:11,OIS00013,GNRHCC,4
7626F747,2090,76BQ736600174,2026-06-30 08:23:09,OIS00014,GNRUCC,4
7626F747,2090,76BQ736600175,2026-06-30 08:23:09,OIS00014,GNRUCC,4
7626F747,2090,76BQ736600176,2026-06-30 08:23:09,OIS00014,GNRUCC,4
7626F747,2090,76BQ736600177,2026-06-30 08:23:09,OIS00014,GNRUCC,4
7626F747,2090,76BQ736600178,2026-06-30 08:23:09,OIS00014,GNRUCC,4
7626F747,2090,76BQ736600179,2026-06-30 08:23:09,OIS00014,GNRUCC,4
7626F747,2090,76BQ736600180,2026-06-30 08:23:09,OIS00014,GNRUCC,4
7626F747,2090,76BQ736600181,2026-06-30 08:23:09,OIS00014,GNRUCC,4
7626F747,2090,76BQ736600182,2026-06-30 08:23:09,OIS00014,GNRUCC,4
7626F747,2090,76BQ736600201,2026-06-30 08:23:09,OIS00014,GNRUCC,4
7626F747,2090,76BQ736600202,2026-06-30 08:23:09,OIS00014,GNRUCC,4
7626F747,2090,76BQ736600203,2026-06-30 08:23:09,OIS00014,GNRUCC,4
7626F747,2090,76BQ736600204,2026-06-30 08:23:09,OIS00014,GNRUCC,4
7626F747,2090,76BQ736600205,2026-06-30 08:23:09,OIS00014,GNRUCC,4
7626F747,2090,76BQ736600206,2026-06-30 08:23:09,OIS00014,GNRUCC,4
7626F747,2090,76BQ736600234,2026-06-30 08:23:09,OIS00014,GNRUCC,4
7626F747,2090,76BQ736600235,2026-06-30 08:23:09,OIS00014,GNRUCC,4
7626F747,2090,76BQ736600236,2026-06-30 08:23:09,OIS00014,GNRUCC,4
7626F747,2090,76BQ736600237,2026-06-30 08:23:09,OIS00014,GNRUCC,4
7626F747,2090,76BQ736600238,2026-06-30 08:23:09,OIS00014,GNRUCC,4
7626F747,2090,76BQ736600239,2026-06-30 08:23:09,OIS00014,GNRUCC,4
7626F747,2090,76BQ736600240,2026-06-30 08:23:09,OIS00014,GNRUCC,4
7626F747,2090,76BQ736600241,2026-06-30 08:23:09,OIS00014,GNRUCC,4
7626F747,2090,76BQ736600242,2026-06-30 08:23:09,OIS00014,GNRUCC,4
7626F747,2090,76BQ736600243,2026-06-30 08:23:09,OIS00014,GNRUCC,4
7626F747,2090,76BQ736600244,2026-06-30 08:23:09,OIS00014,GNRUCC,4
7626F747,2090,76BQ736600245,2026-06-30 08:23:09,OIS00014,GNRUCC,4
7626F747,2090,76BQ736600264,2026-06-30 08:23:09,OIS00014,GNRUCC,4
7626F747,2090,76BQ736600265,2026-06-30 08:23:09,OIS00014,GNRUCC,4
7626F747,2090,76BQ736600266,2026-06-30 08:23:09,OIS00014,GNRUCC,4
7626F747,2090,76BQ736600267,2026-06-30 08:23:09,OIS00014,GNRUCC,4
7626F747,2090,76BQ736600268,2026-06-30 08:23:09,OIS00014,GNRUCC,4
7626F747,2090,76BQ736600269,2026-06-30 08:23:09,OIS00014,GNRUCC,4
7626F747,2090,76BQ736600270,2026-06-30 08:23:09,OIS00014,GNRUCC,4
7626F747,2090,76BQ736600271,2026-06-30 08:23:09,OIS00014,GNRUCC,4
7626F747,2090,76BQ736600272,2026-06-30 08:23:09,OIS00014,GNRUCC,4
7626F747,2090,76BQ736600273,2026-06-30 08:23:09,OIS00014,GNRUCC,4
7626F747,2090,76BQ736600274,2026-06-30 08:23:09,OIS00014,GNRUCC,4
7626F747,2090,76BQ736600275,2026-06-30 08:23:09,OIS00014,GNRUCC,4
7626F747,2090,76BQ736600282,2026-06-30 08:23:09,OIS00014,GNRUCC,4
7626F747,2090,76BQ736600283,2026-06-30 08:23:09,OIS00014,GNRUCC,4
7626F747,2090,76BQ736600284,2026-06-30 08:23:09,OIS00014,GNRUCC,4
7626F747,2090,76BQ736600285,2026-06-30 08:23:09,OIS00014,GNRUCC,4
7626F747,2090,76BQ736600286,2026-06-30 08:23:09,OIS00014,GNRUCC,4
7626F747,2090,76BQ736600287,2026-06-30 08:23:09,OIS00014,GNRUCC,4
7626F747,2090,76BQ736600288,2026-06-30 08:23:09,OIS00014,GNRUCC,4
7626F747,2090,76BQ736600289,2026-06-30 08:23:09,OIS00014,GNRUCC,4
7626F747,2090,76BQ736600290,2026-06-30 08:23:09,OIS00014,GNRUCC,4
7626F747,2090,76BQ736600291,2026-06-30 08:23:09,OIS00014,GNRUCC,4
7626F747,2090,76BQ736600292,2026-06-30 08:23:09,OIS00014,GNRUCC,4
7626F747,2090,76BQ736600293,2026-06-30 08:23:09,OIS00014,GNRUCC,4
7626F747,2090,76BQ736600294,2026-06-30 08:23:09,OIS00014,GNRUCC,4
7626F747,2090,76BQ736600295,2026-06-30 08:23:09,OIS00014,GNRUCC,4
7626F747,2090,76BQ736600296,2026-06-30 08:23:09,OIS00014,GNRUCC,4
7626F747,2090,76BQ736600297,2026-06-30 08:23:09,OIS00014,GNRUCC,4
7626F747,2090,76BQ736600298,2026-06-30 08:23:09,OIS00014,GNRUCC,4
7626F747,2090,76BQ736600299,2026-06-30 08:23:09,OIS00014,GNRUCC,4
7626F747,2090,76BQ736600300,2026-06-30 08:23:09,OIS00014,GNRUCC,4
7626F747,2090,76BQ736600301,2026-06-30 08:23:09,OIS00014,GNRUCC,4
7626F747,2090,76BQ736600302,2026-06-30 08:23:09,OIS00014,GNRUCC,4
7626F747,2090,76BQ736600303,2026-06-30 08:23:09,OIS00014,GNRUCC,4
7626F747,2090,76BQ736600304,2026-06-30 08:23:09,OIS00014,GNRUCC,4
7626F747,2090,76BQ736600305,2026-06-30 08:23:09,OIS00014,GNRUCC,4
7626F747,2090,76BQ736600306,2026-06-30 08:23:09,OIS00014,GNRUCC,4
7626F747,2090,76BQ736600307,2026-06-30 08:23:09,OIS00014,GNRUCC,4
7626F747,2090,76BQ736600308,2026-06-30 08:23:09,OIS00014,GNRUCC,4
7626F747,2090,76BQ736600309,2026-06-30 08:23:09,OIS00014,GNRUCC,4
7626F747,2090,76BQ736600310,2026-06-30 08:23:09,OIS00014,GNRUCC,4
7626F747,2090,76BQ736600311,2026-06-30 08:23:09,OIS00014,GNRUCC,4
7626F747,2090,76BQ736600312,2026-06-30 08:23:09,OIS00014,GNRUCC,4
7626F747,2090,76BQ736600313,2026-06-30 08:23:09,OIS00014,GNRUCC,4
7626F747,2090,76BQ736600314,2026-06-30 08:23:09,OIS00014,GNRUCC,4
7626F747,2090,76BQ736600315,2026-06-30 08:23:09,OIS00014,GNRUCC,4
7626F747,2090,76BQ736600316,2026-06-30 08:23:09,OIS00014,GNRUCC,4
7626F747,2090,76BQ736600317,2026-06-30 08:23:09,OIS00014,GNRUCC,4
7626F747,2090,76BQ736600360,2026-06-30 08:23:09,OIS00014,GNRUCC,4
7626F747,2090,76BQ736600361,2026-06-30 08:23:09,OIS00014,GNRUCC,4
7626F747,2090,76BQ736600362,2026-06-30 08:23:09,OIS00014,GNRUCC,4
7626F747,2090,76BQ736600363,2026-06-30 08:23:09,OIS00014,GNRUCC,4
7626F747,2090,76BQ736600364,2026-06-30 08:23:09,OIS00014,GNRUCC,4
7626F747,2090,76BQ736600365,2026-06-30 08:23:09,OIS00014,GNRUCC,4
7626F747,2090,76MJ787700001,2026-06-30 08:23:09,OIS00014,GNRUCC,4
7626F747,2090,76MJ787700002,2026-06-30 08:23:09,OIS00014,GNRUCC,4
7626F747,2090,76MJ787700003,2026-06-30 08:23:09,OIS00014,GNRUCC,4
7626F747,2090,76MJ787700004,2026-06-30 08:23:09,OIS00014,GNRUCC,4
7626F747,2090,76MJ787700005,2026-06-30 08:23:09,OIS00014,GNRUCC,4
7626F747,2090,76MJ787700006,2026-06-30 08:23:09,OIS00014,GNRUCC,4
7626F747,2090,76MJ787700007,2026-06-30 08:23:09,OIS00014,GNRUCC,4
7626F747,2090,76MJ787700008,2026-06-30 08:23:09,OIS00014,GNRUCC,4
7626F747,2090,76MJ787700009,2026-06-30 08:23:09,OIS00014,GNRUCC,4
7626F747,2090,76MJ787700010,2026-06-30 08:23:09,OIS00014,GNRUCC,4
7626F747,2090,76MJ787700011,2026-06-30 08:23:09,OIS00014,GNRUCC,4
7626F747,2090,76MJ787700012,2026-06-30 08:23:09,OIS00014,GNRUCC,4
7626F747,2090,76MJ787700013,2026-06-30 08:23:09,OIS00014,GNRUCC,4
7626F747,2090,76MJ787700014,2026-06-30 08:23:09,OIS00014,GNRUCC,4
7626F747,2090,76MJ787700015,2026-06-30 08:23:09,OIS00014,GNRUCC,4
7626F747,2090,76MJ787700016,2026-06-30 08:23:09,OIS00014,GNRUCC,4
7626F747,2090,76MJ787700017,2026-06-30 08:23:09,OIS00014,GNRUCC,4
7626F747,2090,76MJ787700018,2026-06-30 08:23:09,OIS00014,GNRUCC,4
7626F747,2090,76MJ787700019,2026-06-30 08:23:09,OIS00014,GNRUCC,4
7626F747,2090,76MJ787700020,2026-06-30 08:23:09,OIS00014,GNRUCC,4
7626F747,2090,76MJ787700021,2026-06-30 08:23:09,OIS00014,GNRUCC,4
7626F747,2090,76MJ787700022,2026-06-30 08:23:09,OIS00014,GNRUCC,4
7626F747,2090,76MJ787700023,2026-06-30 08:23:09,OIS00014,GNRUCC,4
7626F747,2090,76MJ787700024,2026-06-30 08:23:09,OIS00014,GNRUCC,4
7626F747,2090,76MJ787700025,2026-06-30 08:23:09,OIS00014,GNRUCC,4
7626F747,2090,76MJ787700026,2026-06-30 08:23:09,OIS00014,GNRUCC,4
7626F747,2090,76MJ787700027,2026-06-30 08:23:09,OIS00014,GNRUCC,4
7626F747,2090,76MJ787700028,2026-06-30 08:23:09,OIS00014,GNRUCC,4
7626F747,2090,76MJ787700029,2026-06-30 08:23:09,OIS00014,GNRUCC,4
7626F747,2090,76MJ787700030,2026-06-30 08:23:09,OIS00014,GNRUCC,4
7626F747,2090,76MJ787700031,2026-06-30 08:23:09,OIS00014,GNRUCC,4
7626F747,2090,76MJ787700032,2026-06-30 08:23:09,OIS00014,GNRUCC,4
7626F747,2090,76MJ787700033,2026-06-30 08:23:09,OIS00014,GNRUCC,4
7626F747,2090,76MJ787700034,2026-06-30 08:23:09,OIS00014,GNRUCC,4
7626F747,2090,76MJ787700035,2026-06-30 08:23:09,OIS00014,GNRUCC,4
7626F747,2090,76MJ787700036,2026-06-30 08:23:09,OIS00014,GNRUCC,4
7626F747,2090,76MJ787700037,2026-06-30 08:23:09,OIS00014,GNRUCC,4
7626F747,2090,76MJ787700038,2026-06-30 08:23:09,OIS00014,GNRUCC,4
7626F747,2090,76MJ787700039,2026-06-30 08:23:09,OIS00014,GNRUCC,4
7626F747,2090,76MJ787700040,2026-06-30 08:23:09,OIS00014,GNRUCC,4
7626F747,2090,76MJ787700041,2026-06-30 08:23:09,OIS00014,GNRUCC,4
7626F747,2090,76MJ787700042,2026-06-30 08:23:09,OIS00014,GNRUCC,4
7626F747,2090,76MJ787700043,2026-06-30 08:23:09,OIS00014,GNRUCC,4
7626F747,2090,76MJ787700044,2026-06-30 08:23:09,OIS00014,GNRUCC,4
7626F747,2090,76MJ787700045,2026-06-30 08:23:09,OIS00014,GNRUCC,4
7626F747,2090,76MJ787700046,2026-06-30 08:23:09,OIS00014,GNRUCC,4
7626F747,2090,76MJ787700047,2026-06-30 08:23:09,OIS00014,GNRUCC,4
7626F747,2090,76MJ787700048,2026-06-30 08:23:09,OIS00014,GNRUCC,4
7626F747,2090,76MJ787700049,2026-06-30 08:23:09,OIS00014,GNRUCC,4
7626F747,2090,76MJ787700050,2026-06-30 08:23:09,OIS00014,GNRUCC,4
7626F747,2090,76MJ787700051,2026-06-30 08:23:09,OIS00014,GNRUCC,4
7626F747,2090,76MJ787700052,2026-06-30 08:23:09,OIS00014,GNRUCC,4
7626F747,2090,76MJ787700053,2026-06-30 08:23:09,OIS00014,GNRUCC,4
7626F747,2090,76MJ787700054,2026-06-30 08:23:09,OIS00014,GNRUCC,4
7626F747,2090,76MJ787700055,2026-06-30 08:23:09,OIS00014,GNRUCC,4
7626F747,2090,76MJ787700056,2026-06-30 08:23:09,OIS00014,GNRUCC,4
7626F747,2090,76MJ787700057,2026-06-30 08:23:09,OIS00014,GNRUCC,4
7626F747,2090,76MJ787700058,2026-06-30 08:23:09,OIS00014,GNRUCC,4
7626F747,2090,76MJ787700059,2026-06-30 08:23:09,OIS00014,GNRUCC,4
7626F747,2090,76MJ787700060,2026-06-30 08:23:09,OIS00014,GNRUCC,4
7626F747,2090,76MJ787700061,2026-06-30 08:23:09,OIS00014,GNRUCC,4
7626F747,2090,76MJ787700062,2026-06-30 08:23:09,OIS00014,GNRUCC,4
7626F747,2090,76MJ787700063,2026-06-30 08:23:09,OIS00014,GNRUCC,4
7626F747,2090,76MJ787700064,2026-06-30 08:23:09,OIS00014,GNRUCC,4
7626F747,2090,76MJ787700065,2026-06-30 08:23:09,OIS00014,GNRUCC,4
7626F747,2090,76MJ787700066,2026-06-30 08:23:09,OIS00014,GNRUCC,4
7626F747,2090,76MJ787700067,2026-06-30 08:23:09,OIS00014,GNRUCC,4
7626F747,2090,76MJ787700068,2026-06-30 08:23:09,OIS00014,GNRUCC,4
7626F747,2090,76MJ787700069,2026-06-30 08:23:09,OIS00014,GNRUCC,4
7626F747,2090,76MJ787700070,2026-06-30 08:23:09,OIS00014,GNRUCC,4
7626F747,2090,76MJ787700071,2026-06-30 08:23:09,OIS00014,GNRUCC,4
7626F747,2090,76MJ787700072,2026-06-30 08:23:09,OIS00014,GNRUCC,4
7626F747,2090,76MJ787700073,2026-06-30 08:23:09,OIS00014,GNRUCC,4
7626F747,2090,76MJ787700074,2026-06-30 08:23:09,OIS00014,GNRUCC,4
7626F747,2090,76MJ787700075,2026-06-30 08:23:09,OIS00014,GNRUCC,4
7626F747,2090,76MJ787700076,2026-06-30 08:23:09,OIS00014,GNRUCC,4
7626F747,2090,76MJ787700077,2026-06-30 08:23:09,OIS00014,GNRUCC,4
7626F747,2090,76MJ787700078,2026-06-30 08:23:09,OIS00014,GNRUCC,4
7626F747,2090,76MJ787700079,2026-06-30 08:23:09,OIS00014,GNRUCC,4
7626F747,2090,76MJ787700080,2026-06-30 08:23:09,OIS00014,GNRUCC,4
7626F747,2090,76MJ787700081,2026-06-30 08:23:09,OIS00014,GNRUCC,4
7626F747,2090,76MJ787700082,2026-06-30 08:23:09,OIS00014,GNRUCC,4
7626F747,2090,76MJ787700083,2026-06-30 08:23:09,OIS00014,GNRUCC,4
7626F747,2090,76MJ787700084,2026-06-30 08:23:09,OIS00014,GNRUCC,4
7626F747,2090,76MJ787700085,2026-06-30 08:23:09,OIS00014,GNRUCC,4
7626F747,2090,76MJ787700086,2026-06-30 08:23:09,OIS00014,GNRUCC,4
7626F747,2090,76MJ787700087,2026-06-30 08:23:09,OIS00014,GNRUCC,4
7626F747,2090,76MJ787700088,2026-06-30 08:23:09,OIS00014,GNRUCC,4
7626F747,2090,76MJ787700089,2026-06-30 08:23:09,OIS00014,GNRUCC,4
7626F747,2090,76MJ787700090,2026-06-30 08:23:09,OIS00014,GNRUCC,4
7626F747,2090,76MJ787700091,2026-06-30 08:23:09,OIS00014,GNRUCC,4
7626F747,2090,76MJ787700092,2026-06-30 08:23:09,OIS00014,GNRUCC,4
7626F747,2090,76MJ787700093,2026-06-30 08:23:09,OIS00014,GNRUCC,4
7626F747,2090,76MJ787700094,2026-06-30 08:23:09,OIS00014,GNRUCC,4
7626F747,2090,76MJ787700095,2026-06-30 08:23:09,OIS00014,GNRUCC,4
7626F747,2090,76MJ787700096,2026-06-30 08:23:09,OIS00014,GNRUCC,4
7626F747,2090,76MJ787700097,2026-06-30 08:23:09,OIS00014,GNRUCC,4
7626F747,2090,76MJ787700098,2026-06-30 08:23:09,OIS00014,GNRUCC,4
7626F747,2090,76MJ787700099,2026-06-30 08:23:09,OIS00014,GNRUCC,4
7626F747,2090,76MJ787700100,2026-06-30 08:23:09,OIS00014,GNRUCC,4
7626F747,2090,76MJ787700101,2026-06-30 08:23:09,OIS00014,GNRUCC,4
7626F747,2090,76MJ787700102,2026-06-30 08:23:09,OIS00014,GNRUCC,4
7626F747,2090,76MJ787700103,2026-06-30 08:23:09,OIS00014,GNRUCC,4
7626F747,2090,76MJ787700104,2026-06-30 08:23:09,OIS00014,GNRUCC,4
7626F747,2090,76MJ787700105,2026-06-30 08:23:09,OIS00014,GNRUCC,4
7626F747,2090,76MJ787700106,2026-06-30 08:23:09,OIS00014,GNRUCC,4
7626F747,2090,76MJ787700107,2026-06-30 08:23:09,OIS00014,GNRUCC,4
7626F747,2090,76MJ787700108,2026-06-30 08:23:09,OIS00014,GNRUCC,4
7626F747,2090,76MJ787700109,2026-06-30 08:23:09,OIS00014,GNRUCC,4
7626F747,2090,76MJ787700110,2026-06-30 08:23:09,OIS00014,GNRUCC,4
7626F747,2090,76MJ787700111,2026-06-30 08:23:09,OIS00014,GNRUCC,4
7626F747,2090,76MJ787700112,2026-06-30 08:23:09,OIS00014,GNRUCC,4
7626F747,2090,76MJ787700113,2026-06-30 08:23:09,OIS00014,GNRUCC,4
7626F747,2090,76MJ787700114,2026-06-30 08:23:09,OIS00014,GNRUCC,4
7626F747,2090,76MJ787700115,2026-06-30 08:23:09,OIS00014,GNRUCC,4
7626F747,2090,76MJ787700116,2026-06-30 08:23:09,OIS00014,GNRUCC,4
7626F747,2090,76MJ787700117,2026-06-30 08:23:09,OIS00014,GNRUCC,4
7626F747,2090,76MJ787700118,2026-06-30 08:23:09,OIS00014,GNRUCC,4
7626F747,2090,76MJ787700119,2026-06-30 08:23:09,OIS00014,GNRUCC,4
7626F747,2090,76MJ787700120,2026-06-30 08:23:09,OIS00014,GNRUCC,4
7626F747,2090,76MJ787700121,2026-06-30 08:23:09,OIS00014,GNRUCC,4
7626F747,2090,76MJ787700122,2026-06-30 08:23:09,OIS00014,GNRUCC,4
7626F747,2090,76MJ787700123,2026-06-30 08:23:09,OIS00014,GNRUCC,4
7626F747,2090,76MJ787700124,2026-06-30 08:23:09,OIS00014,GNRUCC,4
7626F747,2090,76MJ787700125,2026-06-30 08:23:09,OIS00014,GNRUCC,4
7626F747,2090,76MJ787700126,2026-06-30 08:23:09,OIS00014,GNRUCC,4
7626F747,2090,76MJ787700127,2026-06-30 08:23:09,OIS00014,GNRUCC,4
7626F747,2090,76MJ787700128,2026-06-30 08:23:09,OIS00014,GNRUCC,4
7626F747,2090,76MJ787700129,2026-06-30 08:23:09,OIS00014,GNRUCC,4
7626F747,2090,76MJ787700130,2026-06-30 08:23:09,OIS00014,GNRUCC,4
7626F747,2090,76MJ787700131,2026-06-30 08:23:09,OIS00014,GNRUCC,4
7626F747,2090,76MJ787700132,2026-06-30 08:23:09,OIS00014,GNRUCC,4
7626F747,2090,76MJ787700133,2026-06-30 08:23:09,OIS00014,GNRUCC,4
7626F747,2090,76MJ787700134,2026-06-30 08:23:09,OIS00014,GNRUCC,4
7626F747,2090,76MJ787700135,2026-06-30 08:23:09,OIS00014,GNRUCC,4
7626F747,2090,76MJ787700136,2026-06-30 08:23:09,OIS00014,GNRUCC,4
7626F747,2090,76MJ787700137,2026-06-30 08:23:09,OIS00014,GNRUCC,4
7626F747,2090,76MJ787700138,2026-06-30 08:23:09,OIS00014,GNRUCC,4
7626F747,2090,76MJ787700139,2026-06-30 08:23:09,OIS00014,GNRUCC,4
7626F747,2090,76MJ787700140,2026-06-30 08:23:09,OIS00014,GNRUCC,4
7626F747,2090,76MJ787700141,2026-06-30 08:23:09,OIS00014,GNRUCC,4
7626F747,2090,76MJ787700142,2026-06-30 08:23:09,OIS00014,GNRUCC,4
7626F747,2090,76MJ787700143,2026-06-30 08:23:09,OIS00014,GNRUCC,4
7626F747,2090,76MJ787700144,2026-06-30 08:23:09,OIS00014,GNRUCC,4
7626F747,2090,76MJ787700145,2026-06-30 08:23:09,OIS00014,GNRUCC,4
7626F747,2090,76MJ787700146,2026-06-30 08:23:09,OIS00014,GNRUCC,4
7626F747,2090,76MJ787700147,2026-06-30 08:23:09,OIS00014,GNRUCC,4
7626F747,2090,76MJ787700148,2026-06-30 08:23:09,OIS00014,GNRUCC,4
7626F747,2090,76MJ787700149,2026-06-30 08:23:09,OIS00014,GNRUCC,4
7626F747,2090,76MJ787700150,2026-06-30 08:23:09,OIS00014,GNRUCC,4
7626F747,2090,76MJ787700151,2026-06-30 08:23:09,OIS00014,GNRUCC,4
7626F747,2090,76MJ787700152,2026-06-30 08:23:09,OIS00014,GNRUCC,4
7626F747,2090,76MJ787700153,2026-06-30 08:23:09,OIS00014,GNRUCC,4
7626F747,2090,76MJ787700154,2026-06-30 08:23:09,OIS00014,GNRUCC,4
7626F747,2090,76MJ787700155,2026-06-30 08:23:09,OIS00014,GNRUCC,4
7626F747,2090,76MJ787700156,2026-06-30 08:23:09,OIS00014,GNRUCC,4
7626F747,2090,76MJ787700157,2026-06-30 08:23:09,OIS00014,GNRUCC,4
7626F747,2090,76MJ787700158,2026-06-30 08:23:09,OIS00014,GNRUCC,4
7626F747,2090,76MJ787700159,2026-06-30 08:23:09,OIS00014,GNRUCC,4
7626F747,2090,76MJ787700160,2026-06-30 08:23:09,OIS00014,GNRUCC,4
7626F747,2090,76MJ787700161,2026-06-30 08:23:09,OIS00014,GNRUCC,4
7626F747,2090,76MJ787700162,2026-06-30 08:23:09,OIS00014,GNRUCC,4
7626F747,2090,76MJ787700163,2026-06-30 08:23:09,OIS00014,GNRUCC,4
7626F747,2090,76MJ787700164,2026-06-30 08:23:09,OIS00014,GNRUCC,4
7626F747,2090,76MJ787700165,2026-06-30 08:23:09,OIS00014,GNRUCC,4
7626F747,2090,76MJ787700166,2026-06-30 08:23:09,OIS00014,GNRUCC,4
7626F747,2090,76MJ787700167,2026-06-30 08:23:09,OIS00014,GNRUCC,4
7626F747,2090,76MJ787700168,2026-06-30 08:23:09,OIS00014,GNRUCC,4
7626F747,2090,76MJ787700214,2026-06-30 08:23:09,OIS00014,GNRUCC,4
7626F747,2090,76MJ787700215,2026-06-30 08:23:09,OIS00014,GNRUCC,4
7626F747,2090,76MJ787700216,2026-06-30 08:23:09,OIS00014,GNRUCC,4
7626F747,2090,76MJ787700217,2026-06-30 08:23:09,OIS00014,GNRUCC,4
7626F747,2090,76MJ787700218,2026-06-30 08:23:09,OIS00014,GNRUCC,4
7626F747,2090,76MJ787700219,2026-06-30 08:23:09,OIS00014,GNRUCC,4
7626F747,2090,76MJ787700220,2026-06-30 08:23:09,OIS00014,GNRUCC,4
7626F747,2090,76MJ787700221,2026-06-30 08:23:09,OIS00014,GNRUCC,4
7626F747,2090,76MJ787700222,2026-06-30 08:23:09,OIS00014,GNRUCC,4
7626F747,2090,76MJ787700223,2026-06-30 08:23:09,OIS00014,GNRUCC,4
7626F747,2090,76MJ787700224,2026-06-30 08:23:09,OIS00014,GNRUCC,4
7626F747,2090,76MJ787700225,2026-06-30 08:23:09,OIS00014,GNRUCC,4
7626F747,2090,76MJ787700235,2026-06-30 08:23:09,OIS00014,GNRUCC,4
7626F747,2090,76MJ787700236,2026-06-30 08:23:09,OIS00014,GNRUCC,4
7626F747,2090,76MJ787700237,2026-06-30 08:23:09,OIS00014,GNRUCC,4
7626F747,2090,76MJ787700238,2026-06-30 08:23:09,OIS00014,GNRUCC,4
7626F747,2090,76MJ787700239,2026-06-30 08:23:09,OIS00014,GNRUCC,4
7626F747,2090,76MJ787700240,2026-06-30 08:23:09,OIS00014,GNRUCC,4
7626F747,2090,76MJ787700241,2026-06-30 08:23:09,OIS00014,GNRUCC,4
7626F747,2090,76MJ787700242,2026-06-30 08:23:09,OIS00014,GNRUCC,4
7626F747,2090,76MJ787700243,2026-06-30 08:23:09,OIS00014,GNRUCC,4
7626F747,2090,76MJ787700244,2026-06-30 08:23:09,OIS00014,GNRUCC,4
7626F747,2090,76MJ787700245,2026-06-30 08:23:09,OIS00014,GNRUCC,4
7626F747,2090,76MJ787700246,2026-06-30 08:23:09,OIS00014,GNRUCC,4
7626F747,2090,76MJ787700247,2026-06-30 08:23:09,OIS00014,GNRUCC,4
7626F747,2090,76MJ787700248,2026-06-30 08:23:09,OIS00014,GNRUCC,4
7626F747,2090,76MJ787700249,2026-06-30 08:23:09,OIS00014,GNRUCC,4
7626F747,2090,76MJ787700250,2026-06-30 08:23:09,OIS00014,GNRUCC,4
7626F747,2090,76MJ787700251,2026-06-30 08:23:09,OIS00014,GNRUCC,4
7626F747,2090,76MJ787700252,2026-06-30 08:23:09,OIS00014,GNRUCC,4
7626F747,2090,76MJ787700253,2026-06-30 08:23:09,OIS00014,GNRUCC,4
7626F747,2090,76MJ787700254,2026-06-30 08:23:09,OIS00014,GNRUCC,4
7626F747,2090,76MJ787700255,2026-06-30 08:23:09,OIS00014,GNRUCC,4
7626F747,2090,76MJ787700256,2026-06-30 08:23:09,OIS00014,GNRUCC,4
7626F747,2090,76MJ787700257,2026-06-30 08:23:09,OIS00014,GNRUCC,4
7626F747,2090,76MJ787700258,2026-06-30 08:23:09,OIS00014,GNRUCC,4
7626F747,2090,76MJ787700268,2026-06-30 08:23:09,OIS00014,GNRUCC,4
7626F747,2090,76MJ787700269,2026-06-30 08:23:09,OIS00014,GNRUCC,4
7626F747,2090,76MJ787700270,2026-06-30 08:23:09,OIS00014,GNRUCC,4
7626F747,2090,76MJ787700271,2026-06-30 08:23:09,OIS00014,GNRUCC,4
7626F747,2090,76MJ787700272,2026-06-30 08:23:09,OIS00014,GNRUCC,4
7626F747,2090,76MJ787700273,2026-06-30 08:23:09,OIS00014,GNRUCC,4
7626F747,2090,76MJ787700274,2026-06-30 08:23:09,OIS00014,GNRUCC,4
7626F747,2090,76MJ787700275,2026-06-30 08:23:09,OIS00014,GNRUCC,4
7626F747,2090,76MJ787700276,2026-06-30 08:23:09,OIS00014,GNRUCC,4
7626F747,2090,76MJ787700277,2026-06-30 08:23:09,OIS00014,GNRUCC,4
7626F747,2090,76MJ787700278,2026-06-30 08:23:09,OIS00014,GNRUCC,4
7626F747,2090,76MJ787700279,2026-06-30 08:23:09,OIS00014,GNRUCC,4
7626F747,2090,76MJ787700280,2026-06-30 08:23:09,OIS00014,GNRUCC,4
7626F747,2090,76MJ787700281,2026-06-30 08:23:09,OIS00014,GNRUCC,4
7626F747,2090,76MJ787700282,2026-06-30 08:23:09,OIS00014,GNRUCC,4
7626F747,2090,76MJ787700283,2026-06-30 08:23:09,OIS00014,GNRUCC,4
7626F747,2090,76MJ787700284,2026-06-30 08:23:09,OIS00014,GNRUCC,4
7626F747,2090,76MJ787700285,2026-06-30 08:23:09,OIS00014,GNRUCC,4
7626F747,2090,76MJ787700286,2026-06-30 08:23:09,OIS00014,GNRUCC,4
7626F747,2090,76MJ787700287,2026-06-30 08:23:09,OIS00014,GNRUCC,4
7626F747,2090,76MJ787700288,2026-06-30 08:23:09,OIS00014,GNRUCC,4
7626F747,2090,76MJ787700289,2026-06-30 08:23:09,OIS00014,GNRUCC,4
7626F747,2090,76MJ787700290,2026-06-30 08:23:09,OIS00014,GNRUCC,4
7626F747,2090,76MJ787700291,2026-06-30 08:23:09,OIS00014,GNRUCC,4
7626F747,2090,76MJ787700292,2026-06-30 08:23:09,OIS00014,GNRUCC,4
7626F747,2090,76MJ787700293,2026-06-30 08:23:09,OIS00014,GNRUCC,4
7626F747,2090,76MJ787700294,2026-06-30 08:23:09,OIS00014,GNRUCC,4
7626F747,2090,76MJ787700295,2026-06-30 08:23:09,OIS00014,GNRUCC,4
7626F747,2090,76MJ787700296,2026-06-30 08:23:09,OIS00014,GNRUCC,4
7626F747,2090,76MJ787700297,2026-06-30 08:23:09,OIS00014,GNRUCC,4
7626F747,2090,76MJ787700298,2026-06-30 08:23:09,OIS00014,GNRUCC,4
7626F747,2090,76MJ787700299,2026-06-30 08:23:09,OIS00014,GNRUCC,4
7626F747,2090,76MJ787700300,2026-06-30 08:23:09,OIS00014,GNRUCC,4
7626F747,2090,76MJ787700334,2026-06-30 08:23:09,OIS00014,GNRUCC,4
7626F747,2090,76MJ787700335,2026-06-30 08:23:09,OIS00014,GNRUCC,4
7626F747,2090,76MJ787700336,2026-06-30 08:23:09,OIS00014,GNRUCC,4
7626F747,2090,76MJ787700400,2026-06-30 08:23:09,OIS00014,GNRUCC,4
7626F747,2090,76MJ787700401,2026-06-30 08:23:09,OIS00014,GNRUCC,4
7626F747,2090,76MJ787700402,2026-06-30 08:23:09,OIS00014,GNRUCC,4
7626F747,2090,76MJ787700403,2026-06-30 08:23:09,OIS00014,GNRUCC,4
7626F747,2090,76MJ787700404,2026-06-30 08:23:09,OIS00014,GNRUCC,4
7626F747,2090,76MJ787700405,2026-06-30 08:23:09,OIS00014,GNRUCC,4
7626F747,2090,76MJ787700406,2026-06-30 08:23:09,OIS00014,GNRUCC,4
7626F747,2090,76MJ787700407,2026-06-30 08:23:09,OIS00014,GNRUCC,4
7626F747,2090,76MJ787700408,2026-06-30 08:23:09,OIS00014,GNRUCC,4
7626F747,2090,76MJ787700409,2026-06-30 08:23:09,OIS00014,GNRUCC,4
7626F747,2090,76MJ787700410,2026-06-30 08:23:09,OIS00014,GNRUCC,4
7626F747,2090,76MJ787700411,2026-06-30 08:23:09,OIS00014,GNRUCC,4
7626F747,2090,76MJ787700412,2026-06-30 08:23:09,OIS00014,GNRUCC,4
7626F747,2090,76MJ787700413,2026-06-30 08:23:09,OIS00014,GNRUCC,4
7626F747,2090,76MJ787700414,2026-06-30 08:23:09,OIS00014,GNRUCC,4
7627D332,2090,76TT625300361,2026-06-30 06:14:31,OIS00013,GNRHCC,4
7627D332,2090,76TT625300362,2026-06-30 06:14:31,OIS00013,GNRHCC,4
7627D332,2090,76TT625300364,2026-06-30 06:14:31,OIS00013,GNRHCC,4
7627D332,2090,76TT625300365,2026-06-30 06:14:31,OIS00013,GNRHCC,4
7627D332,2090,76TT625300366,2026-06-30 06:14:31,OIS00013,GNRHCC,4
7627D332,2090,76TT625300367,2026-06-30 06:14:31,OIS00013,GNRHCC,4
7627D332,2090,76TT625300368,2026-06-30 06:14:31,OIS00013,GNRHCC,4
7627D332,2090,76TT625300441,2026-06-30 06:14:31,OIS00013,GNRHCC,4
7627D332,2090,76TT625300442,2026-06-30 06:14:31,OIS00013,GNRHCC,4
7627D332,2090,76TT625300443,2026-06-30 06:14:31,OIS00013,GNRHCC,4
7627D332,2090,76TT625300444,2026-06-30 06:14:31,OIS00013,GNRHCC,4
7627D332,2090,76TT625300445,2026-06-30 06:14:31,OIS00013,GNRHCC,4
7627D332,2090,76TT625300446,2026-06-30 06:14:31,OIS00013,GNRHCC,4
7627D332,2090,76TT625300447,2026-06-30 06:14:31,OIS00013,GNRHCC,4
7627D332,2090,76TT625300448,2026-06-30 06:14:31,OIS00013,GNRHCC,4
7627D332,2090,76TT625300449,2026-06-30 06:14:31,OIS00013,GNRHCC,4
7627D332,2090,76TT625300450,2026-06-30 06:14:31,OIS00013,GNRHCC,4
7627D332,2090,76TT625300451,2026-06-30 06:14:31,OIS00013,GNRHCC,4
7627D332,2090,76TT625300452,2026-06-30 06:14:31,OIS00013,GNRHCC,4
7627D332,2090,76TT625300453,2026-06-30 06:14:31,OIS00013,GNRHCC,4
7627D332,2090,76TT625300454,2026-06-30 06:14:31,OIS00013,GNRHCC,4
7627D332,2090,76TT625300455,2026-06-30 06:14:31,OIS00013,GNRHCC,4
7627D332,2090,76TT625300456,2026-06-30 06:14:31,OIS00013,GNRHCC,4
7627D332,2090,76TT625300457,2026-06-30 06:14:31,OIS00013,GNRHCC,4
7627D332,2090,76TT625300458,2026-06-30 06:14:31,OIS00013,GNRHCC,4
7627D332,2090,76TT625300459,2026-06-30 06:14:31,OIS00013,GNRHCC,4
7627D332,2090,76TT625300460,2026-06-30 06:14:31,OIS00013,GNRHCC,4
7627D332,2090,76TT625300481,2026-06-30 06:14:31,OIS00013,GNRHCC,4
7627D332,2090,76TT625300482,2026-06-30 06:14:31,OIS00013,GNRHCC,4
7627D332,2090,76TT625300483,2026-06-30 06:14:31,OIS00013,GNRHCC,4
7627D332,2090,76TT625300484,2026-06-30 06:14:31,OIS00013,GNRHCC,4
7627D332,2090,76TT625300485,2026-06-30 06:14:31,OIS00013,GNRHCC,4
7627D332,2090,76TT625300486,2026-06-30 06:14:31,OIS00013,GNRHCC,4
7627D332,2090,76TT625300487,2026-06-30 06:14:31,OIS00013,GNRHCC,4
7627D332,2090,76TT625300488,2026-06-30 06:14:31,OIS00013,GNRHCC,4
7627D332,2090,76TT625300489,2026-06-30 06:14:31,OIS00013,GNRHCC,4
7627D332,2090,76TT625300490,2026-06-30 06:14:31,OIS00013,GNRHCC,4
7627D332,2090,76TT625300491,2026-06-30 06:14:31,OIS00013,GNRHCC,4
7627D332,2090,76TT625300492,2026-06-30 06:14:31,OIS00013,GNRHCC,4
7627D332,2090,76TT625300493,2026-06-30 06:14:31,OIS00013,GNRHCC,4
7627D332,2090,76TT625300494,2026-06-30 06:14:31,OIS00013,GNRHCC,4
7627D332,2090,76TT625300495,2026-06-30 06:14:31,OIS00013,GNRHCC,4
7627D332,2090,76TT625300496,2026-06-30 06:14:31,OIS00013,GNRHCC,4
7627D332,2090,76TT625300497,2026-06-30 06:14:31,OIS00013,GNRHCC,4
7627D332,2090,76TT625300498,2026-06-30 06:14:31,OIS00013,GNRHCC,4
7627D332,2090,76TT625300499,2026-06-30 06:14:31,OIS00013,GNRHCC,4
7627D332,2090,76TT625300500,2026-06-30 06:14:31,OIS00013,GNRHCC,4
7627D332,2090,76TT625300501,2026-06-30 06:14:31,OIS00013,GNRHCC,4
7627D332,2090,76TT625300502,2026-06-30 06:14:31,OIS00013,GNRHCC,4
7627D332,2090,76TT625300503,2026-06-30 06:14:31,OIS00013,GNRHCC,4
7627D332,2090,76TT625300504,2026-06-30 06:14:31,OIS00013,GNRHCC,4
7627D332,2090,76TT625300505,2026-06-30 06:14:31,OIS00013,GNRHCC,4
7627D332,2090,76TT625300506,2026-06-30 06:14:31,OIS00013,GNRHCC,4
7627D332,2090,76TT625300507,2026-06-30 06:14:31,OIS00013,GNRHCC,4
7627D332,2090,76TT625300508,2026-06-30 06:14:31,OIS00013,GNRHCC,4
7627D332,2090,76TT625300509,2026-06-30 06:14:31,OIS00013,GNRHCC,4
7627D332,2090,76TT625300510,2026-06-30 06:14:31,OIS00013,GNRHCC,4
7627D332,2090,76TT625300511,2026-06-30 06:14:31,OIS00013,GNRHCC,4
7627D332,2090,76TT625300512,2026-06-30 06:14:31,OIS00013,GNRHCC,4
7627D332,2090,76TT625300513,2026-06-30 06:14:31,OIS00013,GNRHCC,4
7627D332,2090,76TT625300514,2026-06-30 06:14:31,OIS00013,GNRHCC,4
7627D332,2090,76TT625300515,2026-06-30 06:14:31,OIS00013,GNRHCC,4
7627D332,2090,76TT625300516,2026-06-30 06:14:31,OIS00013,GNRHCC,4
7627D332,2090,76TT625300517,2026-06-30 06:14:31,OIS00013,GNRHCC,4
7627D332,2090,76TT625300518,2026-06-30 06:14:31,OIS00013,GNRHCC,4
7627D332,2090,76TT625300519,2026-06-30 06:14:31,OIS00013,GNRHCC,4
7627D332,2090,76TT625300520,2026-06-30 06:14:31,OIS00013,GNRHCC,4
7627D332,2090,76TT625300541,2026-06-30 06:14:31,OIS00013,GNRHCC,4
7627D332,2090,76TT625300542,2026-06-30 06:14:31,OIS00013,GNRHCC,4
7627D332,2090,76TT625300543,2026-06-30 06:14:31,OIS00013,GNRHCC,4
7627D332,2090,76TT625300544,2026-06-30 06:14:31,OIS00013,GNRHCC,4
7627D332,2090,76TT625300545,2026-06-30 06:14:31,OIS00013,GNRHCC,4
7627D332,2090,76TT625300546,2026-06-30 06:14:31,OIS00013,GNRHCC,4
7627D332,2090,76TT625300547,2026-06-30 06:14:31,OIS00013,GNRHCC,4
7627D332,2090,76TT625300548,2026-06-30 06:14:31,OIS00013,GNRHCC,4
7627D332,2090,76TT625300549,2026-06-30 06:14:31,OIS00013,GNRHCC,4
7627D332,2090,76TT625300550,2026-06-30 06:14:31,OIS00013,GNRHCC,4
7627D332,2090,76TT625300551,2026-06-30 06:14:31,OIS00013,GNRHCC,4
7627D332,2090,76TT625300552,2026-06-30 06:14:31,OIS00013,GNRHCC,4
7627D332,2090,76TT625300553,2026-06-30 06:14:31,OIS00013,GNRHCC,4
7627D332,2090,76TT625300554,2026-06-30 06:14:31,OIS00013,GNRHCC,4
7627D332,2090,76TT625300555,2026-06-30 06:14:31,OIS00013,GNRHCC,4
7627D332,2090,76TT625300556,2026-06-30 06:14:31,OIS00013,GNRHCC,4
7627D332,2090,76TT625300557,2026-06-30 06:14:31,OIS00013,GNRHCC,4
7627D332,2090,76TT625300558,2026-06-30 06:14:31,OIS00013,GNRHCC,4
7627D332,2090,76TT625300559,2026-06-30 06:14:31,OIS00013,GNRHCC,4
7627D332,2090,76TT625300560,2026-06-30 06:14:31,OIS00013,GNRHCC,4
7627D332,2090,76TT625300561,2026-06-30 06:14:31,OIS00013,GNRHCC,4
7627D332,2090,76TT625300562,2026-06-30 06:14:31,OIS00013,GNRHCC,4
7627D332,2090,76TT625300563,2026-06-30 06:14:31,OIS00013,GNRHCC,4
7627D332,2090,76TT625300564,2026-06-30 06:14:31,OIS00013,GNRHCC,4
7627D332,2090,76TT625300565,2026-06-30 06:14:31,OIS00013,GNRHCC,4
7627D332,2090,76TT625300566,2026-06-30 06:14:31,OIS00013,GNRHCC,4
7627D332,2090,76TT625300567,2026-06-30 06:14:31,OIS00013,GNRHCC,4
7627D332,2090,76TT625300568,2026-06-30 06:14:31,OIS00013,GNRHCC,4
7627D332,2090,76TT625300569,2026-06-30 06:14:31,OIS00013,GNRHCC,4
7627D332,2090,76TT625300570,2026-06-30 06:14:31,OIS00013,GNRHCC,4
7627D332,2090,76TT625300571,2026-06-30 06:14:31,OIS00013,GNRHCC,4
7627D332,2090,76TT625300572,2026-06-30 06:14:31,OIS00013,GNRHCC,4
7627D332,2090,76TT625300573,2026-06-30 06:14:31,OIS00013,GNRHCC,4
7627D332,2090,76TT625300574,2026-06-30 06:14:31,OIS00013,GNRHCC,4
7627D332,2090,76TT625300575,2026-06-30 06:14:31,OIS00013,GNRHCC,4
7627D332,2090,76TT625300576,2026-06-30 06:14:31,OIS00013,GNRHCC,4
7627D332,2090,76TT625300577,2026-06-30 06:14:31,OIS00013,GNRHCC,4
7627D332,2090,76TT625300578,2026-06-30 06:14:31,OIS00013,GNRHCC,4
7627D332,2090,76TT625300579,2026-06-30 06:14:31,OIS00013,GNRHCC,4
7627D332,2090,76TT625300580,2026-06-30 06:14:31,OIS00013,GNRHCC,4
7627D332,2090,76TT625300601,2026-06-30 06:14:31,OIS00013,GNRHCC,4
7627D332,2090,76TT625300602,2026-06-30 06:14:31,OIS00013,GNRHCC,4
7627D332,2090,76TT625300603,2026-06-30 06:14:31,OIS00013,GNRHCC,4
7627D332,2090,76TT625300604,2026-06-30 06:14:31,OIS00013,GNRHCC,4
7627D332,2090,76TT625300605,2026-06-30 06:14:31,OIS00013,GNRHCC,4
7627D332,2090,76TT625300606,2026-06-30 06:14:31,OIS00013,GNRHCC,4
7627D332,2090,76TT625300607,2026-06-30 06:14:31,OIS00013,GNRHCC,4
7627D332,2090,76TT625300608,2026-06-30 06:14:31,OIS00013,GNRHCC,4
7627D332,2090,76TT625300609,2026-06-30 06:14:31,OIS00013,GNRHCC,4
7627D332,2090,76TT625300610,2026-06-30 06:14:31,OIS00013,GNRHCC,4
7627D332,2090,76TT625300611,2026-06-30 06:14:31,OIS00013,GNRHCC,4
7627D332,2090,76TT625300612,2026-06-30 06:14:31,OIS00013,GNRHCC,4
7627D332,2090,76TT625300613,2026-06-30 06:14:31,OIS00013,GNRHCC,4
7627D332,2090,76TT625300614,2026-06-30 06:14:31,OIS00013,GNRHCC,4
7627D332,2090,76TT625300615,2026-06-30 06:14:31,OIS00013,GNRHCC,4
7627D332,2090,76TT625300616,2026-06-30 06:14:31,OIS00013,GNRHCC,4
7627D332,2090,76TT625300617,2026-06-30 06:14:31,OIS00013,GNRHCC,4
7627D332,2090,76TT625300618,2026-06-30 06:14:31,OIS00013,GNRHCC,4
7627D332,2090,76TT625300619,2026-06-30 06:14:31,OIS00013,GNRHCC,4
7627D332,2090,76TT625300620,2026-06-30 06:14:31,OIS00013,GNRHCC,4
7627D332,2090,76TT625300621,2026-06-30 06:14:31,OIS00013,GNRHCC,4
7627D332,2090,76TT625300622,2026-06-30 06:14:31,OIS00013,GNRHCC,4
7627D332,2090,76TT625300623,2026-06-30 06:14:31,OIS00013,GNRHCC,4
7627D332,2090,76TT625300624,2026-06-30 06:14:31,OIS00013,GNRHCC,4
7627D332,2090,76TT625300625,2026-06-30 06:14:31,OIS00013,GNRHCC,4
7627D332,2090,76TT625300626,2026-06-30 06:14:31,OIS00013,GNRHCC,4
7627D332,2090,76TT625300627,2026-06-30 06:14:31,OIS00013,GNRHCC,4
7627D332,2090,76TT625300628,2026-06-30 06:14:31,OIS00013,GNRHCC,4
7627D332,2090,76TT625300629,2026-06-30 06:14:31,OIS00013,GNRHCC,4
7627D332,2090,76TT625300630,2026-06-30 06:14:31,OIS00013,GNRHCC,4
7627D332,2090,76TT625300631,2026-06-30 06:14:31,OIS00013,GNRHCC,4
7627D332,2090,76TT625300632,2026-06-30 06:14:31,OIS00013,GNRHCC,4
7627D332,2090,76TT625300633,2026-06-30 06:14:31,OIS00013,GNRHCC,4
7627D332,2090,76TT625300634,2026-06-30 06:14:31,OIS00013,GNRHCC,4
7627D332,2090,76TT625300635,2026-06-30 06:14:31,OIS00013,GNRHCC,4
7627D332,2090,76TT625300636,2026-06-30 06:14:31,OIS00013,GNRHCC,4
7627D332,2090,76TT625300641,2026-06-30 06:14:31,OIS00013,GNRHCC,4
7627D332,2090,76TT625300642,2026-06-30 06:14:31,OIS00013,GNRHCC,4
7627D332,2090,76TT625300643,2026-06-30 06:14:31,OIS00013,GNRHCC,4
7627D332,2090,76TT625300644,2026-06-30 06:14:31,OIS00013,GNRHCC,4
7627D332,2090,76TT625300645,2026-06-30 06:14:31,OIS00013,GNRHCC,4
7627D332,2090,76TT625300646,2026-06-30 06:14:31,OIS00013,GNRHCC,4
7627D332,2090,76TT625300647,2026-06-30 06:14:31,OIS00013,GNRHCC,4
7627D332,2090,76TT625300648,2026-06-30 06:14:31,OIS00013,GNRHCC,4
7627D332,2090,76TT625300649,2026-06-30 06:14:31,OIS00013,GNRHCC,4
7627D332,2090,76TT625300650,2026-06-30 06:14:31,OIS00013,GNRHCC,4
7627D332,2090,76TT625300651,2026-06-30 06:14:31,OIS00013,GNRHCC,4
7627D332,2090,76TT625300652,2026-06-30 06:14:31,OIS00013,GNRHCC,4
7627D332,2090,76TT625300653,2026-06-30 06:14:31,OIS00013,GNRHCC,4
7627D332,2090,76TT625300654,2026-06-30 06:14:31,OIS00013,GNRHCC,4
7627D332,2090,76TT625300655,2026-06-30 06:14:31,OIS00013,GNRHCC,4
7627D332,2090,76TT625300656,2026-06-30 06:14:31,OIS00013,GNRHCC,4
7627D332,2090,76TT625300657,2026-06-30 06:14:31,OIS00013,GNRHCC,4
7627D332,2090,76TT625300658,2026-06-30 06:14:31,OIS00013,GNRHCC,4
7627D332,2090,76TT625300659,2026-06-30 06:14:31,OIS00013,GNRHCC,4
7627D332,2090,76TT625300660,2026-06-30 06:14:31,OIS00013,GNRHCC,4
7627D332,2090,76TT625300661,2026-06-30 06:14:31,OIS00013,GNRHCC,4
7627D332,2090,76TT625300662,2026-06-30 06:14:31,OIS00013,GNRHCC,4
7627D332,2090,76TT625300663,2026-06-30 06:14:31,OIS00013,GNRHCC,4
7627D332,2090,76TT625300664,2026-06-30 06:14:31,OIS00013,GNRHCC,4
7627D332,2090,76TT625300665,2026-06-30 06:14:31,OIS00013,GNRHCC,4
7627D332,2090,76TT625300666,2026-06-30 06:14:31,OIS00013,GNRHCC,4
7627D332,2090,76TT625300667,2026-06-30 06:14:31,OIS00013,GNRHCC,4
7627D332,2090,76TT625300668,2026-06-30 06:14:31,OIS00013,GNRHCC,4
7627D332,2090,76TT625300669,2026-06-30 06:14:31,OIS00013,GNRHCC,4
7627D332,2090,76TT625300670,2026-06-30 06:14:31,OIS00013,GNRHCC,4
7627D332,2090,76TT625300671,2026-06-30 06:14:31,OIS00013,GNRHCC,4
7627D332,2090,76TT625300672,2026-06-30 06:14:31,OIS00013,GNRHCC,4
7627D332,2090,76TT625300673,2026-06-30 06:14:31,OIS00013,GNRHCC,4
7627D332,2090,76TT625300674,2026-06-30 06:14:31,OIS00013,GNRHCC,4
7627D332,2090,76TT625300675,2026-06-30 06:14:31,OIS00013,GNRHCC,4
7627D332,2090,76TT625300676,2026-06-30 06:14:31,OIS00013,GNRHCC,4
7627D332,2090,76TT625300677,2026-06-30 06:14:31,OIS00013,GNRHCC,4
7627D332,2090,76TT625300678,2026-06-30 06:14:31,OIS00013,GNRHCC,4
7627D332,2090,76TT625300679,2026-06-30 06:14:31,OIS00013,GNRHCC,4
7627D332,2090,76TT625300680,2026-06-30 06:14:31,OIS00013,GNRHCC,4
7627D332,2090,76TT625300681,2026-06-30 06:14:31,OIS00013,GNRHCC,4
7627D332,2090,76TT625300682,2026-06-30 06:14:31,OIS00013,GNRHCC,4
7627D332,2090,76TT625300683,2026-06-30 06:14:31,OIS00013,GNRHCC,4
7627D332,2090,76TT625300684,2026-06-30 06:14:31,OIS00013,GNRHCC,4
7627D332,2090,76TT625300685,2026-06-30 06:14:31,OIS00013,GNRHCC,4
7627D332,2090,76TT625300686,2026-06-30 06:14:31,OIS00013,GNRHCC,4
7627D332,2090,76TT625300687,2026-06-30 06:14:31,OIS00013,GNRHCC,4
7627D332,2090,76TT625300688,2026-06-30 06:14:31,OIS00013,GNRHCC,4
7627D332,2090,76TT625300689,2026-06-30 06:14:31,OIS00013,GNRHCC,4
7627D332,2090,76TT625300690,2026-06-30 06:14:31,OIS00013,GNRHCC,4
7627D332,2090,76TT625300691,2026-06-30 06:14:31,OIS00013,GNRHCC,4
7627D332,2090,76TT625300692,2026-06-30 06:14:31,OIS00013,GNRHCC,4
7627D332,2090,76TT625300693,2026-06-30 06:14:31,OIS00013,GNRHCC,4
7627D332,2090,76TT625300694,2026-06-30 06:14:31,OIS00013,GNRHCC,4
7627D332,2090,76TT625300695,2026-06-30 06:14:31,OIS00013,GNRHCC,4
7627D332,2090,76TT625300696,2026-06-30 06:14:31,OIS00013,GNRHCC,4
7627D332,2090,76TT625300697,2026-06-30 06:14:31,OIS00013,GNRHCC,4
7627D332,2090,76TT625300698,2026-06-30 06:14:31,OIS00013,GNRHCC,4
7627D332,2090,76TT625300699,2026-06-30 06:14:31,OIS00013,GNRHCC,4
7627D332,2090,76TT625300700,2026-06-30 06:14:31,OIS00013,GNRHCC,4
7627D332,2090,76TT625300701,2026-06-30 06:14:31,OIS00013,GNRHCC,4
7627D332,2090,76TT625300702,2026-06-30 06:14:31,OIS00013,GNRHCC,4
7627D332,2090,76TT625300703,2026-06-30 06:14:31,OIS00013,GNRHCC,4
7627D332,2090,76TT625300704,2026-06-30 06:14:31,OIS00013,GNRHCC,4
7627D332,2090,76TT625300705,2026-06-30 06:14:31,OIS00013,GNRHCC,4
7627D332,2090,76TT625300706,2026-06-30 06:14:31,OIS00013,GNRHCC,4
7627D332,2090,76TT625300707,2026-06-30 06:14:31,OIS00013,GNRHCC,4
7627D332,2090,76TT625300708,2026-06-30 06:14:31,OIS00013,GNRHCC,4
7627D332,2090,76TT625300709,2026-06-30 06:14:31,OIS00013,GNRHCC,4
7627D332,2090,76TT625300710,2026-06-30 06:14:31,OIS00013,GNRHCC,4
7627D332,2090,76TT625300711,2026-06-30 06:14:31,OIS00013,GNRHCC,4
7627D332,2090,76TT625300712,2026-06-30 06:14:31,OIS00013,GNRHCC,4
7627D332,2090,76TT625300713,2026-06-30 06:14:31,OIS00013,GNRHCC,4
7627D332,2090,76TT625300714,2026-06-30 06:14:31,OIS00013,GNRHCC,4
7627D332,2090,76TT625300715,2026-06-30 06:14:31,OIS00013,GNRHCC,4
7627D332,2090,76TT625300716,2026-06-30 06:14:31,OIS00013,GNRHCC,4
7627D332,2090,76TT625300717,2026-06-30 06:14:31,OIS00013,GNRHCC,4
7627D332,2090,76TT625300718,2026-06-30 06:14:31,OIS00013,GNRHCC,4
7627D332,2090,76TT625300719,2026-06-30 06:14:31,OIS00013,GNRHCC,4
7627D332,2090,76TT625300720,2026-06-30 06:14:31,OIS00013,GNRHCC,4
7627D332,2090,76TT625300721,2026-06-30 06:14:31,OIS00013,GNRHCC,4
7627D332,2090,76TT625300722,2026-06-30 06:14:31,OIS00013,GNRHCC,4
7627D332,2090,76TT625300723,2026-06-30 06:14:31,OIS00013,GNRHCC,4
7627D332,2090,76TT625300724,2026-06-30 06:14:31,OIS00013,GNRHCC,4
7627D332,2090,76TT625300725,2026-06-30 06:14:31,OIS00013,GNRHCC,4
7627D332,2090,76TT625300726,2026-06-30 06:14:31,OIS00013,GNRHCC,4
7627D332,2090,76TT625300727,2026-06-30 06:14:31,OIS00013,GNRHCC,4
7627D332,2090,76TT625300728,2026-06-30 06:14:31,OIS00013,GNRHCC,4
7627D332,2090,76TT625300729,2026-06-30 06:14:31,OIS00013,GNRHCC,4
7627D332,2090,76TT625300730,2026-06-30 06:14:31,OIS00013,GNRHCC,4
7627D332,2090,76TT625300731,2026-06-30 06:14:31,OIS00013,GNRHCC,4
7627D332,2090,76TT625300732,2026-06-30 06:14:31,OIS00013,GNRHCC,4
7627D332,2090,76TT625300733,2026-06-30 06:14:31,OIS00013,GNRHCC,4
7627D332,2090,76TT625300734,2026-06-30 06:14:31,OIS00013,GNRHCC,4
7627D332,2090,76TT625300735,2026-06-30 06:14:31,OIS00013,GNRHCC,4
7627D332,2090,76TT625300736,2026-06-30 06:14:31,OIS00013,GNRHCC,4
7627D332,2090,76TT625300737,2026-06-30 06:14:31,OIS00013,GNRHCC,4
7627D332,2090,76TT625300738,2026-06-30 06:14:31,OIS00013,GNRHCC,4
7627D332,2090,76TT625300739,2026-06-30 06:14:31,OIS00013,GNRHCC,4
7627D332,2090,76TT625300740,2026-06-30 06:14:31,OIS00013,GNRHCC,4
7627D332,2090,76TT625300741,2026-06-30 06:14:31,OIS00013,GNRHCC,4
7627D332,2090,76TT625300742,2026-06-30 06:14:31,OIS00013,GNRHCC,4
7627D332,2090,76TT625300743,2026-06-30 06:14:31,OIS00013,GNRHCC,4
7627D332,2090,76TT625300744,2026-06-30 06:14:31,OIS00013,GNRHCC,4
7627D332,2090,76TT625300745,2026-06-30 06:14:31,OIS00013,GNRHCC,4
7627D332,2090,76TT625300746,2026-06-30 06:14:31,OIS00013,GNRHCC,4
7627D332,2090,76TT625300747,2026-06-30 06:14:31,OIS00013,GNRHCC,4
7627D332,2090,76TT625300748,2026-06-30 06:14:31,OIS00013,GNRHCC,4
7627D332,2090,76TT625300749,2026-06-30 06:14:31,OIS00013,GNRHCC,4
7627D332,2090,76TT625300750,2026-06-30 06:14:31,OIS00013,GNRHCC,4
7627D332,2090,76TT625300751,2026-06-30 06:14:31,OIS00013,GNRHCC,4
7627D332,2090,76TT625300752,2026-06-30 06:14:31,OIS00013,GNRHCC,4
7627D332,2090,76TT625300753,2026-06-30 06:14:31,OIS00013,GNRHCC,4
7627D332,2090,76TT625300754,2026-06-30 06:14:31,OIS00013,GNRHCC,4
7627D332,2090,76TT625300755,2026-06-30 06:14:31,OIS00013,GNRHCC,4
7627D332,2090,76TT625300756,2026-06-30 06:14:31,OIS00013,GNRHCC,4
7627D332,2090,76TT625300757,2026-06-30 06:14:31,OIS00013,GNRHCC,4
7627D332,2090,76TT625300758,2026-06-30 06:14:31,OIS00013,GNRHCC,4
7627D332,2090,76TT625300759,2026-06-30 06:14:31,OIS00013,GNRHCC,4
7627D332,2090,76TT625300760,2026-06-30 06:14:31,OIS00013,GNRHCC,4
7627D332,2090,76TT625300761,2026-06-30 06:14:31,OIS00013,GNRHCC,4
7627D332,2090,76TT625300762,2026-06-30 06:14:31,OIS00013,GNRHCC,4
7627D332,2090,76TT625300763,2026-06-30 06:14:31,OIS00013,GNRHCC,4
7627D332,2090,76TT625300764,2026-06-30 06:14:31,OIS00013,GNRHCC,4
7627D332,2090,76TT625300765,2026-06-30 06:14:31,OIS00013,GNRHCC,4
7627D332,2090,76TT625300766,2026-06-30 06:14:31,OIS00013,GNRHCC,4
7627D332,2090,76TT625300767,2026-06-30 06:14:31,OIS00013,GNRHCC,4
7627D332,2090,76TT625300768,2026-06-30 06:14:31,OIS00013,GNRHCC,4
7627D332,2090,76TT625300769,2026-06-30 06:14:31,OIS00013,GNRHCC,4
7627D332,2090,76TT625300770,2026-06-30 06:14:31,OIS00013,GNRHCC,4
7627D332,2090,76TT625300771,2026-06-30 06:14:31,OIS00013,GNRHCC,4
7627D332,2090,76TT625300772,2026-06-30 06:14:31,OIS00013,GNRHCC,4
7627D332,2090,76TT625300773,2026-06-30 06:14:31,OIS00013,GNRHCC,4
7627D332,2090,76TT625300774,2026-06-30 06:14:31,OIS00013,GNRHCC,4
7627D332,2090,76TT625300775,2026-06-30 06:14:31,OIS00013,GNRHCC,4
7627D332,2090,76TT625300776,2026-06-30 06:14:31,OIS00013,GNRHCC,4
7627D332,2090,76TT625300777,2026-06-30 06:14:31,OIS00013,GNRHCC,4
7627D332,2090,76TT625300778,2026-06-30 06:14:31,OIS00013,GNRHCC,4
7627D332,2090,76TT625300779,2026-06-30 06:14:31,OIS00013,GNRHCC,4
7627D332,2090,76TT625300780,2026-06-30 06:14:31,OIS00013,GNRHCC,4
7627D332,2090,76TT625300781,2026-06-30 06:14:31,OIS00013,GNRHCC,4
7627D332,2090,76TT625300782,2026-06-30 06:14:31,OIS00013,GNRHCC,4
7627D332,2090,76TT625300783,2026-06-30 06:14:31,OIS00013,GNRHCC,4
7627D332,2090,76TT625300784,2026-06-30 06:14:31,OIS00013,GNRHCC,4
7627D332,2090,76TT625300785,2026-06-30 06:14:31,OIS00013,GNRHCC,4
7627D332,2090,76TT625300786,2026-06-30 06:14:31,OIS00013,GNRHCC,4
7627D332,2090,76TT625300787,2026-06-30 06:14:31,OIS00013,GNRHCC,4
7627D332,2090,76TT625300788,2026-06-30 06:14:31,OIS00013,GNRHCC,4
7627D332,2090,76TT625300789,2026-06-30 06:14:31,OIS00013,GNRHCC,4
7627D332,2090,76TT625300790,2026-06-30 06:14:31,OIS00013,GNRHCC,4
7627D332,2090,76TT625300791,2026-06-30 06:14:31,OIS00013,GNRHCC,4
7627D332,2090,76TT625300792,2026-06-30 06:14:31,OIS00013,GNRHCC,4
7627D332,2090,76TT625300793,2026-06-30 06:14:31,OIS00013,GNRHCC,4
7627D332,2090,76TT625300794,2026-06-30 06:14:31,OIS00013,GNRHCC,4
7627D332,2090,76TT625300795,2026-06-30 06:14:31,OIS00013,GNRHCC,4
7627D332,2090,76TT625300796,2026-06-30 06:14:31,OIS00013,GNRHCC,4
7627D332,2090,76TT625300797,2026-06-30 06:14:31,OIS00013,GNRHCC,4
7627D332,2090,76TT625300798,2026-06-30 06:14:31,OIS00013,GNRHCC,4
7627D332,2090,76TT625300799,2026-06-30 06:14:31,OIS00013,GNRHCC,4
7627D332,2090,76TT625300800,2026-06-30 06:14:31,OIS00013,GNRHCC,4
7627D332,2090,76TT625300801,2026-06-30 06:14:31,OIS00013,GNRHCC,4
7627D332,2090,76TT625300802,2026-06-30 06:14:31,OIS00013,GNRHCC,4
7627D332,2090,76TT625300803,2026-06-30 06:14:31,OIS00013,GNRHCC,4
7627D332,2090,76TT625300804,2026-06-30 06:14:31,OIS00013,GNRHCC,4
7627D332,2090,76TT625300805,2026-06-30 06:14:31,OIS00013,GNRHCC,4
7627D332,2090,76TT625300806,2026-06-30 06:14:31,OIS00013,GNRHCC,4
7627D332,2090,76TT625300807,2026-06-30 06:14:31,OIS00013,GNRHCC,4
7627D332,2090,76TT625300808,2026-06-30 06:14:31,OIS00013,GNRHCC,4
7627D332,2090,76TT625300809,2026-06-30 06:14:31,OIS00013,GNRHCC,4
7627D332,2090,76TT625300810,2026-06-30 06:14:31,OIS00013,GNRHCC,4
7627D332,2090,76TT625300811,2026-06-30 06:14:31,OIS00013,GNRHCC,4
7627D332,2090,76TT625300812,2026-06-30 06:14:31,OIS00013,GNRHCC,4
7627D332,2090,76TT625300813,2026-06-30 06:14:31,OIS00013,GNRHCC,4
7627D332,2090,76TT625300814,2026-06-30 06:14:31,OIS00013,GNRHCC,4
7627D332,2090,76TT625300815,2026-06-30 06:14:31,OIS00013,GNRHCC,4
7627D332,2090,76TT625300816,2026-06-30 06:14:31,OIS00013,GNRHCC,4
7627D332,2090,76TT625300817,2026-06-30 06:14:31,OIS00013,GNRHCC,4
7627D332,2090,76TT625300818,2026-06-30 06:14:31,OIS00013,GNRHCC,4
7627D332,2090,76TT625300819,2026-06-30 06:14:31,OIS00013,GNRHCC,4
7627D332,2090,76TT625300820,2026-06-30 06:14:31,OIS00013,GNRHCC,4
7627D332,2090,76TT625300821,2026-06-30 06:14:31,OIS00013,GNRHCC,4
7627D332,2090,76TT625300822,2026-06-30 06:14:31,OIS00013,GNRHCC,4
7627D332,2090,76TT625300823,2026-06-30 06:14:31,OIS00013,GNRHCC,4
7627D332,2090,76TT625300824,2026-06-30 06:14:31,OIS00013,GNRHCC,4
7627D332,2090,76TT625300825,2026-06-30 06:14:31,OIS00013,GNRHCC,4
7627D332,2090,76TT625300826,2026-06-30 06:14:31,OIS00013,GNRHCC,4
7627D332,2090,76TT625300827,2026-06-30 06:14:31,OIS00013,GNRHCC,4
7627D332,2090,76TT625300828,2026-06-30 06:14:31,OIS00013,GNRHCC,4
7627D332,2090,76TT625300829,2026-06-30 06:14:31,OIS00013,GNRHCC,4
7627D332,2090,76TT625300830,2026-06-30 06:14:31,OIS00013,GNRHCC,4
7627D332,2090,76TT625300831,2026-06-30 06:14:31,OIS00013,GNRHCC,4
7627D332,2090,76TT625300832,2026-06-30 06:14:31,OIS00013,GNRHCC,4
7627D332,2090,76TT625300833,2026-06-30 06:14:31,OIS00013,GNRHCC,4
7627D332,2090,76TT625300834,2026-06-30 06:14:31,OIS00013,GNRHCC,4
7627D332,2090,76TT625300835,2026-06-30 06:14:31,OIS00013,GNRHCC,4
7627D332,2090,76TT625300836,2026-06-30 06:14:31,OIS00013,GNRHCC,4
7627D332,2090,76TT625300837,2026-06-30 06:14:31,OIS00013,GNRHCC,4
7627D332,2090,76TT625300838,2026-06-30 06:14:31,OIS00013,GNRHCC,4
7627D332,2090,76TT625300839,2026-06-30 06:14:31,OIS00013,GNRHCC,4
7627D332,2090,76TT625300840,2026-06-30 06:14:31,OIS00013,GNRHCC,4
7627D332,2090,76TT625300849,2026-06-30 06:14:31,OIS00013,GNRHCC,4
7627D332,2090,76TT625300850,2026-06-30 06:14:31,OIS00013,GNRHCC,4
7627D332,2090,76TT625300851,2026-06-30 06:14:31,OIS00013,GNRHCC,4
7627D332,2090,76TT625300852,2026-06-30 06:14:31,OIS00013,GNRHCC,4
7627D332,2090,76TT625300853,2026-06-30 06:14:31,OIS00013,GNRHCC,4
7627D332,2090,76TT625300854,2026-06-30 06:14:31,OIS00013,GNRHCC,4
7627D332,2090,76TT625300855,2026-06-30 06:14:31,OIS00013,GNRHCC,4
7627D332,2090,76TT625300856,2026-06-30 06:14:31,OIS00013,GNRHCC,4
7627D332,2090,76TT625300857,2026-06-30 06:14:31,OIS00013,GNRHCC,4
7627D332,2090,76TT625300858,2026-06-30 06:14:31,OIS00013,GNRHCC,4
7627D332,2090,76TT625300859,2026-06-30 06:14:31,OIS00013,GNRHCC,4
7627D332,2090,76TT625300860,2026-06-30 06:14:31,OIS00013,GNRHCC,4
7627D332,2090,76TT625300889,2026-06-30 06:14:31,OIS00013,GNRHCC,4
7627D332,2090,76TT625300890,2026-06-30 06:14:31,OIS00013,GNRHCC,4
7627D332,2090,76TT625300891,2026-06-30 06:14:31,OIS00013,GNRHCC,4
7627D332,2090,76TT625300892,2026-06-30 06:14:31,OIS00013,GNRHCC,4
7627D332,2090,76TT625300893,2026-06-30 06:14:31,OIS00013,GNRHCC,4
7627D332,2090,76TT625300894,2026-06-30 06:14:31,OIS00013,GNRHCC,4
7627D332,2090,76TT625300895,2026-06-30 06:14:31,OIS00013,GNRHCC,4
7627D332,2090,76TT625300896,2026-06-30 06:14:31,OIS00013,GNRHCC,4
7627D332,2090,76TT625300897,2026-06-30 06:14:31,OIS00013,GNRHCC,4
7627D332,2090,76TT625300898,2026-06-30 06:14:31,OIS00013,GNRHCC,4
7627D332,2090,76TT625300899,2026-06-30 06:14:31,OIS00013,GNRHCC,4
7627D332,2090,76TT625300900,2026-06-30 06:14:31,OIS00013,GNRHCC,4
7627D332,2090,76TT625300901,2026-06-30 06:14:31,OIS00013,GNRHCC,4
7627D332,2090,76TT625300902,2026-06-30 06:14:31,OIS00013,GNRHCC,4
7627D332,2090,76TT625300903,2026-06-30 06:14:31,OIS00013,GNRHCC,4
7627D332,2090,76TT625300904,2026-06-30 06:14:31,OIS00013,GNRHCC,4
7627D332,2090,76TT625300905,2026-06-30 06:14:31,OIS00013,GNRHCC,4
7627D332,2090,76TT625300906,2026-06-30 06:14:31,OIS00013,GNRHCC,4
7627D332,2090,76TT625300907,2026-06-30 06:14:31,OIS00013,GNRHCC,4
7627D332,2090,76TT625300908,2026-06-30 06:14:31,OIS00013,GNRHCC,4
7627D332,2090,76TT625300909,2026-06-30 06:14:31,OIS00013,GNRHCC,4
7627D332,2090,76TT625300910,2026-06-30 06:14:31,OIS00013,GNRHCC,4
7627D332,2090,76TT625300911,2026-06-30 06:14:31,OIS00013,GNRHCC,4
7627D332,2090,76TT625300912,2026-06-30 06:14:31,OIS00013,GNRHCC,4
7627D332,2090,76TT625300913,2026-06-30 06:14:31,OIS00013,GNRHCC,4
7627D332,2090,76TT625300914,2026-06-30 06:14:31,OIS00013,GNRHCC,4
7627D332,2090,76TT625300915,2026-06-30 06:14:31,OIS00013,GNRHCC,4
7627D332,2090,76TT625300916,2026-06-30 06:14:31,OIS00013,GNRHCC,4
7627D332,2090,76TT625300917,2026-06-30 06:14:31,OIS00013,GNRHCC,4
7627D332,2090,76TT625300918,2026-06-30 06:14:31,OIS00013,GNRHCC,4
7627D332,2090,76TT625300919,2026-06-30 06:14:31,OIS00013,GNRHCC,4
7627D332,2090,76TT625300920,2026-06-30 06:14:31,OIS00013,GNRHCC,4
7627D332,2090,76TT625301081,2026-06-30 06:14:31,OIS00013,GNRHCC,4
7627D332,2090,76TT625301082,2026-06-30 06:14:31,OIS00013,GNRHCC,4
7627D332,2090,76TT625301083,2026-06-30 06:14:31,OIS00013,GNRHCC,4
7627D332,2090,76TT625301084,2026-06-30 06:14:31,OIS00013,GNRHCC,4
7627D332,2090,76TT625301085,2026-06-30 06:14:31,OIS00013,GNRHCC,4
7627D332,2090,76TT625301086,2026-06-30 06:14:31,OIS00013,GNRHCC,4
7627D332,2090,76TT625301087,2026-06-30 06:14:31,OIS00013,GNRHCC,4
7627D332,2090,76TT625301088,2026-06-30 06:14:31,OIS00013,GNRHCC,4
7627D332,2090,76TT625301141,2026-06-30 06:14:31,OIS00013,GNRHCC,4
7627D332,2090,76TT625301142,2026-06-30 06:14:31,OIS00013,GNRHCC,4
7627D332,2090,76TT625301143,2026-06-30 06:14:31,OIS00013,GNRHCC,4
7627D332,2090,76TT625301144,2026-06-30 06:14:31,OIS00013,GNRHCC,4
7627D332,2090,76TT625301145,2026-06-30 06:14:31,OIS00013,GNRHCC,4
7627D332,2090,76TT625301146,2026-06-30 06:14:31,OIS00013,GNRHCC,4
7627D332,2090,76TT625301147,2026-06-30 06:14:31,OIS00013,GNRHCC,4
7627D332,2090,76TT625301148,2026-06-30 06:14:31,OIS00013,GNRHCC,4
7627D332,2090,76TT625301149,2026-06-30 06:14:31,OIS00013,GNRHCC,4
7627D332,2090,76TT625301150,2026-06-30 06:14:31,OIS00013,GNRHCC,4
7627D332,2090,76TT625301151,2026-06-30 06:14:31,OIS00013,GNRHCC,4
7627D332,2090,76TT625301152,2026-06-30 06:14:31,OIS00013,GNRHCC,4
7627D332,2090,76TT625301153,2026-06-30 06:14:31,OIS00013,GNRHCC,4
7627D332,2090,76TT625301154,2026-06-30 06:14:31,OIS00013,GNRHCC,4
7627D332,2090,76TT625301155,2026-06-30 06:14:31,OIS00013,GNRHCC,4
7627D332,2090,76TT625301156,2026-06-30 06:14:31,OIS00013,GNRHCC,4
7627D332,2090,76TT625301157,2026-06-30 06:14:31,OIS00013,GNRHCC,4
7627D332,2090,76TT625301158,2026-06-30 06:14:31,OIS00013,GNRHCC,4
7627D332,2090,76TT625301159,2026-06-30 06:14:31,OIS00013,GNRHCC,4
7627D332,2090,76TT625301160,2026-06-30 06:14:31,OIS00013,GNRHCC,4
7627D332,2090,76TT625301329,2026-06-30 06:14:31,OIS00013,GNRHCC,4
7627D332,2090,76TT625301330,2026-06-30 06:14:31,OIS00013,GNRHCC,4
7627D332,2090,76TT625301331,2026-06-30 06:14:31,OIS00013,GNRHCC,4
7627D332,2090,76TT625301332,2026-06-30 06:14:31,OIS00013,GNRHCC,4
7627D332,2090,76TT625301333,2026-06-30 06:14:31,OIS00013,GNRHCC,4
7627D332,2090,76TT625301334,2026-06-30 06:14:31,OIS00013,GNRHCC,4
7627D332,2090,76TT625301335,2026-06-30 06:14:31,OIS00013,GNRHCC,4
7627D332,2090,76TT625301336,2026-06-30 06:14:31,OIS00013,GNRHCC,4
7627D332,2090,76TT625301337,2026-06-30 06:14:31,OIS00013,GNRHCC,4
7627D332,2090,76TT625301338,2026-06-30 06:14:31,OIS00013,GNRHCC,4
7627D332,2090,76TT625301339,2026-06-30 06:14:31,OIS00013,GNRHCC,4
7627D332,2090,76TT625301340,2026-06-30 06:14:31,OIS00013,GNRHCC,4
7627D332,2090,76TT625301341,2026-06-30 06:14:31,OIS00013,GNRHCC,4
7627D332,2090,76TT625301342,2026-06-30 06:14:31,OIS00013,GNRHCC,4
7627D332,2090,76TT625301343,2026-06-30 06:14:31,OIS00013,GNRHCC,4
7627D332,2090,76TT625301344,2026-06-30 06:14:31,OIS00013,GNRHCC,4
7627D332,2090,76TT625301345,2026-06-30 06:14:31,OIS00013,GNRHCC,4
7627D332,2090,76TT625301346,2026-06-30 06:14:31,OIS00013,GNRHCC,4
7627D332,2090,76TT625301347,2026-06-30 06:14:31,OIS00013,GNRHCC,4
7627D332,2090,76TT625301348,2026-06-30 06:14:31,OIS00013,GNRHCC,4
7627D332,2090,76TT625301349,2026-06-30 06:14:31,OIS00013,GNRHCC,4
7627D332,2090,76TT625301350,2026-06-30 06:14:31,OIS00013,GNRHCC,4
7627D332,2090,76TT625301351,2026-06-30 06:14:31,OIS00013,GNRHCC,4
7627D332,2090,76TT625301352,2026-06-30 06:14:31,OIS00013,GNRHCC,4
7627D332,2090,76TT625301353,2026-06-30 06:14:31,OIS00013,GNRHCC,4
7627D332,2090,76TT625301354,2026-06-30 06:14:31,OIS00013,GNRHCC,4
7627D332,2090,76TT625301355,2026-06-30 06:14:31,OIS00013,GNRHCC,4
7627D332,2090,76TT625301356,2026-06-30 06:14:31,OIS00013,GNRHCC,4
7627D332,2090,76TT625301357,2026-06-30 06:14:31,OIS00013,GNRHCC,4
7627D332,2090,76TT625301358,2026-06-30 06:14:31,OIS00013,GNRHCC,4
7627D332,2090,76TT625301359,2026-06-30 06:14:31,OIS00013,GNRHCC,4
7627D332,2090,76TT625301360,2026-06-30 06:14:31,OIS00013,GNRHCC,4
