lot,operation,visual_id,test_end_date,tester_id,prodgroup3,maxlidheight,minlidheight
7626F391,2090,76PN852700018,2026-06-30 04:42:26,OIS00014,GNRUCC,3864.08,3805.72
7626F391,2090,76PN852700019,2026-06-30 04:42:26,OIS00014,GNRUCC,3892.9,3785.47
7626F391,2090,76PN852700020,2026-06-30 04:42:26,OIS00014,GNRUCC,3893.39,3785.42
7626F391,2090,76PN852700045,2026-06-30 04:42:26,OIS00014,GNRUCC,3861.37,3792.25
7626F391,2090,76PN852700046,2026-06-30 04:42:26,OIS00014,GNRUCC,3870.54,3798.35
7626F391,2090,76PN852700047,2026-06-30 04:42:26,OIS00014,GNRUCC,3869.87,3799.85
7626F391,2090,76PN852700048,2026-06-30 04:42:26,OIS00014,GNRUCC,3867.05,3799.08
7626F391,2090,76PN852700049,2026-06-30 04:42:26,OIS00014,GNRUCC,3858.82,3794.56
7626F391,2090,76PN852700050,2026-06-30 04:42:26,OIS00014,GNRUCC,3858.33,3782.12
7626F391,2090,76PN852700051,2026-06-30 04:42:26,OIS00014,GNRUCC,3865.39,3783.85
7626F391,2090,76PN852700052,2026-06-30 04:42:26,OIS00014,GNRUCC,3854.43,3779.05
7626F391,2090,76PN852700053,2026-06-30 04:42:26,OIS00014,GNRUCC,3862.78,3783.49
7626F391,2090,76PN852700054,2026-06-30 04:42:26,OIS00014,GNRUCC,3879.11,3792.35
7626F391,2090,76PN852700055,2026-06-30 04:42:26,OIS00014,GNRUCC,3865.67,3794.41
7626F391,2090,76PN852700056,2026-06-30 04:42:26,OIS00014,GNRUCC,3874.79,3785.04
7626F391,2090,76PN852700057,2026-06-30 04:42:26,OIS00014,GNRUCC,3883.63,3797.01
7626F391,2090,76PN852700058,2026-06-30 04:42:26,OIS00014,GNRUCC,3894.92,3798.24
7626F391,2090,76PN852700059,2026-06-30 04:42:26,OIS00014,GNRUCC,3882.56,3793.83
7626F391,2090,76PN852700060,2026-06-30 04:42:26,OIS00014,GNRUCC,3888.77,3819.57
7626F391,2090,76PN852700061,2026-06-30 04:42:26,OIS00014,GNRUCC,3868.75,3801.46
7626F391,2090,76PN852700062,2026-06-30 04:42:26,OIS00014,GNRUCC,3870.77,3793.11
7626F391,2090,76PN852700174,2026-06-30 04:42:26,OIS00014,GNRUCC,3875.17,3794.92
7626F391,2090,76PN852700175,2026-06-30 04:42:26,OIS00014,GNRUCC,3880.09,3798.88
7626F391,2090,76PN852700176,2026-06-30 04:42:26,OIS00014,GNRUCC,3885.16,3779.07
7626F391,2090,76PN852700177,2026-06-30 04:42:26,OIS00014,GNRUCC,3863.43,3802.7
7626F391,2090,76PN852700178,2026-06-30 04:42:26,OIS00014,GNRUCC,3870.76,3793.69
7626F391,2090,76PN852700179,2026-06-30 04:42:26,OIS00014,GNRUCC,3886.64,3791.3
7626F391,2090,76PN852700180,2026-06-30 04:42:26,OIS00014,GNRUCC,3868.67,3780.39
7626F391,2090,76PN852700181,2026-06-30 04:42:26,OIS00014,GNRUCC,3882.13,3774.97
7626F391,2090,76PN852700182,2026-06-30 04:42:26,OIS00014,GNRUCC,3879.85,3788.82
7626F391,2090,76PN852700183,2026-06-30 04:42:26,OIS00014,GNRUCC,3884.15,3808.9
7626F391,2090,76PN852700184,2026-06-30 04:42:26,OIS00014,GNRUCC,3880.52,3795.57
7626F391,2090,76PN852700185,2026-06-30 04:42:26,OIS00014,GNRUCC,3885.69,3793.41
7626F391,2090,76PN852700186,2026-06-30 04:42:26,OIS00014,GNRUCC,3856.56,3811.75
7626F391,2090,76PN852700187,2026-06-30 04:42:26,OIS00014,GNRUCC,3880.9,3789.01
7626F391,2090,76PN852700188,2026-06-30 04:42:26,OIS00014,GNRUCC,3890.27,3801.4
7626F391,2090,76PN852700189,2026-06-30 04:42:26,OIS00014,GNRUCC,3874.77,3820.95
7626F391,2090,76PN852700190,2026-06-30 04:42:26,OIS00014,GNRUCC,3872.72,3787.58
7626F391,2090,76PN852700191,2026-06-30 04:42:26,OIS00014,GNRUCC,3868.14,3768.58
7626F391,2090,76PN852700192,2026-06-30 04:42:26,OIS00014,GNRUCC,3883.09,3815.2
7626F391,2090,76PN852700193,2026-06-30 04:42:26,OIS00014,GNRUCC,3858.65,3802.94
7626F391,2090,76PN852700194,2026-06-30 04:42:26,OIS00014,GNRUCC,3866.14,3789.36
7626F391,2090,76PN852700195,2026-06-30 04:42:26,OIS00014,GNRUCC,3867.76,3809.06
7626F391,2090,76PN852700196,2026-06-30 04:42:26,OIS00014,GNRUCC,3871.96,3791.93
7626F391,2090,76PN852700197,2026-06-30 04:42:26,OIS00014,GNRUCC,3888.09,3786.07
7626F391,2090,76PN852700198,2026-06-30 04:42:26,OIS00014,GNRUCC,3867.63,3806.31
7626F391,2090,76PN852700199,2026-06-30 04:42:26,OIS00014,GNRUCC,3853.63,3779.46
7626F391,2090,76PN852700200,2026-06-30 04:42:26,OIS00014,GNRUCC,3875.9,3796.05
7626F391,2090,76PN852700201,2026-06-30 04:42:26,OIS00014,GNRUCC,3879.65,3819.44
7626F391,2090,76PN852700202,2026-06-30 04:42:26,OIS00014,GNRUCC,3856.95,3776.12
7626F391,2090,76PN852700203,2026-06-30 04:42:26,OIS00014,GNRUCC,3878.65,3795.54
7626F391,2090,76PN852700204,2026-06-30 04:42:26,OIS00014,GNRUCC,3860.1,3825.85
7626F391,2090,76PN852700205,2026-06-30 04:42:26,OIS00014,GNRUCC,3871.68,3804.47
7626F391,2090,76PN852700206,2026-06-30 04:42:26,OIS00014,GNRUCC,3875.55,3799.26
7626F391,2090,76PN852700216,2026-06-30 04:42:26,OIS00014,GNRUCC,3868.29,3806.62
7626F391,2090,76PN852700217,2026-06-30 04:42:26,OIS00014,GNRUCC,3884.37,3785.77
7626F391,2090,76PN852700218,2026-06-30 04:42:26,OIS00014,GNRUCC,3887.9,3782.04
7626F391,2090,76PN852700219,2026-06-30 04:42:26,OIS00014,GNRUCC,3874.38,3818.43
7626F391,2090,76PN852700220,2026-06-30 04:42:26,OIS00014,GNRUCC,3877.81,3797.96
7626F391,2090,76PN852700221,2026-06-30 04:42:26,OIS00014,GNRUCC,3866.74,3806.17
7626F391,2090,76PN852700222,2026-06-30 04:42:26,OIS00014,GNRUCC,3874.89,3820.27
7626F391,2090,76PN852700223,2026-06-30 04:42:26,OIS00014,GNRUCC,3866.08,3790.51
7626F391,2090,76PN852700224,2026-06-30 04:42:26,OIS00014,GNRUCC,3890.61,3795.72
7626F391,2090,76PN852700225,2026-06-30 04:42:26,OIS00014,GNRUCC,3879.41,3808.31
7626F391,2090,76PN852700226,2026-06-30 04:42:26,OIS00014,GNRUCC,3873.69,3797.3
7626F391,2090,76PN852700227,2026-06-30 04:42:26,OIS00014,GNRUCC,3881.19,3793.7
7626F391,2090,76PN852700228,2026-06-30 04:42:26,OIS00014,GNRUCC,3880.64,3799.53
7626F391,2090,76PN852700229,2026-06-30 04:42:26,OIS00014,GNRUCC,3869.35,3796.73
7626F391,2090,76PN852700230,2026-06-30 04:42:26,OIS00014,GNRUCC,3875.88,3793.51
7626F391,2090,76PN852700231,2026-06-30 04:42:26,OIS00014,GNRUCC,3858.13,3780.38
7626F391,2090,76PN852700232,2026-06-30 04:42:26,OIS00014,GNRUCC,3877.64,3781.51
7626F391,2090,76PN852700233,2026-06-30 04:42:26,OIS00014,GNRUCC,3871.5,3784.03
7626F391,2090,76PN852700234,2026-06-30 04:42:26,OIS00014,GNRUCC,3855.92,3807.28
7626F391,2090,76PN852700235,2026-06-30 04:42:26,OIS00014,GNRUCC,3860.43,3787.45
7626F391,2090,76PN852700236,2026-06-30 04:42:26,OIS00014,GNRUCC,3889.18,3791.5
7626F391,2090,76PN852700237,2026-06-30 04:42:26,OIS00014,GNRUCC,3867.5,3816.67
7626F391,2090,76PN852700238,2026-06-30 04:42:26,OIS00014,GNRUCC,3859.39,3792.72
7626F391,2090,76PN852700239,2026-06-30 04:42:26,OIS00014,GNRUCC,3874.34,3793.76
7626F391,2090,76PN852700273,2026-06-30 04:42:26,OIS00014,GNRUCC,3869.98,3792.14
7626F391,2090,76PN852700274,2026-06-30 04:42:26,OIS00014,GNRUCC,3865.77,3792.81
7626F391,2090,76PN852700275,2026-06-30 04:42:26,OIS00014,GNRUCC,3868.85,3790.27
7626F391,2090,76PN852700276,2026-06-30 04:42:26,OIS00014,GNRUCC,3867.52,3799.85
7626F391,2090,76PN852700277,2026-06-30 04:42:26,OIS00014,GNRUCC,3884.74,3792.67
7626F391,2090,76PN852700278,2026-06-30 04:42:26,OIS00014,GNRUCC,3870.19,3792.7
7626F391,2090,76PN852700279,2026-06-30 04:42:26,OIS00014,GNRUCC,3872.21,3793.68
7626F391,2090,76PN852700280,2026-06-30 04:42:26,OIS00014,GNRUCC,3872.44,3781.62
7626F391,2090,76PN852700281,2026-06-30 04:42:26,OIS00014,GNRUCC,3879.47,3795.32
7626F391,2090,76PN852700282,2026-06-30 04:42:26,OIS00014,GNRUCC,3857.13,3813.85
7626F391,2090,76PN852700283,2026-06-30 04:42:26,OIS00014,GNRUCC,3865.92,3784.45
7626F391,2090,76PN852700284,2026-06-30 04:42:26,OIS00014,GNRUCC,3867.63,3793.1
7626F391,2090,76PN852700285,2026-06-30 04:42:26,OIS00014,GNRUCC,3864.63,3808.35
7626F391,2090,76PN852700286,2026-06-30 04:42:26,OIS00014,GNRUCC,3885.97,3786.88
7626F391,2090,76PN852700287,2026-06-30 04:42:26,OIS00014,GNRUCC,3876.14,3782.05
7626F391,2090,76PN852700288,2026-06-30 04:42:26,OIS00014,GNRUCC,3867.7,3795.36
7626F391,2090,76PN852700289,2026-06-30 04:42:26,OIS00014,GNRUCC,3881.1,3788.66
7626F391,2090,76PN852700290,2026-06-30 04:42:26,OIS00014,GNRUCC,3867.99,3774.91
7626F391,2090,76PN852700291,2026-06-30 04:42:26,OIS00014,GNRUCC,3882.28,3788.22
7626F391,2090,76PN852700292,2026-06-30 04:42:26,OIS00014,GNRUCC,3870.68,3783.68
7626F391,2090,76PN852700293,2026-06-30 04:42:26,OIS00014,GNRUCC,3873.65,3773.08
7626F391,2090,76PN852700294,2026-06-30 04:42:26,OIS00014,GNRUCC,3866.21,3801.75
7626F391,2090,76PN852700295,2026-06-30 04:42:26,OIS00014,GNRUCC,3889.23,3787.97
7626F391,2090,76PN852700296,2026-06-30 04:42:26,OIS00014,GNRUCC,3885.68,3782.34
7626F391,2090,76PN852700297,2026-06-30 04:42:26,OIS00014,GNRUCC,3874.83,3793.83
7626F391,2090,76PN852700298,2026-06-30 04:42:26,OIS00014,GNRUCC,3886.58,3814.02
7626F391,2090,76PN852700299,2026-06-30 04:42:26,OIS00014,GNRUCC,3892.44,3807.04
7626F391,2090,76PN852700333,2026-06-30 04:42:26,OIS00014,GNRUCC,3869.79,3810.56
7626F391,2090,76PN852700334,2026-06-30 04:42:26,OIS00014,GNRUCC,3895.25,3798.73
7626F391,2090,76PN852700335,2026-06-30 04:42:26,OIS00014,GNRUCC,3878.61,3795.51
7626F391,2090,76PN852700336,2026-06-30 04:42:26,OIS00014,GNRUCC,3872.3,3815.19
7626F391,2090,76PN852700337,2026-06-30 04:42:26,OIS00014,GNRUCC,3880.77,3802.01
7626F391,2090,76PN852700338,2026-06-30 04:42:26,OIS00014,GNRUCC,3874.49,3785.84
7626F391,2090,76PN852700339,2026-06-30 04:42:26,OIS00014,GNRUCC,3858.26,3792.86
7626F391,2090,76PN852700340,2026-06-30 04:42:26,OIS00014,GNRUCC,3860.08,3785.83
7626F391,2090,76PN852700341,2026-06-30 04:42:26,OIS00014,GNRUCC,3878.16,3782.22
7626F391,2090,76PN852700342,2026-06-30 04:42:26,OIS00014,GNRUCC,3859.5,3806.77
7626F391,2090,76PN852700343,2026-06-30 04:42:26,OIS00014,GNRUCC,3853.92,3774.41
7626F391,2090,76PN852700344,2026-06-30 04:42:26,OIS00014,GNRUCC,3855.72,3785.59
7626F391,2090,76PN852700345,2026-06-30 04:42:26,OIS00014,GNRUCC,3865.73,3799.21
7626F391,2090,76PN852700346,2026-06-30 04:42:26,OIS00014,GNRUCC,3871.78,3786.11
7626F391,2090,76PN852700347,2026-06-30 04:42:26,OIS00014,GNRUCC,3856.84,3784.18
7626F391,2090,76PN852700348,2026-06-30 04:42:26,OIS00014,GNRUCC,3868.05,3795.63
7626F391,2090,76PN852700349,2026-06-30 04:42:26,OIS00014,GNRUCC,3877.16,3794.49
7626F391,2090,76PN852700350,2026-06-30 04:42:26,OIS00014,GNRUCC,3869.73,3793.88
7626F391,2090,76PN852700351,2026-06-30 04:42:26,OIS00014,GNRUCC,3864.98,3795.91
7626F391,2090,76PN852700352,2026-06-30 04:42:26,OIS00014,GNRUCC,3865.23,3779.34
7626F391,2090,76PN852700353,2026-06-30 04:42:26,OIS00014,GNRUCC,3869.73,3788.76
7626F391,2090,76PN852700354,2026-06-30 04:42:26,OIS00014,GNRUCC,3861.26,3795.44
7626F391,2090,76PN852700355,2026-06-30 04:42:26,OIS00014,GNRUCC,3884.1,3796.07
7626F391,2090,76PN852700356,2026-06-30 04:42:26,OIS00014,GNRUCC,3880.68,3792.2
7626F391,2090,76PN852700357,2026-06-30 04:42:26,OIS00014,GNRUCC,3865.06,3816.79
7626F391,2090,76PN852700358,2026-06-30 04:42:26,OIS00014,GNRUCC,3859.59,3789.2
7626F391,2090,76PN852700359,2026-06-30 04:42:26,OIS00014,GNRUCC,3879.94,3802.84
7626F391,2090,76PN852700360,2026-06-30 04:42:26,OIS00014,GNRUCC,3877.41,3810.88
7626F391,2090,76PN852700361,2026-06-30 04:42:26,OIS00014,GNRUCC,3867.8,3789.53
7626F391,2090,76PN852700362,2026-06-30 04:42:26,OIS00014,GNRUCC,3893.6,3787.81
7626F391,2090,76PN852700363,2026-06-30 04:42:26,OIS00014,GNRUCC,3875.17,3806.34
7626F391,2090,76PN852700364,2026-06-30 04:42:26,OIS00014,GNRUCC,3884.91,3805.81
7626F391,2090,76PN852700365,2026-06-30 04:42:26,OIS00014,GNRUCC,3880.81,3783.25
7626F391,2090,76PN852700366,2026-06-30 04:42:26,OIS00014,GNRUCC,3877.16,3814.23
7626F391,2090,76PN852700367,2026-06-30 04:42:26,OIS00014,GNRUCC,3885.78,3801.38
7626F391,2090,76PN852700368,2026-06-30 04:42:26,OIS00014,GNRUCC,3880.91,3783.62
7626F391,2090,76PN852700369,2026-06-30 04:42:26,OIS00014,GNRUCC,3881.25,3819.48
7626F391,2090,76PN852700370,2026-06-30 04:42:26,OIS00014,GNRUCC,3869.11,3795.3
7626F391,2090,76PN852700371,2026-06-30 04:42:26,OIS00014,GNRUCC,3874.31,3772.41
7626F391,2090,76PN852700372,2026-06-30 04:42:26,OIS00014,GNRUCC,3861.33,3787.83
7626F391,2090,76PN852700373,2026-06-30 04:42:26,OIS00014,GNRUCC,3872.67,3794.85
7626F391,2090,76PN852700374,2026-06-30 04:42:26,OIS00014,GNRUCC,3857.29,3782.81
7626F391,2090,76PN852700375,2026-06-30 04:42:26,OIS00014,GNRUCC,3865.31,3797.66
7626F391,2090,76PN852700376,2026-06-30 04:42:26,OIS00014,GNRUCC,3885.3,3803.51
7626F391,2090,76PN852700377,2026-06-30 04:42:26,OIS00014,GNRUCC,3866.52,3795.78
7626F391,2090,76PN852700378,2026-06-30 04:42:26,OIS00014,GNRUCC,3878.5,3816.63
7626F391,2090,76PN852700379,2026-06-30 04:42:26,OIS00014,GNRUCC,3889.84,3797.57
7626F391,2090,76PN852700380,2026-06-30 04:42:26,OIS00014,GNRUCC,3886.75,3791.47
7626F391,2090,76PN852700381,2026-06-30 04:42:26,OIS00014,GNRUCC,3875.76,3806.39
7626F391,2090,76PN852700382,2026-06-30 04:42:26,OIS00014,GNRUCC,3878.12,3805.62
7626F391,2090,76PN852700383,2026-06-30 04:42:26,OIS00014,GNRUCC,3848.72,3784.65
7626F391,2090,76PN852700384,2026-06-30 04:42:26,OIS00014,GNRUCC,3864.24,3806
7626F391,2090,76PN852700385,2026-06-30 04:42:26,OIS00014,GNRUCC,3853.01,3784.9
7626F391,2090,76PN852700386,2026-06-30 04:42:26,OIS00014,GNRUCC,3887.15,3791.52
7626F391,2090,76PN852700387,2026-06-30 04:42:26,OIS00014,GNRUCC,3883.21,3782.77
7626F391,2090,76PN852700388,2026-06-30 04:42:26,OIS00014,GNRUCC,3857.77,3801.74
7626F391,2090,76PN852700389,2026-06-30 04:42:26,OIS00014,GNRUCC,3876.26,3799.2
7626F391,2090,76PN852700390,2026-06-30 04:42:26,OIS00014,GNRUCC,3845.66,3787.45
7626F391,2090,76PN852700391,2026-06-30 04:42:26,OIS00014,GNRUCC,3865.09,3797.18
7626F391,2090,76PN852700392,2026-06-30 04:42:26,OIS00014,GNRUCC,3849.41,3780.67
7626F391,2090,76PN852700405,2026-06-30 04:42:26,OIS00014,GNRUCC,3869.29,3803.35
7626F391,2090,76PN852700406,2026-06-30 04:42:26,OIS00014,GNRUCC,3860.81,3793.5
7626F391,2090,76PN852700407,2026-06-30 04:42:26,OIS00014,GNRUCC,3869.35,3800.78
7626F391,2090,76PN852700408,2026-06-30 04:42:26,OIS00014,GNRUCC,3884.32,3807.29
7626F391,2090,76PN852700409,2026-06-30 04:42:26,OIS00014,GNRUCC,3868.77,3768.86
7626F391,2090,76PN852700410,2026-06-30 04:42:26,OIS00014,GNRUCC,3860.28,3766.26
7626F391,2090,76PN852700411,2026-06-30 04:42:26,OIS00014,GNRUCC,3858.66,3775.95
7626F391,2090,76PN852700412,2026-06-30 04:42:26,OIS00014,GNRUCC,3860.89,3778.83
7626F391,2090,76PN852700413,2026-06-30 04:42:26,OIS00014,GNRUCC,3870.76,3770.4
7626F391,2090,76PN852700414,2026-06-30 04:42:26,OIS00014,GNRUCC,3865.47,3800.57
7626F391,2090,76PN852700415,2026-06-30 04:42:26,OIS00014,GNRUCC,3859.82,3787.96
7626F391,2090,76PN852700416,2026-06-30 04:42:26,OIS00014,GNRUCC,3873.2,3803.38
7626F391,2090,76PN852700417,2026-06-30 04:42:26,OIS00014,GNRUCC,3862.41,3798.84
7626F391,2090,76PN852700418,2026-06-30 04:42:26,OIS00014,GNRUCC,3869.73,3796.76
7626F391,2090,76PN852700419,2026-06-30 04:42:26,OIS00014,GNRUCC,3867.21,3785.68
7626F391,2090,76PN852700420,2026-06-30 04:42:26,OIS00014,GNRUCC,3857.8,3811.17
7626F391,2090,76PN852700421,2026-06-30 04:42:26,OIS00014,GNRUCC,3865.14,3793.78
7626F391,2090,76PN852700422,2026-06-30 04:42:26,OIS00014,GNRUCC,3876.4,3803.43
7626F391,2090,76PN852700423,2026-06-30 04:42:26,OIS00014,GNRUCC,3869.73,3797.54
7626F391,2090,76PN852700424,2026-06-30 04:42:26,OIS00014,GNRUCC,3869.45,3785.93
7626F391,2090,76PN852700425,2026-06-30 04:42:26,OIS00014,GNRUCC,3883.51,3783.51
7626F391,2090,76PN852700426,2026-06-30 04:42:26,OIS00014,GNRUCC,3867.36,3801.31
7626F391,2090,76PN852700427,2026-06-30 04:42:26,OIS00014,GNRUCC,3886.51,3777.13
7626F391,2090,76PN852700428,2026-06-30 04:42:26,OIS00014,GNRUCC,3854.31,3792.79
7626F391,2090,76PN852700429,2026-06-30 04:42:26,OIS00014,GNRUCC,3860.13,3811.68
7626F391,2090,76PN852700430,2026-06-30 04:42:26,OIS00014,GNRUCC,3878.13,3786.98
7626F391,2090,76PN852700431,2026-06-30 04:42:26,OIS00014,GNRUCC,3869.97,3801.66
7626F391,2090,76PN852700432,2026-06-30 04:42:26,OIS00014,GNRUCC,3856.78,3816.16
7626F391,2090,76PN852700433,2026-06-30 04:42:26,OIS00014,GNRUCC,3860.37,3791.22
7626F391,2090,76PN852700434,2026-06-30 04:42:26,OIS00014,GNRUCC,3885.94,3794.41
7626F391,2090,76PN852700435,2026-06-30 04:42:26,OIS00014,GNRUCC,3873.71,3816.07
7626F391,2090,76PN852700436,2026-06-30 04:42:26,OIS00014,GNRUCC,3873.65,3807.48
7626F391,2090,76PN852700437,2026-06-30 04:42:26,OIS00014,GNRUCC,3881.02,3791.31
7626F391,2090,76PN852700438,2026-06-30 04:42:26,OIS00014,GNRUCC,3862.68,3817.86
7626F391,2090,76PN852700439,2026-06-30 04:42:26,OIS00014,GNRUCC,3885.45,3797.09
7626F391,2090,76PN852700440,2026-06-30 04:42:26,OIS00014,GNRUCC,3890.06,3786.13
7626F391,2090,76PN852700441,2026-06-30 04:42:26,OIS00014,GNRUCC,3873.84,3814.71
7626F391,2090,76PN852700442,2026-06-30 04:42:26,OIS00014,GNRUCC,3879.8,3796.7
7626F391,2090,76PN852700443,2026-06-30 04:42:26,OIS00014,GNRUCC,3885.73,3785.21
7626F391,2090,76PN852700444,2026-06-30 04:42:26,OIS00014,GNRUCC,3869.08,3808.8
7626F391,2090,76PN852700445,2026-06-30 04:42:26,OIS00014,GNRUCC,3876.82,3798.95
7626F391,2090,76PN852700446,2026-06-30 04:42:26,OIS00014,GNRUCC,3872.26,3792.87
7626F391,2090,76PN852700447,2026-06-30 04:42:26,OIS00014,GNRUCC,3869.98,3803.9
7626F391,2090,76PN852700448,2026-06-30 04:42:26,OIS00014,GNRUCC,3872.19,3798.09
7626F391,2090,76PN852700449,2026-06-30 04:42:26,OIS00014,GNRUCC,3871.52,3779.43
7626F391,2090,76PN852700450,2026-06-30 04:42:26,OIS00014,GNRUCC,3864.94,3795.34
7626F391,2090,76PN852700451,2026-06-30 04:42:26,OIS00014,GNRUCC,3873.74,3787.27
7626F391,2090,76PN852700452,2026-06-30 04:42:26,OIS00014,GNRUCC,3885.42,3782.8
7626F391,2090,76PN852700453,2026-06-30 04:42:26,OIS00014,GNRUCC,3861.24,3810.43
7626F391,2090,76PN852700454,2026-06-30 04:42:26,OIS00014,GNRUCC,3875.81,3788.18
7626F391,2090,76PN852700455,2026-06-30 04:42:26,OIS00014,GNRUCC,3879.2,3791.25
7626F391,2090,76PN852700456,2026-06-30 04:42:26,OIS00014,GNRUCC,3881.95,3824.99
7626F391,2090,76PN852700457,2026-06-30 04:42:26,OIS00014,GNRUCC,3871.69,3789.3
7626F391,2090,76PN852700458,2026-06-30 04:42:26,OIS00014,GNRUCC,3898.23,3797.21
7626F391,2090,76PN852700459,2026-06-30 04:42:26,OIS00014,GNRUCC,3878.32,3809.8
7626F391,2090,76PN852700460,2026-06-30 04:42:26,OIS00014,GNRUCC,3886.17,3804.54
7626F391,2090,76PN852700461,2026-06-30 04:42:26,OIS00014,GNRUCC,3889.03,3798.3
7626F391,2090,76PN852700462,2026-06-30 04:42:26,OIS00014,GNRUCC,3883.68,3798.86
7626F391,2090,76PN852700463,2026-06-30 04:42:26,OIS00014,GNRUCC,3875.81,3788.82
7626F391,2090,76PN852700464,2026-06-30 04:42:26,OIS00014,GNRUCC,3885.37,3808.46
7626F391,2090,76PN852700465,2026-06-30 04:42:26,OIS00014,GNRUCC,3892.53,3812.87
7626F391,2090,76PN852700466,2026-06-30 04:42:26,OIS00014,GNRUCC,3883.04,3796.82
7626F391,2090,76PN852700467,2026-06-30 04:42:26,OIS00014,GNRUCC,3878.37,3793.66
7626F391,2090,76PN852700468,2026-06-30 04:42:26,OIS00014,GNRUCC,3859.29,3809.76
7626F391,2090,76PN852700469,2026-06-30 04:42:26,OIS00014,GNRUCC,3857.44,3787.58
7626F391,2090,76PN852700470,2026-06-30 04:42:26,OIS00014,GNRUCC,3871.03,3788.35
7626F391,2090,76PN852700471,2026-06-30 04:42:26,OIS00014,GNRUCC,3833.69,3778.79
7626F391,2090,76PN852700472,2026-06-30 04:42:26,OIS00014,GNRUCC,3871.56,3786.44
7626F391,2090,76PN852700473,2026-06-30 04:42:26,OIS00014,GNRUCC,3894.12,3787.12
7626F391,2090,76PN852700474,2026-06-30 04:42:26,OIS00014,GNRUCC,3867.67,3791.27
7626F391,2090,76PN852700475,2026-06-30 04:42:26,OIS00014,GNRUCC,3862.33,3790.42
7626F391,2090,76PN852700476,2026-06-30 04:42:26,OIS00014,GNRUCC,3865.67,3784.01
7626F391,2090,76PN852700477,2026-06-30 04:42:26,OIS00014,GNRUCC,3890.59,3796.9
7626F391,2090,76PN852700478,2026-06-30 04:42:26,OIS00014,GNRUCC,3900.42,3791.52
7626F391,2090,76PN852700479,2026-06-30 04:42:26,OIS00014,GNRUCC,3893.81,3799.34
7626F391,2090,76PN852700480,2026-06-30 04:42:26,OIS00014,GNRUCC,3858.34,3796.96
7626F391,2090,76PN852700481,2026-06-30 04:42:26,OIS00014,GNRUCC,3883.83,3776
7626F391,2090,76PN852700482,2026-06-30 04:42:26,OIS00014,GNRUCC,3886.8,3777.36
7626F391,2090,76PN852700483,2026-06-30 04:42:26,OIS00014,GNRUCC,3857.26,3792.74
7626F391,2090,76PN852700484,2026-06-30 04:42:26,OIS00014,GNRUCC,3878.43,3787.04
7626F391,2090,76PN852700485,2026-06-30 04:42:26,OIS00014,GNRUCC,3880.03,3793.67
7626F391,2090,76PN852700486,2026-06-30 04:42:26,OIS00014,GNRUCC,3885.14,3795.22
7626F391,2090,76PN852700487,2026-06-30 04:42:26,OIS00014,GNRUCC,3876.6,3781.21
7626F391,2090,76PN852700488,2026-06-30 04:42:26,OIS00014,GNRUCC,3871.32,3801.46
7626F391,2090,76PN852700489,2026-06-30 04:42:26,OIS00014,GNRUCC,3871.19,3812.96
7626F391,2090,76PN852700490,2026-06-30 04:42:26,OIS00014,GNRUCC,3870.06,3789.34
7626F391,2090,76PN852700491,2026-06-30 04:42:26,OIS00014,GNRUCC,3879.23,3800.43
7626F391,2090,76PN852700492,2026-06-30 04:42:26,OIS00014,GNRUCC,3864.99,3808.25
7626F391,2090,76PN852700493,2026-06-30 04:42:26,OIS00014,GNRUCC,3872.87,3809.17
7626F391,2090,76PN852700494,2026-06-30 04:42:26,OIS00014,GNRUCC,3857.55,3789.03
7626F391,2090,76PN852700495,2026-06-30 04:42:26,OIS00014,GNRUCC,3855.47,3811.74
7626F391,2090,76PN852700496,2026-06-30 04:42:26,OIS00014,GNRUCC,3857,3786.39
7626F391,2090,76PN852700497,2026-06-30 04:42:26,OIS00014,GNRUCC,3889.74,3778.64
7626F391,2090,76PN852700498,2026-06-30 04:42:26,OIS00014,GNRUCC,3868,3808.69
7626F391,2090,76PN852700499,2026-06-30 04:42:26,OIS00014,GNRUCC,3865.21,3793.76
7626F391,2090,76PN852700500,2026-06-30 04:42:26,OIS00014,GNRUCC,3886.57,3789.46
7626F391,2090,76PN852700501,2026-06-30 04:42:26,OIS00014,GNRUCC,3859.28,3812.29
7626F391,2090,76PN852700502,2026-06-30 04:42:26,OIS00014,GNRUCC,3879,3782.08
7626F391,2090,76PN852700503,2026-06-30 04:42:26,OIS00014,GNRUCC,3886.36,3784.18
7626F391,2090,76PN852700504,2026-06-30 04:42:26,OIS00014,GNRUCC,3855.7,3789.98
7626F391,2090,76PN852700505,2026-06-30 04:42:26,OIS00014,GNRUCC,3862.25,3794.02
7626F391,2090,76PN852700506,2026-06-30 04:42:26,OIS00014,GNRUCC,3883.29,3793.86
7626F391,2090,76PN852700507,2026-06-30 04:42:26,OIS00014,GNRUCC,3875.97,3800.96
7626F391,2090,76PN852700508,2026-06-30 04:42:26,OIS00014,GNRUCC,3876.8,3794
7626F391,2090,76PN852700509,2026-06-30 04:42:26,OIS00014,GNRUCC,3887.6,3807.68
7626F391,2090,76PN852700510,2026-06-30 04:42:26,OIS00014,GNRUCC,3859.84,3799.67
7626F391,2090,76PN852700511,2026-06-30 04:42:26,OIS00014,GNRUCC,3880.04,3796.28
7626F391,2090,76PN852700512,2026-06-30 04:42:26,OIS00014,GNRUCC,3891.26,3819.24
7626F391,2090,76PN852700513,2026-06-30 04:42:26,OIS00014,GNRUCC,3862.17,3801.77
7626F391,2090,76PN852700514,2026-06-30 04:42:26,OIS00014,GNRUCC,3863.1,3789.97
7626F391,2090,76PN852700515,2026-06-30 04:42:26,OIS00014,GNRUCC,3866.92,3797.47
7626F391,2090,76PN852700516,2026-06-30 04:42:26,OIS00014,GNRUCC,3865.15,3801.13
7626F391,2090,76PN852700517,2026-06-30 04:42:26,OIS00014,GNRUCC,3877.49,3800.85
7626F391,2090,76PN852700518,2026-06-30 04:42:26,OIS00014,GNRUCC,3878.93,3782.02
7626F391,2090,76PN852700519,2026-06-30 04:42:26,OIS00014,GNRUCC,3873.91,3809.7
7626F391,2090,76PN852700520,2026-06-30 04:42:26,OIS00014,GNRUCC,3878.14,3785.71
7626F391,2090,76PN852700521,2026-06-30 04:42:26,OIS00014,GNRUCC,3873.14,3789.17
7626F391,2090,76PN852700522,2026-06-30 04:42:26,OIS00014,GNRUCC,3892.24,3802.27
7626F391,2090,76PN852700523,2026-06-30 04:42:26,OIS00014,GNRUCC,3890.68,3780.79
7626F391,2090,76PN852700524,2026-06-30 04:42:26,OIS00014,GNRUCC,3878.02,3776.29
7626F391,2090,76PN852700525,2026-06-30 04:42:26,OIS00014,GNRUCC,3890.93,3800.72
7626F391,2090,76PN852700526,2026-06-30 04:42:26,OIS00014,GNRUCC,3873.87,3800.73
7626F391,2090,76PN852700527,2026-06-30 04:42:26,OIS00014,GNRUCC,3872.64,3785.92
7626F391,2090,76PN852700528,2026-06-30 04:42:26,OIS00014,GNRUCC,3866.39,3821.89
7626F391,2090,76PN852700529,2026-06-30 04:42:26,OIS00014,GNRUCC,3878.62,3797.14
7626F391,2090,76PN852700530,2026-06-30 04:42:26,OIS00014,GNRUCC,3889.03,3792.92
7626F391,2090,76PN852700531,2026-06-30 04:42:26,OIS00014,GNRUCC,3886.13,3818.77
7626F391,2090,76PN852700532,2026-06-30 04:42:26,OIS00014,GNRUCC,3895.85,3823.41
7626F391,2090,76PN852700533,2026-06-30 04:42:26,OIS00014,GNRUCC,3895.64,3812.52
7626F391,2090,76PN852700534,2026-06-30 04:42:26,OIS00014,GNRUCC,3885.26,3810.8
7626F391,2090,76PN852700535,2026-06-30 04:42:26,OIS00014,GNRUCC,3888.24,3804.78
7626F391,2090,76PN852700536,2026-06-30 04:42:26,OIS00014,GNRUCC,3901.08,3800.73
7626F391,2090,76PN852700537,2026-06-30 04:42:26,OIS00014,GNRUCC,3870.11,3806.95
7626F391,2090,76PN852700538,2026-06-30 04:42:26,OIS00014,GNRUCC,3864.85,3780.53
7626F391,2090,76PN852700539,2026-06-30 04:42:26,OIS00014,GNRUCC,3872.52,3783.62
7626F391,2090,76PN852700540,2026-06-30 04:42:26,OIS00014,GNRUCC,3865.67,3793.18
7626F391,2090,76PN852700541,2026-06-30 04:42:26,OIS00014,GNRUCC,3873.6,3787.6
7626F391,2090,76PN852700542,2026-06-30 04:42:26,OIS00014,GNRUCC,3866.19,3793.89
7626F391,2090,76PN852700543,2026-06-30 04:42:26,OIS00014,GNRUCC,3851.88,3801.41
7626F391,2090,76PN852700544,2026-06-30 04:42:26,OIS00014,GNRUCC,3856.58,3780.25
7626F391,2090,76PN852700545,2026-06-30 04:42:26,OIS00014,GNRUCC,3900.29,3784.89
7626F391,2090,76PN852700546,2026-06-30 04:42:26,OIS00014,GNRUCC,3854.81,3785.14
7626F391,2090,76PN852700547,2026-06-30 04:42:26,OIS00014,GNRUCC,3875.84,3793.18
7626F391,2090,76PN852700548,2026-06-30 04:42:26,OIS00014,GNRUCC,3890.5,3785.7
7626F391,2090,76PN852700549,2026-06-30 04:42:26,OIS00014,GNRUCC,3862.08,3786.79
7626F391,2090,76PN852700550,2026-06-30 04:42:26,OIS00014,GNRUCC,3875.38,3787.59
7626F391,2090,76PN852700551,2026-06-30 04:42:26,OIS00014,GNRUCC,3879.14,3787.32
7626F391,2090,76PN852700552,2026-06-30 04:42:26,OIS00014,GNRUCC,3871.1,3801.5
7626F391,2090,76PN852700553,2026-06-30 04:42:26,OIS00014,GNRUCC,3874.23,3782.13
7626F391,2090,76PN852700554,2026-06-30 04:42:26,OIS00014,GNRUCC,3877.66,3790.55
7626F391,2090,76PN852700555,2026-06-30 04:42:26,OIS00014,GNRUCC,3873.86,3821.03
7626F391,2090,76PN852700556,2026-06-30 04:42:26,OIS00014,GNRUCC,3888.81,3802.84
7626F391,2090,76PN852700557,2026-06-30 04:42:26,OIS00014,GNRUCC,3856.42,3777.49
7626F391,2090,76PN852700558,2026-06-30 04:42:26,OIS00014,GNRUCC,3864.83,3774.85
7626F391,2090,76PN852700559,2026-06-30 04:42:26,OIS00014,GNRUCC,3882.15,3796.9
7626F391,2090,76PN852700560,2026-06-30 04:42:26,OIS00014,GNRUCC,3862.85,3782.87
7626F391,2090,76PN852700561,2026-06-30 04:42:26,OIS00014,GNRUCC,3855.21,3797.28
7626F391,2090,76PN852700562,2026-06-30 04:42:26,OIS00014,GNRUCC,3855.37,3788.28
7626F391,2090,76PN852700563,2026-06-30 04:42:26,OIS00014,GNRUCC,3852.07,3768.54
7626F391,2090,76PN852700564,2026-06-30 04:42:26,OIS00014,GNRUCC,3862.09,3773.13
7626F391,2090,76PN852700565,2026-06-30 04:42:26,OIS00014,GNRUCC,3856.11,3783.76
7626F391,2090,76PN852700566,2026-06-30 04:42:26,OIS00014,GNRUCC,3848.85,3775.64
7626F391,2090,76PN852700567,2026-06-30 04:42:26,OIS00014,GNRUCC,3886.44,3808.99
7626F391,2090,76PN852700568,2026-06-30 04:42:26,OIS00014,GNRUCC,3891.07,3790.91
7626F391,2090,76PN852700569,2026-06-30 04:42:26,OIS00014,GNRUCC,3872.16,3785.51
7626F391,2090,76PN852700597,2026-06-30 04:42:26,OIS00014,GNRUCC,3874.9,3782.06
7626F391,2090,76PN852700598,2026-06-30 04:42:26,OIS00014,GNRUCC,3873,3779.07
7626F391,2090,76PN852700599,2026-06-30 04:42:26,OIS00014,GNRUCC,3882.06,3770.92
7626F391,2090,76PN852700600,2026-06-30 04:42:26,OIS00014,GNRUCC,3857.9,3799.13
7626F391,2090,76PN852700601,2026-06-30 04:42:26,OIS00014,GNRUCC,3871.6,3784.32
7626F391,2090,76PN852700602,2026-06-30 04:42:26,OIS00014,GNRUCC,3892.04,3773.61
7626F423,2090,76FA846400047,2026-06-30 07:20:51,OIS00010,GNRUCC,3845.31,3826.69
7626F423,2090,76FA846400048,2026-06-30 07:20:51,OIS00010,GNRUCC,3858.27,3822
7626F423,2090,76FA846400049,2026-06-30 07:20:51,OIS00010,GNRUCC,3859.5,3834.09
7626F423,2090,76FA846400050,2026-06-30 07:20:51,OIS00010,GNRUCC,3860.1,3831.72
7626F423,2090,76FA846400051,2026-06-30 07:20:51,OIS00010,GNRUCC,3875.04,3833.48
7626F423,2090,76FA846400052,2026-06-30 07:20:51,OIS00010,GNRUCC,3860.26,3845.53
7626F423,2090,76FA846400053,2026-06-30 07:20:51,OIS00010,GNRUCC,3874.74,3835.14
7626F423,2090,76FA846400054,2026-06-30 07:20:51,OIS00010,GNRUCC,3868.94,3848.68
7626F423,2090,76FA846400055,2026-06-30 07:20:51,OIS00010,GNRUCC,3867.79,3836.06
7626F423,2090,76FA846400056,2026-06-30 07:20:51,OIS00010,GNRUCC,3882.9,3838.92
7626F423,2090,76FA846400057,2026-06-30 07:20:51,OIS00010,GNRUCC,3866.08,3845.7
7626F423,2090,76FA846400058,2026-06-30 07:20:51,OIS00010,GNRUCC,3871.36,3837.02
7626F423,2090,76FA846400059,2026-06-30 07:20:51,OIS00010,GNRUCC,3859.16,3847.39
7626F423,2090,76FA846400060,2026-06-30 07:20:51,OIS00010,GNRUCC,3852.39,3842.94
7626F423,2090,76FA846400061,2026-06-30 07:20:51,OIS00010,GNRUCC,3871.39,3833.44
7626F423,2090,76FA846400062,2026-06-30 07:20:51,OIS00010,GNRUCC,3870.04,3823
7626F423,2090,76FA846400063,2026-06-30 07:20:51,OIS00010,GNRUCC,3858.54,3844.33
7626F423,2090,76FA846400064,2026-06-30 07:20:51,OIS00010,GNRUCC,3867.22,3838.48
7626F423,2090,76FA846400065,2026-06-30 07:20:51,OIS00010,GNRUCC,3862.96,3839.74
7626F423,2090,76FA846400066,2026-06-30 07:20:51,OIS00010,GNRUCC,3862.73,3844.82
7626F423,2090,76FA846400067,2026-06-30 07:20:51,OIS00010,GNRUCC,3863.41,3829.29
7626F423,2090,76FA846400068,2026-06-30 07:20:51,OIS00010,GNRUCC,3868.21,3833.73
7626F423,2090,76FA846400069,2026-06-30 07:20:51,OIS00010,GNRUCC,3857.04,3839.94
7626F423,2090,76FA846400070,2026-06-30 07:20:51,OIS00010,GNRUCC,3859.69,3831.74
7626F423,2090,76FA846400071,2026-06-30 07:20:51,OIS00010,GNRUCC,3861.29,3833.2
7626F423,2090,76FA846400072,2026-06-30 07:20:51,OIS00010,GNRUCC,3859.02,3854.52
7626F423,2090,76FA846400073,2026-06-30 07:20:51,OIS00010,GNRUCC,3864.83,3838.62
7626F423,2090,76FA846400074,2026-06-30 07:20:51,OIS00010,GNRUCC,3865.27,3827.03
7626F423,2090,76FA846400075,2026-06-30 07:20:51,OIS00010,GNRUCC,3872.95,3839.64
7626F423,2090,76FA846400076,2026-06-30 07:20:51,OIS00010,GNRUCC,3865.7,3843.63
7626F423,2090,76FA846400077,2026-06-30 07:20:51,OIS00010,GNRUCC,3874.79,3833.8
7626F423,2090,76FA846400078,2026-06-30 07:20:51,OIS00010,GNRUCC,3879.23,3851.94
7626F423,2090,76FA846400079,2026-06-30 07:20:51,OIS00010,GNRUCC,3876.83,3835.01
7626F423,2090,76FA846400080,2026-06-30 07:20:51,OIS00010,GNRUCC,3867.92,3819.92
7626F423,2090,76FA846400081,2026-06-30 07:20:51,OIS00010,GNRUCC,3864.31,3845.61
7626F423,2090,76FA846400082,2026-06-30 07:20:51,OIS00010,GNRUCC,3876.77,3843.78
7626F423,2090,76FA846400083,2026-06-30 07:20:51,OIS00010,GNRUCC,3872.47,3839.29
7626F423,2090,76FA846400084,2026-06-30 07:20:51,OIS00010,GNRUCC,3857.36,3845.75
7626F423,2090,76FA846400085,2026-06-30 07:20:51,OIS00010,GNRUCC,3870.78,3828.22
7626F423,2090,76FA846400086,2026-06-30 07:20:51,OIS00010,GNRUCC,3865.94,3839.28
7626F423,2090,76FA846400087,2026-06-30 07:20:51,OIS00010,GNRUCC,3864.61,3851.08
7626F423,2090,76FA846400088,2026-06-30 07:20:51,OIS00010,GNRUCC,3868.71,3824
7626F423,2090,76FA846400089,2026-06-30 07:20:51,OIS00010,GNRUCC,3855.09,3841.08
7626F423,2090,76FA846400090,2026-06-30 07:20:51,OIS00010,GNRUCC,3858.46,3839.89
7626F423,2090,76FA846400091,2026-06-30 07:20:51,OIS00010,GNRUCC,3856.92,3848.46
7626F423,2090,76FA846400092,2026-06-30 07:20:51,OIS00010,GNRUCC,3882.35,3845.9
7626F423,2090,76FA846400093,2026-06-30 07:20:51,OIS00010,GNRUCC,3879.51,3847.26
7626F423,2090,76FA846400094,2026-06-30 07:20:51,OIS00010,GNRUCC,3866.14,3837.1
7626F423,2090,76FA846400095,2026-06-30 07:20:51,OIS00010,GNRUCC,3867.12,3841.44
7626F423,2090,76FA846400096,2026-06-30 07:20:51,OIS00010,GNRUCC,3864.55,3827.6
7626F423,2090,76FA846400097,2026-06-30 07:20:51,OIS00010,GNRUCC,3880.83,3842.08
7626F423,2090,76FA846400098,2026-06-30 07:20:51,OIS00010,GNRUCC,3866.76,3829.52
7626F423,2090,76FA846400099,2026-06-30 07:20:51,OIS00010,GNRUCC,3859.45,3830.8
7626F423,2090,76FA846400100,2026-06-30 07:20:51,OIS00010,GNRUCC,3879.74,3851.63
7626F423,2090,76FA846400101,2026-06-30 07:20:51,OIS00010,GNRUCC,3859.87,3833.38
7626F423,2090,76FA846400102,2026-06-30 07:20:51,OIS00010,GNRUCC,3868.21,3833.77
7626F423,2090,76FA846400103,2026-06-30 07:20:51,OIS00010,GNRUCC,3871.76,3864.73
7626F423,2090,76FA846400104,2026-06-30 07:20:51,OIS00010,GNRUCC,3893.79,3835.18
7626F423,2090,76FA846400105,2026-06-30 07:20:51,OIS00010,GNRUCC,3872.93,3831.02
7626F423,2090,76FA846400106,2026-06-30 07:20:51,OIS00010,GNRUCC,3875.19,3855.62
7626F423,2090,76FA846400107,2026-06-30 07:20:51,OIS00010,GNRUCC,3880.9,3841.7
7626F423,2090,76FA846400108,2026-06-30 07:20:51,OIS00010,GNRUCC,3856.66,3847.2
7626F423,2090,76FA846400109,2026-06-30 07:20:51,OIS00010,GNRUCC,3866.58,3848.9
7626F423,2090,76FA846400110,2026-06-30 07:20:51,OIS00010,GNRUCC,3874.1,3838.99
7626F423,2090,76FA846400111,2026-06-30 07:20:51,OIS00010,GNRUCC,3846.78,3830.47
7626F423,2090,76FA846400112,2026-06-30 07:20:51,OIS00010,GNRUCC,3854.62,3842.38
7626F423,2090,76FA846400113,2026-06-30 07:20:51,OIS00010,GNRUCC,3871.12,3827.16
7626F423,2090,76FA846400114,2026-06-30 07:20:51,OIS00010,GNRUCC,3877.48,3826.12
7626F423,2090,76FA846400115,2026-06-30 07:20:51,OIS00010,GNRUCC,3872.26,3850.69
7626F423,2090,76FA846400116,2026-06-30 07:20:51,OIS00010,GNRUCC,3888.42,3844.58
7626F423,2090,76FA846400117,2026-06-30 07:20:51,OIS00010,GNRUCC,3884.43,3843.16
7626F423,2090,76FA846400118,2026-06-30 07:20:51,OIS00010,GNRUCC,3880.66,3852.05
7626F423,2090,76FA846400119,2026-06-30 07:20:51,OIS00010,GNRUCC,3879.21,3830.43
7626F423,2090,76FA846400120,2026-06-30 07:20:51,OIS00010,GNRUCC,3860.12,3824.99
7626F423,2090,76FA846400121,2026-06-30 07:20:51,OIS00010,GNRUCC,3875.58,3841.87
7626F423,2090,76FA846400122,2026-06-30 07:20:51,OIS00010,GNRUCC,3863,3841.96
7626F423,2090,76FA846400123,2026-06-30 07:20:51,OIS00010,GNRUCC,3873.28,3831.18
7626F423,2090,76FA846400124,2026-06-30 07:20:51,OIS00010,GNRUCC,3871.24,3850.81
7626F423,2090,76FA846400125,2026-06-30 07:20:51,OIS00010,GNRUCC,3862.62,3845.44
7626F423,2090,76FA846400126,2026-06-30 07:20:51,OIS00010,GNRUCC,3872.46,3837.7
7626F423,2090,76FA846400127,2026-06-30 07:20:51,OIS00010,GNRUCC,3874.78,3856.97
7626F423,2090,76FA846400128,2026-06-30 07:20:51,OIS00010,GNRUCC,3871.27,3822.44
7626F423,2090,76FA846400129,2026-06-30 07:20:51,OIS00010,GNRUCC,3868.5,3822.6
7626F423,2090,76FA846400130,2026-06-30 07:20:51,OIS00010,GNRUCC,3855.76,3844.47
7626F423,2090,76FA846400131,2026-06-30 07:20:51,OIS00010,GNRUCC,3867.42,3839.2
7626F423,2090,76FA846400132,2026-06-30 07:20:51,OIS00010,GNRUCC,3861.72,3847.52
7626F423,2090,76FA846400133,2026-06-30 07:20:51,OIS00010,GNRUCC,3862.07,3826.2
7626F423,2090,76FA846400134,2026-06-30 07:20:51,OIS00010,GNRUCC,3881.26,3831.82
7626F423,2090,76FA846400135,2026-06-30 07:20:51,OIS00010,GNRUCC,3860.86,3821.84
7626F423,2090,76FA846400136,2026-06-30 07:20:51,OIS00010,GNRUCC,3864.38,3845.85
7626F423,2090,76FA846400137,2026-06-30 07:20:51,OIS00010,GNRUCC,3849.29,3817.87
7626F423,2090,76FA846400138,2026-06-30 07:20:51,OIS00010,GNRUCC,3873,3841.73
7626F423,2090,76FA846400139,2026-06-30 07:20:51,OIS00010,GNRUCC,3880.32,3843.94
7626F423,2090,76FA846400140,2026-06-30 07:20:51,OIS00010,GNRUCC,3859.16,3831.71
7626F423,2090,76FA846400141,2026-06-30 07:20:51,OIS00010,GNRUCC,3866.48,3843.72
7626F423,2090,76FA846400142,2026-06-30 07:20:51,OIS00010,GNRUCC,3866.19,3826.61
7626F423,2090,76FA846400143,2026-06-30 07:20:51,OIS00010,GNRUCC,3862.48,3828.59
7626F423,2090,76FA846400144,2026-06-30 07:20:51,OIS00010,GNRUCC,3859.93,3808.37
7626F423,2090,76FA846400145,2026-06-30 07:20:51,OIS00010,GNRUCC,3872.86,3842.69
7626F423,2090,76FA846400146,2026-06-30 07:20:51,OIS00010,GNRUCC,3873.98,3845.11
7626F423,2090,76FA846400147,2026-06-30 07:20:51,OIS00010,GNRUCC,3862.69,3842.84
7626F423,2090,76FA846400148,2026-06-30 07:20:51,OIS00010,GNRUCC,3858.78,3841.51
7626F423,2090,76FA846400149,2026-06-30 07:20:51,OIS00010,GNRUCC,3867.63,3838.72
7626F423,2090,76FA846400150,2026-06-30 07:20:51,OIS00010,GNRUCC,3866.89,3826.78
7626F423,2090,76FA846400151,2026-06-30 07:20:51,OIS00010,GNRUCC,3873.41,3838.73
7626F423,2090,76FA846400152,2026-06-30 07:20:51,OIS00010,GNRUCC,3869.16,3844.5
7626F423,2090,76FA846400153,2026-06-30 07:20:51,OIS00010,GNRUCC,3869.46,3833.14
7626F423,2090,76FA846400154,2026-06-30 07:20:51,OIS00010,GNRUCC,3864.41,3854.94
7626F423,2090,76FA846400155,2026-06-30 07:20:51,OIS00010,GNRUCC,3868.73,3836.89
7626F423,2090,76FA846400156,2026-06-30 07:20:51,OIS00010,GNRUCC,3861.25,3837.74
7626F423,2090,76FA846400157,2026-06-30 07:20:51,OIS00010,GNRUCC,3861.84,3854.38
7626F423,2090,76FA846400158,2026-06-30 07:20:51,OIS00010,GNRUCC,3866.72,3834.46
7626F423,2090,76FA846400159,2026-06-30 07:20:51,OIS00010,GNRUCC,3850.73,3815.56
7626F423,2090,76FA846400160,2026-06-30 07:20:51,OIS00010,GNRUCC,3869.76,3830.7
7626F423,2090,76FA846400161,2026-06-30 07:20:51,OIS00010,GNRUCC,3843.84,3835.15
7626F423,2090,76FA846400162,2026-06-30 07:20:51,OIS00010,GNRUCC,3850.78,3820.59
7626F423,2090,76FA846400163,2026-06-30 07:20:51,OIS00010,GNRUCC,3847.25,3835.68
7626F423,2090,76FA846400164,2026-06-30 07:20:51,OIS00010,GNRUCC,3880.63,3840.86
7626F423,2090,76FA846400165,2026-06-30 07:20:51,OIS00010,GNRUCC,3878.71,3835.6
7626F423,2090,76FA846400166,2026-06-30 07:20:51,OIS00010,GNRUCC,3863.23,3841.21
7626F423,2090,76FA846400167,2026-06-30 07:20:51,OIS00010,GNRUCC,3862.31,3822.86
7626F423,2090,76FA846400168,2026-06-30 07:20:51,OIS00010,GNRUCC,3875.63,3820.35
7626F423,2090,76FA846400169,2026-06-30 07:20:51,OIS00010,GNRUCC,3864.92,3846.67
7626F423,2090,76FA846400170,2026-06-30 07:20:51,OIS00010,GNRUCC,3858.65,3826.86
7626F423,2090,76FA846400171,2026-06-30 07:20:51,OIS00010,GNRUCC,3881.5,3836.05
7626F423,2090,76FA846400172,2026-06-30 07:20:51,OIS00010,GNRUCC,3859.53,3842.23
7626F423,2090,76FA846400173,2026-06-30 07:20:51,OIS00010,GNRUCC,3872.99,3835.08
7626F423,2090,76FA846400174,2026-06-30 07:20:51,OIS00010,GNRUCC,3859.18,3849.83
7626F423,2090,76FA846400175,2026-06-30 07:20:51,OIS00010,GNRUCC,3877.53,3842.24
7626F423,2090,76FA846400176,2026-06-30 07:20:51,OIS00010,GNRUCC,3880.6,3842.32
7626F423,2090,76FA846400177,2026-06-30 07:20:51,OIS00010,GNRUCC,3870.92,3852.91
7626F423,2090,76FA846400178,2026-06-30 07:20:51,OIS00010,GNRUCC,3860.04,3836.88
7626F423,2090,76FA846400179,2026-06-30 07:20:51,OIS00010,GNRUCC,3859.88,3832.1
7626F423,2090,76FA846400180,2026-06-30 07:20:51,OIS00010,GNRUCC,3860.7,3842.1
7626F423,2090,76FA846400181,2026-06-30 07:20:51,OIS00010,GNRUCC,3878.09,3834.75
7626F423,2090,76FA846400182,2026-06-30 07:20:51,OIS00010,GNRUCC,3869.91,3819.93
7626F423,2090,76FA846400183,2026-06-30 07:20:51,OIS00010,GNRUCC,3854.73,3835.14
7626F423,2090,76FA846400184,2026-06-30 07:20:51,OIS00010,GNRUCC,3865.49,3834.11
7626F423,2090,76FA846400185,2026-06-30 07:20:51,OIS00010,GNRUCC,3860.7,3823.16
7626F423,2090,76FA846400186,2026-06-30 07:20:51,OIS00010,GNRUCC,3848.65,3844.79
7626F423,2090,76FA846400187,2026-06-30 07:20:51,OIS00010,GNRUCC,3856.44,3832.65
7626F423,2090,76FA846400188,2026-06-30 07:20:51,OIS00010,GNRUCC,3866.91,3837.44
7626F423,2090,76FA846400189,2026-06-30 07:20:51,OIS00010,GNRUCC,3861.83,3843.11
7626F423,2090,76FA846400190,2026-06-30 07:20:51,OIS00010,GNRUCC,3872.66,3817.77
7626F423,2090,76FA846400191,2026-06-30 07:20:51,OIS00010,GNRUCC,3867.74,3836.2
7626F423,2090,76FA846400192,2026-06-30 07:20:51,OIS00010,GNRUCC,3885.74,3844
7626F423,2090,76FA846400193,2026-06-30 07:20:51,OIS00010,GNRUCC,3875.88,3842.9
7626F423,2090,76FA846400194,2026-06-30 07:20:51,OIS00010,GNRUCC,3861.91,3844.52
7626F423,2090,76FA846400195,2026-06-30 07:20:51,OIS00010,GNRUCC,3871.77,3837.52
7626F423,2090,76FA846400196,2026-06-30 07:20:51,OIS00010,GNRUCC,3867.03,3832.9
7626F423,2090,76FA846400197,2026-06-30 07:20:51,OIS00010,GNRUCC,3888.13,3849.8
7626F423,2090,76FA846400198,2026-06-30 07:20:51,OIS00010,GNRUCC,3870.06,3866.75
7626F423,2090,76FA846400199,2026-06-30 07:20:51,OIS00010,GNRUCC,3875.08,3846.22
7626F423,2090,76FA846400200,2026-06-30 07:20:51,OIS00010,GNRUCC,3855.68,3835.08
7626F423,2090,76FA846400201,2026-06-30 07:20:51,OIS00010,GNRUCC,3876.21,3865.94
7626F423,2090,76FA846400202,2026-06-30 07:20:51,OIS00010,GNRUCC,3890.16,3846.15
7626F423,2090,76FA846400203,2026-06-30 07:20:51,OIS00010,GNRUCC,3876.94,3844.66
7626F423,2090,76FA846400204,2026-06-30 07:20:51,OIS00010,GNRUCC,3881.97,3854.65
7626F423,2090,76FA846400205,2026-06-30 07:20:51,OIS00010,GNRUCC,3883.36,3842.32
7626F423,2090,76FA846400206,2026-06-30 07:20:51,OIS00010,GNRUCC,3860.53,3823.67
7626F423,2090,76FA846400207,2026-06-30 07:20:51,OIS00010,GNRUCC,3853.58,3840.8
7626F423,2090,76FA846400208,2026-06-30 07:20:51,OIS00010,GNRUCC,3866.89,3840.42
7626F423,2090,76FA846400209,2026-06-30 07:20:51,OIS00010,GNRUCC,3883.48,3823.32
7626F423,2090,76FA846400210,2026-06-30 07:20:51,OIS00010,GNRUCC,3889.35,3859.95
7626F423,2090,76FA846400211,2026-06-30 07:20:51,OIS00010,GNRUCC,3870.49,3837.68
7626F423,2090,76FA846400212,2026-06-30 07:20:51,OIS00010,GNRUCC,3850.07,3835.29
7626F423,2090,76FA846400213,2026-06-30 07:20:51,OIS00010,GNRUCC,3869.22,3853.86
7626F423,2090,76FA846400214,2026-06-30 07:20:51,OIS00010,GNRUCC,3870.96,3834.91
7626F423,2090,76FA846400215,2026-06-30 07:20:51,OIS00010,GNRUCC,3868.22,3837.23
7626F423,2090,76FA846400216,2026-06-30 07:20:51,OIS00010,GNRUCC,3857.45,3828.36
7626F423,2090,76FA846400217,2026-06-30 07:20:51,OIS00010,GNRUCC,3849.87,3839.72
7626F423,2090,76FA846400218,2026-06-30 07:20:51,OIS00010,GNRUCC,3858.92,3838.09
7626F423,2090,76FA846400219,2026-06-30 07:20:51,OIS00010,GNRUCC,3872.61,3843.13
7626F423,2090,76FA846400220,2026-06-30 07:20:51,OIS00010,GNRUCC,3857.51,3849.46
7626F423,2090,76FA846400221,2026-06-30 07:20:51,OIS00010,GNRUCC,3888.5,3821.02
7626F423,2090,76FA846400222,2026-06-30 07:20:51,OIS00010,GNRUCC,3881.32,3829.52
7626F423,2090,76FA846400223,2026-06-30 07:20:51,OIS00010,GNRUCC,3874.25,3849.87
7626F423,2090,76FA846400224,2026-06-30 07:20:51,OIS00010,GNRUCC,3881.7,3845.54
7626F423,2090,76FA846400225,2026-06-30 07:20:51,OIS00010,GNRUCC,3875.73,3859.06
7626F423,2090,76FA846400226,2026-06-30 07:20:51,OIS00010,GNRUCC,3867.45,3850.12
7626F423,2090,76FA846400227,2026-06-30 07:20:51,OIS00010,GNRUCC,3886.13,3841.82
7626F423,2090,76FA846400228,2026-06-30 07:20:51,OIS00010,GNRUCC,3870.47,3842.35
7626F423,2090,76FA846400229,2026-06-30 07:20:51,OIS00010,GNRUCC,3871.57,3858.99
7626F423,2090,76FA846400230,2026-06-30 07:20:51,OIS00010,GNRUCC,3883.77,3838.15
7626F423,2090,76FA846400231,2026-06-30 07:20:51,OIS00010,GNRUCC,3870.69,3832.56
7626F423,2090,76FA846400232,2026-06-30 07:20:51,OIS00010,GNRUCC,3878.42,3855.2
7626F423,2090,76FA846400233,2026-06-30 07:20:51,OIS00010,GNRUCC,3871.14,3819.34
7626F423,2090,76FA846400234,2026-06-30 07:20:51,OIS00010,GNRUCC,3865.29,3835.61
7626F423,2090,76FA846400235,2026-06-30 07:20:51,OIS00010,GNRUCC,3869.3,3844.94
7626F423,2090,76FA846400236,2026-06-30 07:20:51,OIS00010,GNRUCC,3870.94,3841.83
7626F423,2090,76FA846400237,2026-06-30 07:20:51,OIS00010,GNRUCC,3858.53,3828.99
7626F423,2090,76FA846400238,2026-06-30 07:20:51,OIS00010,GNRUCC,3872.51,3828.03
7626F423,2090,76FA846400239,2026-06-30 07:20:51,OIS00010,GNRUCC,3870.47,3845.34
7626F423,2090,76FA846400240,2026-06-30 07:20:51,OIS00010,GNRUCC,3871.67,3831.41
7626F423,2090,76FA846400241,2026-06-30 07:20:51,OIS00010,GNRUCC,3862.98,3833.74
7626F423,2090,76FA846400296,2026-06-30 07:20:51,OIS00010,GNRUCC,3862.98,3838.39
7626F423,2090,76FA846400297,2026-06-30 07:20:51,OIS00010,GNRUCC,3858.04,3828.88
7626F423,2090,76FA846400298,2026-06-30 07:20:51,OIS00010,GNRUCC,3863.81,3839.68
7626F423,2090,76FA846400299,2026-06-30 07:20:51,OIS00010,GNRUCC,3874.91,3844.12
7626F423,2090,76FA846400300,2026-06-30 07:20:51,OIS00010,GNRUCC,3861.53,3847.89
7626F423,2090,76FA846400301,2026-06-30 07:20:51,OIS00010,GNRUCC,3865.03,3854.41
7626F423,2090,76FA846400302,2026-06-30 07:20:51,OIS00010,GNRUCC,3861.27,3840.69
7626F423,2090,76FA846400303,2026-06-30 07:20:51,OIS00010,GNRUCC,3865.25,3838.48
7626F423,2090,76FA846400304,2026-06-30 07:20:51,OIS00010,GNRUCC,3855.74,3843.32
7626F423,2090,76FA846400305,2026-06-30 07:20:51,OIS00010,GNRUCC,3869.72,3834.52
7626F423,2090,76FA846400306,2026-06-30 07:20:51,OIS00010,GNRUCC,3881.25,3825.11
7626F423,2090,76FA846400307,2026-06-30 07:20:51,OIS00010,GNRUCC,3875.81,3858.69
7626F423,2090,76FA846400317,2026-06-30 07:20:51,OIS00010,GNRUCC,3861.27,3833.77
7626F423,2090,76FA846400318,2026-06-30 07:20:51,OIS00010,GNRUCC,3863.68,3828.06
7626F423,2090,76FA846400319,2026-06-30 07:20:51,OIS00010,GNRUCC,3878.34,3861.07
7626F423,2090,76FA846400320,2026-06-30 07:20:51,OIS00010,GNRUCC,3868.23,3829.49
7626F423,2090,76FA846400321,2026-06-30 07:20:51,OIS00010,GNRUCC,3859.82,3823.92
7626F423,2090,76FA846400322,2026-06-30 07:20:51,OIS00010,GNRUCC,3863.37,3839.98
7626F423,2090,76FA846400323,2026-06-30 07:20:51,OIS00010,GNRUCC,3855.54,3848.17
7626F423,2090,76FA846400324,2026-06-30 07:20:51,OIS00010,GNRUCC,3857.07,3841.34
7626F423,2090,76FA846400325,2026-06-30 07:20:51,OIS00010,GNRUCC,3872.33,3844.14
7626F423,2090,76FA846400362,2026-06-30 07:20:51,OIS00010,GNRUCC,3866.15,3844.62
7626F423,2090,76FA846400363,2026-06-30 07:20:51,OIS00010,GNRUCC,3873.6,3849.87
7626F423,2090,76FA846400364,2026-06-30 07:20:51,OIS00010,GNRUCC,3878.18,3865.99
7626F423,2090,76FA846400365,2026-06-30 07:20:51,OIS00010,GNRUCC,3876.74,3842.24
7626F423,2090,76FA846400366,2026-06-30 07:20:51,OIS00010,GNRUCC,3858.06,3838.25
7626F423,2090,76FA846400367,2026-06-30 07:20:51,OIS00010,GNRUCC,3875.75,3861.7
7626F423,2090,76FA846400368,2026-06-30 07:20:51,OIS00010,GNRUCC,3878,3823.6
7626F423,2090,76FA846400369,2026-06-30 07:20:51,OIS00010,GNRUCC,3871.89,3835.76
7626F423,2090,76FA846400370,2026-06-30 07:20:51,OIS00010,GNRUCC,3868.72,3846.52
7626F423,2090,76FA846400371,2026-06-30 07:20:51,OIS00010,GNRUCC,3873.78,3845.07
7626F423,2090,76FA846400372,2026-06-30 07:20:51,OIS00010,GNRUCC,3870.41,3845.9
7626F423,2090,76FA846400373,2026-06-30 07:20:51,OIS00010,GNRUCC,3868.54,3850.28
7626F423,2090,76FA846400374,2026-06-30 07:20:51,OIS00010,GNRUCC,3876.26,3833.23
7626F423,2090,76FA846400375,2026-06-30 07:20:51,OIS00010,GNRUCC,3867.71,3830.49
7626F423,2090,76FA846400376,2026-06-30 07:20:51,OIS00010,GNRUCC,3862.42,3847.08
7626F423,2090,76FA846400377,2026-06-30 07:20:51,OIS00010,GNRUCC,3869.2,3836.9
7626F423,2090,76FA846400378,2026-06-30 07:20:51,OIS00010,GNRUCC,3873.95,3844.75
7626F423,2090,76FA846400379,2026-06-30 07:20:51,OIS00010,GNRUCC,3869.58,3838.9
7626F423,2090,76FA846400380,2026-06-30 07:20:51,OIS00010,GNRUCC,3873.92,3833.39
7626F423,2090,76FA846400381,2026-06-30 07:20:51,OIS00010,GNRUCC,3875,3846.39
7626F423,2090,76FA846400382,2026-06-30 07:20:51,OIS00010,GNRUCC,3859.58,3843.97
7626F423,2090,76FA846400383,2026-06-30 07:20:51,OIS00010,GNRUCC,3862.29,3853.29
7626F423,2090,76FA846400384,2026-06-30 07:20:51,OIS00010,GNRUCC,3865.66,3854.54
7626F423,2090,76FA846400385,2026-06-30 07:20:51,OIS00010,GNRUCC,3877.9,3847.33
7626F423,2090,76FA846400386,2026-06-30 07:20:51,OIS00010,GNRUCC,3873.64,3835.68
7626F423,2090,76FA846400387,2026-06-30 07:20:51,OIS00010,GNRUCC,3871.14,3854.82
7626F423,2090,76FA846400388,2026-06-30 07:20:51,OIS00010,GNRUCC,3879.69,3852.31
7626F423,2090,76FA846400389,2026-06-30 07:20:51,OIS00010,GNRUCC,3861.85,3837.21
7626F423,2090,76FA846400390,2026-06-30 07:20:51,OIS00010,GNRUCC,3871.42,3856.42
7626F423,2090,76FA846400391,2026-06-30 07:20:51,OIS00010,GNRUCC,3870.57,3837.3
7626F423,2090,76FA846400428,2026-06-30 07:20:51,OIS00010,GNRUCC,3857.01,3840.12
7626F423,2090,76FA846400429,2026-06-30 07:20:51,OIS00010,GNRUCC,3865.57,3816.31
7626F423,2090,76FA846400430,2026-06-30 07:20:51,OIS00010,GNRUCC,3878.22,3853.51
7626F423,2090,76FA846400431,2026-06-30 07:20:51,OIS00010,GNRUCC,3881.66,3832.16
7626F423,2090,76FA846400432,2026-06-30 07:20:51,OIS00010,GNRUCC,3866.85,3835.82
7626F423,2090,76FA846400433,2026-06-30 07:20:51,OIS00010,GNRUCC,3863.26,3852.7
7626F423,2090,76FA846400434,2026-06-30 07:20:51,OIS00010,GNRUCC,3871.8,3839.54
7626F423,2090,76FA846400435,2026-06-30 07:20:51,OIS00010,GNRUCC,3869.25,3844.71
7626F423,2090,76FA846400436,2026-06-30 07:20:51,OIS00010,GNRUCC,3867.26,3851.08
7626F423,2090,76FA846400437,2026-06-30 07:20:51,OIS00010,GNRUCC,3874.74,3833.92
7626F423,2090,76FA846400438,2026-06-30 07:20:51,OIS00010,GNRUCC,3869.92,3830.09
7626F423,2090,76FA846400439,2026-06-30 07:20:51,OIS00010,GNRUCC,3867.61,3848.1
7626F423,2090,76FA846400440,2026-06-30 07:20:51,OIS00010,GNRUCC,3863.82,3858.99
7626F423,2090,76FA846400441,2026-06-30 07:20:51,OIS00010,GNRUCC,3874.49,3844.63
7626F423,2090,76FA846400442,2026-06-30 07:20:51,OIS00010,GNRUCC,3883,3835.94
7626F423,2090,76FA846400473,2026-06-30 07:20:51,OIS00010,GNRUCC,3858.61,3851.42
7626F423,2090,76FA846400474,2026-06-30 07:20:51,OIS00010,GNRUCC,3875.1,3836.94
7626F423,2090,76FA846400475,2026-06-30 07:20:51,OIS00010,GNRUCC,3875.47,3856.67
7626F423,2090,76FA846400476,2026-06-30 07:20:51,OIS00010,GNRUCC,3869.55,3847.61
7626F423,2090,76FA846400477,2026-06-30 07:20:51,OIS00010,GNRUCC,3880.9,3851.58
7626F423,2090,76FA846400478,2026-06-30 07:20:51,OIS00010,GNRUCC,3869.5,3861.29
7626F423,2090,76FA846400479,2026-06-30 07:20:51,OIS00010,GNRUCC,3860.66,3838.13
7626F423,2090,76FA846400480,2026-06-30 07:20:51,OIS00010,GNRUCC,3867.62,3841.33
7626F423,2090,76FA846400481,2026-06-30 07:20:51,OIS00010,GNRUCC,3870.41,3863.77
7626F423,2090,76FA846400482,2026-06-30 07:20:51,OIS00010,GNRUCC,3859.64,3844.31
7626F423,2090,76FA846400483,2026-06-30 07:20:51,OIS00010,GNRUCC,3860,3843.38
7626F423,2090,76FA846400484,2026-06-30 07:20:51,OIS00010,GNRUCC,3855.36,3847.65
7626F423,2090,76FA846400487,2026-06-30 07:20:51,OIS00010,GNRUCC,3846.98,3832.91
7626F423,2090,76FA846400497,2026-06-30 07:20:51,OIS00010,GNRUCC,3852.06,3826.4
7626F423,2090,76FA846400498,2026-06-30 07:20:51,OIS00010,GNRUCC,3852.45,3826.86
7626F423,2090,76FA846400499,2026-06-30 07:20:51,OIS00010,GNRUCC,3858.85,3838.3
7626F423,2090,76FA846400500,2026-06-30 07:20:51,OIS00010,GNRUCC,3860.57,3835.4
7626F423,2090,76FA846400501,2026-06-30 07:20:51,OIS00010,GNRUCC,3872.63,3840.57
7626F423,2090,76FA846400502,2026-06-30 07:20:51,OIS00010,GNRUCC,3879.79,3853.45
7626F423,2090,76FA846400503,2026-06-30 07:20:51,OIS00010,GNRUCC,3854.17,3836.16
7626F423,2090,76FA846400504,2026-06-30 07:20:51,OIS00010,GNRUCC,3862.39,3847.29
7626F423,2090,76FA846400505,2026-06-30 07:20:51,OIS00010,GNRUCC,3882.82,3813.27
7626F423,2090,76FA846400506,2026-06-30 07:20:51,OIS00010,GNRUCC,3860.21,3826.1
7626F423,2090,76FA846400507,2026-06-30 07:20:51,OIS00010,GNRUCC,3862.66,3848.87
7626F423,2090,76FA846400508,2026-06-30 07:20:51,OIS00010,GNRUCC,3852.25,3835.44
7626F423,2090,76FA846400509,2026-06-30 07:20:51,OIS00010,GNRUCC,3871.48,3833.14
7626F423,2090,76FA846400510,2026-06-30 07:20:51,OIS00010,GNRUCC,3856.02,3831.84
7626F423,2090,76FA846400511,2026-06-30 07:20:51,OIS00010,GNRUCC,3866.48,3838.93
7626F423,2090,76FA846400512,2026-06-30 07:20:51,OIS00010,GNRUCC,3863.11,3832.24
7626F423,2090,76FA846400513,2026-06-30 07:20:51,OIS00010,GNRUCC,3864.49,3851.46
7626F423,2090,76FA846400514,2026-06-30 07:20:51,OIS00010,GNRUCC,3870.05,3835.38
7626F423,2090,76FA846400515,2026-06-30 07:20:51,OIS00010,GNRUCC,3857.13,3849.66
7626F423,2090,76FA846400516,2026-06-30 07:20:51,OIS00010,GNRUCC,3862.01,3857.84
7626F423,2090,76FA846400517,2026-06-30 07:20:51,OIS00010,GNRUCC,3850.48,3831.15
7626F423,2090,76FA846400518,2026-06-30 07:20:51,OIS00010,GNRUCC,3866.45,3832.25
7626F423,2090,76FA846400519,2026-06-30 07:20:51,OIS00010,GNRUCC,3854.32,3845.93
7626F423,2090,76FA846400520,2026-06-30 07:20:51,OIS00010,GNRUCC,3857.69,3834.86
7626F423,2090,76FA846400521,2026-06-30 07:20:51,OIS00010,GNRUCC,3880.59,3843.54
7626F423,2090,76FA846400522,2026-06-30 07:20:51,OIS00010,GNRUCC,3868.14,3837.19
7626F423,2090,76FA846400523,2026-06-30 07:20:51,OIS00010,GNRUCC,3856.72,3835.08
7626F423,2090,76FA846400524,2026-06-30 07:20:51,OIS00010,GNRUCC,3849.47,3830.85
7626F423,2090,76FA846400525,2026-06-30 07:20:51,OIS00010,GNRUCC,3879.24,3854.17
7626F423,2090,76FA846400526,2026-06-30 07:20:51,OIS00010,GNRUCC,3878.2,3843.84
7626F423,2090,76FA846400560,2026-06-30 07:20:51,OIS00010,GNRUCC,3864.03,3844.63
7626F423,2090,76FA846400561,2026-06-30 07:20:51,OIS00010,GNRUCC,3860.33,3832.57
7626F423,2090,76FA846400562,2026-06-30 07:20:51,OIS00010,GNRUCC,3872.36,3851.7
7626F423,2090,76FA846400563,2026-06-30 07:20:51,OIS00010,GNRUCC,3863.3,3838.29
7626F423,2090,76FA846400564,2026-06-30 07:20:51,OIS00010,GNRUCC,3856.89,3820.58
7626F423,2090,76FA846400565,2026-06-30 07:20:51,OIS00010,GNRUCC,3861.75,3845.09
7626F423,2090,76FA846400566,2026-06-30 07:20:51,OIS00010,GNRUCC,3862.82,3831.77
7626F423,2090,76FA846400567,2026-06-30 07:20:51,OIS00010,GNRUCC,3870.65,3835.51
7626F423,2090,76FA846400568,2026-06-30 07:20:51,OIS00010,GNRUCC,3880.28,3848.99
7626F423,2090,76FA846400569,2026-06-30 07:20:51,OIS00010,GNRUCC,3861.68,3844.68
7626F423,2090,76FA846400570,2026-06-30 07:20:51,OIS00010,GNRUCC,3868.38,3836.49
7626F423,2090,76FA846400571,2026-06-30 07:20:51,OIS00010,GNRUCC,3862.52,3823.62
7626F423,2090,76FA846400572,2026-06-30 07:20:51,OIS00010,GNRUCC,3862.68,3818.24
7626F423,2090,76FA846400573,2026-06-30 07:20:51,OIS00010,GNRUCC,3862.99,3817.31
7626F423,2090,76FA846400574,2026-06-30 07:20:51,OIS00010,GNRUCC,3863.26,3825.88
7626F423,2090,76Q89A6400654,2026-06-30 07:20:51,OIS00010,GNRUCC,3852.26,3836.77
7626F423,2090,76Q89A6400655,2026-06-30 07:20:51,OIS00010,GNRUCC,3860.12,3844.88
7626F423,2090,76Q89A6400656,2026-06-30 07:20:51,OIS00010,GNRUCC,3864.09,3836.16
7626F423,2090,76Q89A6400657,2026-06-30 07:20:51,OIS00010,GNRUCC,3864.93,3856.04
7626F423,2090,76Q89A6400658,2026-06-30 07:20:51,OIS00010,GNRUCC,3876.18,3860.04
7626F423,2090,76Q89A6400659,2026-06-30 07:20:51,OIS00010,GNRUCC,3872.11,3828.96
7626F423,2090,76Q89A6400660,2026-06-30 07:20:51,OIS00010,GNRUCC,3879.25,3840.76
7626F423,2090,76Q89A6400661,2026-06-30 07:20:51,OIS00010,GNRUCC,3869.45,3833.2
7626F423,2090,76Q89A6400662,2026-06-30 07:20:51,OIS00010,GNRUCC,3878.72,3853.08
7626F423,2090,76Q89A6400687,2026-06-30 07:20:51,OIS00010,GNRUCC,3877.58,3844.75
7626F423,2090,76Q89A6400688,2026-06-30 07:20:51,OIS00010,GNRUCC,3856.87,3827.48
7626F423,2090,76Q89A6400689,2026-06-30 07:20:51,OIS00010,GNRUCC,3861.84,3839.36
7626F423,2090,76Q89A6400696,2026-06-30 07:20:51,OIS00010,GNRUCC,3874.07,3829.85
7626F423,2090,76Q89A6400697,2026-06-30 07:20:51,OIS00010,GNRUCC,3844.99,3834.66
7626F423,2090,76Q89A6400699,2026-06-30 07:20:51,OIS00010,GNRUCC,3865.27,3832.17
7626F423,2090,76Q89A6400700,2026-06-30 07:20:51,OIS00010,GNRUCC,3854.12,3839.45
7626F423,2090,76Q89A6400701,2026-06-30 07:20:51,OIS00010,GNRUCC,3863.84,3835.26
7626F563,2090,764SW79600505,2026-06-30 04:27:11,OIS00013,GNRHCC,5149.46,5122.31
7626F563,2090,764SW79600506,2026-06-30 04:27:11,OIS00013,GNRHCC,5152.16,5107.86
7626F563,2090,764SW79600507,2026-06-30 04:27:11,OIS00013,GNRHCC,5163.08,5120.2
7626F563,2090,764SW79600508,2026-06-30 04:27:11,OIS00013,GNRHCC,5178,5120.12
7626F563,2090,764SW79600509,2026-06-30 04:27:11,OIS00013,GNRHCC,5144.85,5126.11
7626F563,2090,764SW79600510,2026-06-30 04:27:11,OIS00013,GNRHCC,5162.26,5101.43
7626F563,2090,764SW79600511,2026-06-30 04:27:11,OIS00013,GNRHCC,5177.78,5138.8
7626F563,2090,764SW79600512,2026-06-30 04:27:11,OIS00013,GNRHCC,5170.01,5118.21
7626F563,2090,764SW79600513,2026-06-30 04:27:11,OIS00013,GNRHCC,5162.63,5127.26
7626F563,2090,764SW79600514,2026-06-30 04:27:11,OIS00013,GNRHCC,5162.26,5109.94
7626F563,2090,764SW79600515,2026-06-30 04:27:11,OIS00013,GNRHCC,5162.51,5090.85
7626F563,2090,764SW79600516,2026-06-30 04:27:11,OIS00013,GNRHCC,5164.36,5128.03
7626F563,2090,764SW79600517,2026-06-30 04:27:11,OIS00013,GNRHCC,5160.03,5107.6
7626F563,2090,764SW79600518,2026-06-30 04:27:11,OIS00013,GNRHCC,5157.77,5108.58
7626F563,2090,764SW79600519,2026-06-30 04:27:11,OIS00013,GNRHCC,5166.81,5117.21
7626F563,2090,764SW79600520,2026-06-30 04:27:11,OIS00013,GNRHCC,5152.58,5094.51
7626F563,2090,764SW79600521,2026-06-30 04:27:11,OIS00013,GNRHCC,5175.54,5118.75
7626F563,2090,764SW79600522,2026-06-30 04:27:11,OIS00013,GNRHCC,5165.04,5125.24
7626F563,2090,764SW79600523,2026-06-30 04:27:11,OIS00013,GNRHCC,5171.64,5114.03
7626F563,2090,764SW79600524,2026-06-30 04:27:11,OIS00013,GNRHCC,5160.11,5082.7
7626F563,2090,764SW79600605,2026-06-30 04:27:11,OIS00013,GNRHCC,5181.13,5151.03
7626F563,2090,764SW79600606,2026-06-30 04:27:11,OIS00013,GNRHCC,5187.73,5145.83
7626F563,2090,764SW79600607,2026-06-30 04:27:11,OIS00013,GNRHCC,5181.51,5153.01
7626F563,2090,764SW79600608,2026-06-30 04:27:11,OIS00013,GNRHCC,5162.5,5134.42
7626F563,2090,764SW79600609,2026-06-30 04:27:11,OIS00013,GNRHCC,5182.45,5120.34
7626F563,2090,764SW79600610,2026-06-30 04:27:11,OIS00013,GNRHCC,5164.33,5127.3
7626F563,2090,764SW79600611,2026-06-30 04:27:11,OIS00013,GNRHCC,5181.36,5131.24
7626F563,2090,764SW79600612,2026-06-30 04:27:11,OIS00013,GNRHCC,5189.17,5123.63
7626F563,2090,764SW79600613,2026-06-30 04:27:11,OIS00013,GNRHCC,5143.64,5103.87
7626F563,2090,764SW79600614,2026-06-30 04:27:11,OIS00013,GNRHCC,5189.96,5101.11
7626F563,2090,764SW79600615,2026-06-30 04:27:11,OIS00013,GNRHCC,5152.96,5101.53
7626F563,2090,764SW79600616,2026-06-30 04:27:11,OIS00013,GNRHCC,5190.15,5123.49
7626F563,2090,764SW79600617,2026-06-30 04:27:11,OIS00013,GNRHCC,5139.91,5047.63
7626F563,2090,764SW79600618,2026-06-30 04:27:11,OIS00013,GNRHCC,5198.86,5120.37
7626F563,2090,764SW79600619,2026-06-30 04:27:11,OIS00013,GNRHCC,5170.69,5101.06
7626F563,2090,764SW79600620,2026-06-30 04:27:11,OIS00013,GNRHCC,5176.38,5099.25
7626F563,2090,764SW79600621,2026-06-30 04:27:11,OIS00013,GNRHCC,5174.34,5102.02
7626F563,2090,764SW79600622,2026-06-30 04:27:11,OIS00013,GNRHCC,5173.41,5109.47
7626F563,2090,764SW79600623,2026-06-30 04:27:11,OIS00013,GNRHCC,5161.61,5104.41
7626F563,2090,764SW79600624,2026-06-30 04:27:11,OIS00013,GNRHCC,5149.59,5111.23
7626F563,2090,764SW79600625,2026-06-30 04:27:11,OIS00013,GNRHCC,5177.67,5089.66
7626F563,2090,764SW79600626,2026-06-30 04:27:11,OIS00013,GNRHCC,5179.18,5114.55
7626F563,2090,764SW79600627,2026-06-30 04:27:11,OIS00013,GNRHCC,5142.84,5076.1
7626F563,2090,764SW79600628,2026-06-30 04:27:11,OIS00013,GNRHCC,5189.12,5115.45
7626F563,2090,764SW79600629,2026-06-30 04:27:11,OIS00013,GNRHCC,5141.98,5087.51
7626F563,2090,764SW79600630,2026-06-30 04:27:11,OIS00013,GNRHCC,5173.53,5128.19
7626F563,2090,764SW79600631,2026-06-30 04:27:11,OIS00013,GNRHCC,5167.95,5118.45
7626F563,2090,764SW79600632,2026-06-30 04:27:11,OIS00013,GNRHCC,5162.15,5120.55
7626F563,2090,764SW79600633,2026-06-30 04:27:11,OIS00013,GNRHCC,5187.68,5125.71
7626F563,2090,764SW79600634,2026-06-30 04:27:11,OIS00013,GNRHCC,5174.15,5125.82
7626F563,2090,764SW79600635,2026-06-30 04:27:11,OIS00013,GNRHCC,5163.67,5125.52
7626F563,2090,764SW79600636,2026-06-30 04:27:11,OIS00013,GNRHCC,5158.13,5111.3
7626F563,2090,764SW79600637,2026-06-30 04:27:11,OIS00013,GNRHCC,5152.53,5089.8
7626F563,2090,764SW79600638,2026-06-30 04:27:11,OIS00013,GNRHCC,5163.83,5091.76
7626F563,2090,764SW79600639,2026-06-30 04:27:11,OIS00013,GNRHCC,5161.08,5112
7626F563,2090,764SW79600640,2026-06-30 04:27:11,OIS00013,GNRHCC,5175.8,5118.75
7626F563,2090,764SW79600641,2026-06-30 04:27:11,OIS00013,GNRHCC,5172.09,5131.02
7626F563,2090,764SW79600642,2026-06-30 04:27:11,OIS00013,GNRHCC,5179.58,5139.13
7626F563,2090,764SW79600643,2026-06-30 04:27:11,OIS00013,GNRHCC,5179.17,5117.02
7626F563,2090,764SW79600644,2026-06-30 04:27:11,OIS00013,GNRHCC,5177.99,5141.64
7626F563,2090,764SW79600665,2026-06-30 04:27:11,OIS00013,GNRHCC,5179.46,5130.95
7626F563,2090,764SW79600666,2026-06-30 04:27:11,OIS00013,GNRHCC,5155.81,5130.55
7626F563,2090,764SW79600667,2026-06-30 04:27:11,OIS00013,GNRHCC,5173.12,5123.45
7626F563,2090,764SW79600668,2026-06-30 04:27:11,OIS00013,GNRHCC,5166.58,5124.25
7626F563,2090,764SW79600669,2026-06-30 04:27:11,OIS00013,GNRHCC,5177.17,5138.51
7626F563,2090,764SW79600670,2026-06-30 04:27:11,OIS00013,GNRHCC,5181.22,5136.8
7626F563,2090,764SW79600671,2026-06-30 04:27:11,OIS00013,GNRHCC,5198,5122.88
7626F563,2090,764SW79600672,2026-06-30 04:27:11,OIS00013,GNRHCC,5165.55,5136.98
7626F563,2090,764SW79600673,2026-06-30 04:27:11,OIS00013,GNRHCC,5173.07,5131.14
7626F563,2090,764SW79600674,2026-06-30 04:27:11,OIS00013,GNRHCC,5144.56,5128.68
7626F563,2090,764SW79600675,2026-06-30 04:27:11,OIS00013,GNRHCC,5158.6,5126.51
7626F563,2090,764SW79600676,2026-06-30 04:27:11,OIS00013,GNRHCC,5166.67,5124.24
7626F563,2090,764SW79600677,2026-06-30 04:27:11,OIS00013,GNRHCC,5167.16,5106.25
7626F563,2090,764SW79600678,2026-06-30 04:27:11,OIS00013,GNRHCC,5167.63,5131.9
7626F563,2090,764SW79600679,2026-06-30 04:27:11,OIS00013,GNRHCC,5171.57,5127.29
7626F563,2090,764SW79600680,2026-06-30 04:27:11,OIS00013,GNRHCC,5165.19,5093.38
7626F563,2090,764SW79600681,2026-06-30 04:27:11,OIS00013,GNRHCC,5177.17,5099.68
7626F563,2090,764SW79600682,2026-06-30 04:27:11,OIS00013,GNRHCC,5172.76,5111.72
7626F563,2090,764SW79600683,2026-06-30 04:27:11,OIS00013,GNRHCC,5187.54,5124.16
7626F563,2090,764SW79600684,2026-06-30 04:27:11,OIS00013,GNRHCC,5168.36,5102.18
7626F563,2090,764SW79600693,2026-06-30 04:27:11,OIS00013,GNRHCC,5199.09,5129.65
7626F563,2090,764SW79600694,2026-06-30 04:27:11,OIS00013,GNRHCC,5199.11,5120.42
7626F563,2090,764SW79600695,2026-06-30 04:27:11,OIS00013,GNRHCC,5178.2,5123.04
7626F563,2090,764SW79600696,2026-06-30 04:27:11,OIS00013,GNRHCC,5163.48,5106.51
7626F563,2090,764SW79600697,2026-06-30 04:27:11,OIS00013,GNRHCC,5165.06,5107.67
7626F563,2090,764SW79600698,2026-06-30 04:27:11,OIS00013,GNRHCC,5174.17,5127.62
7626F563,2090,764SW79600699,2026-06-30 04:27:11,OIS00013,GNRHCC,5151.56,5101.03
7626F563,2090,764SW79600700,2026-06-30 04:27:11,OIS00013,GNRHCC,5165.82,5104.77
7626F563,2090,764SW79600701,2026-06-30 04:27:11,OIS00013,GNRHCC,5188.46,5096.49
7626F563,2090,764SW79600702,2026-06-30 04:27:11,OIS00013,GNRHCC,5179.03,5120.25
7626F563,2090,764SW79600703,2026-06-30 04:27:11,OIS00013,GNRHCC,5170.01,5121.57
7626F563,2090,764SW79600704,2026-06-30 04:27:11,OIS00013,GNRHCC,5186.83,5112.04
7626F563,2090,764SW79600705,2026-06-30 04:27:11,OIS00013,GNRHCC,5157.26,5134.97
7626F563,2090,764SW79600706,2026-06-30 04:27:11,OIS00013,GNRHCC,5175.74,5104.7
7626F563,2090,764SW79600707,2026-06-30 04:27:11,OIS00013,GNRHCC,5185.01,5117.92
7626F563,2090,764SW79600708,2026-06-30 04:27:11,OIS00013,GNRHCC,5165.59,5116.63
7626F563,2090,764SW79600709,2026-06-30 04:27:11,OIS00013,GNRHCC,5163.84,5109.06
7626F563,2090,764SW79600710,2026-06-30 04:27:11,OIS00013,GNRHCC,5218.2,5132.96
7626F563,2090,764SW79600711,2026-06-30 04:27:11,OIS00013,GNRHCC,5179.29,5125.47
7626F563,2090,764SW79600712,2026-06-30 04:27:11,OIS00013,GNRHCC,5187.93,5095.41
7626F563,2090,764SW79600725,2026-06-30 04:27:11,OIS00013,GNRHCC,5165.73,5107.17
7626F563,2090,764SW79600726,2026-06-30 04:27:11,OIS00013,GNRHCC,5175.72,5125.35
7626F563,2090,764SW79600727,2026-06-30 04:27:11,OIS00013,GNRHCC,5167.22,5125.26
7626F563,2090,764SW79600728,2026-06-30 04:27:11,OIS00013,GNRHCC,5177.77,5134.59
7626F563,2090,764SW79600729,2026-06-30 04:27:11,OIS00013,GNRHCC,5189.88,5114.64
7626F563,2090,764SW79600730,2026-06-30 04:27:11,OIS00013,GNRHCC,5191.17,5132.93
7626F563,2090,764SW79600731,2026-06-30 04:27:11,OIS00013,GNRHCC,5176.42,5095.63
7626F563,2090,764SW79600732,2026-06-30 04:27:11,OIS00013,GNRHCC,5179.59,5110.4
7626F563,2090,764SW79600733,2026-06-30 04:27:11,OIS00013,GNRHCC,5183.89,5142.61
7626F563,2090,764SW79600734,2026-06-30 04:27:11,OIS00013,GNRHCC,5178.17,5148.1
7626F563,2090,764SW79600735,2026-06-30 04:27:11,OIS00013,GNRHCC,5190.32,5139.37
7626F563,2090,764SW79600736,2026-06-30 04:27:11,OIS00013,GNRHCC,5165.34,5102.92
7626F563,2090,764SW79600737,2026-06-30 04:27:11,OIS00013,GNRHCC,5136.84,5066.77
7626F563,2090,764SW79600738,2026-06-30 04:27:11,OIS00013,GNRHCC,5151.95,5127.88
7626F563,2090,764SW79600739,2026-06-30 04:27:11,OIS00013,GNRHCC,5151.82,5122.06
7626F563,2090,764SW79600740,2026-06-30 04:27:11,OIS00013,GNRHCC,5158.7,5119.14
7626F563,2090,764SW79600741,2026-06-30 04:27:11,OIS00013,GNRHCC,5188.63,5084.68
7626F563,2090,764SW79600742,2026-06-30 04:27:11,OIS00013,GNRHCC,5164.94,5091.96
7626F563,2090,764SW79600743,2026-06-30 04:27:11,OIS00013,GNRHCC,5165.29,5109.92
7626F563,2090,764SW79600744,2026-06-30 04:27:11,OIS00013,GNRHCC,5181.33,5127.72
7626F563,2090,764SW79600745,2026-06-30 04:27:11,OIS00013,GNRHCC,5199.66,5137.28
7626F563,2090,764SW79600746,2026-06-30 04:27:11,OIS00013,GNRHCC,5155.21,5088.33
7626F563,2090,764SW79600747,2026-06-30 04:27:11,OIS00013,GNRHCC,5171.81,5115.38
7626F563,2090,764SW79600748,2026-06-30 04:27:11,OIS00013,GNRHCC,5175.33,5103.19
7626F563,2090,764SW79600749,2026-06-30 04:27:11,OIS00013,GNRHCC,5176.57,5122.75
7626F563,2090,764SW79600750,2026-06-30 04:27:11,OIS00013,GNRHCC,5150.6,5117.4
7626F563,2090,764SW79600751,2026-06-30 04:27:11,OIS00013,GNRHCC,5160,5094.89
7626F563,2090,764SW79600752,2026-06-30 04:27:11,OIS00013,GNRHCC,5169.62,5112.6
7626F563,2090,764SW79600753,2026-06-30 04:27:11,OIS00013,GNRHCC,5154.95,5059.04
7626F563,2090,764SW79600754,2026-06-30 04:27:11,OIS00013,GNRHCC,5175.74,5084.04
7626F563,2090,764SW79600755,2026-06-30 04:27:11,OIS00013,GNRHCC,5178.55,5133.51
7626F563,2090,764SW79600756,2026-06-30 04:27:11,OIS00013,GNRHCC,5164.66,5092.06
7626F563,2090,764SW79600757,2026-06-30 04:27:11,OIS00013,GNRHCC,5165.27,5116.39
7626F563,2090,764SW79600758,2026-06-30 04:27:11,OIS00013,GNRHCC,5175.64,5123.32
7626F563,2090,764SW79600759,2026-06-30 04:27:11,OIS00013,GNRHCC,5178.51,5119.41
7626F563,2090,764SW79600760,2026-06-30 04:27:11,OIS00013,GNRHCC,5175.27,5103.34
7626F563,2090,764SW79600761,2026-06-30 04:27:11,OIS00013,GNRHCC,5161.7,5090.24
7626F563,2090,764SW79600762,2026-06-30 04:27:11,OIS00013,GNRHCC,5194.86,5130.29
7626F563,2090,764SW79600763,2026-06-30 04:27:11,OIS00013,GNRHCC,5185.03,5084.81
7626F563,2090,764SW79600764,2026-06-30 04:27:11,OIS00013,GNRHCC,5173.03,5096.51
7626F563,2090,764SW79600765,2026-06-30 04:27:11,OIS00013,GNRHCC,5189.71,5121.9
7626F563,2090,764SW79600766,2026-06-30 04:27:11,OIS00013,GNRHCC,5184.85,5143.52
7626F563,2090,764SW79600767,2026-06-30 04:27:11,OIS00013,GNRHCC,5176.77,5131.49
7626F563,2090,764SW79600768,2026-06-30 04:27:11,OIS00013,GNRHCC,5167.79,5128.58
7626F563,2090,764SW79600769,2026-06-30 04:27:11,OIS00013,GNRHCC,5147.91,5140.77
7626F563,2090,764SW79600770,2026-06-30 04:27:11,OIS00013,GNRHCC,5152.29,5109.23
7626F563,2090,764SW79600771,2026-06-30 04:27:11,OIS00013,GNRHCC,5176.02,5113.35
7626F563,2090,764SW79600772,2026-06-30 04:27:11,OIS00013,GNRHCC,5174.94,5133.37
7626F563,2090,764SW79600773,2026-06-30 04:27:11,OIS00013,GNRHCC,5184.69,5113.58
7626F563,2090,764SW79600774,2026-06-30 04:27:11,OIS00013,GNRHCC,5155.5,5123.7
7626F563,2090,764SW79600775,2026-06-30 04:27:11,OIS00013,GNRHCC,5157.53,5125.52
7626F563,2090,764SW79600776,2026-06-30 04:27:11,OIS00013,GNRHCC,5196.14,5126.57
7626F563,2090,764SW79600777,2026-06-30 04:27:11,OIS00013,GNRHCC,5159.51,5121.06
7626F563,2090,764SW79600778,2026-06-30 04:27:11,OIS00013,GNRHCC,5148.95,5108.79
7626F563,2090,764SW79600779,2026-06-30 04:27:11,OIS00013,GNRHCC,5188.15,5123.84
7626F563,2090,764SW79600780,2026-06-30 04:27:11,OIS00013,GNRHCC,5167.17,5140.43
7626F563,2090,764SW79600785,2026-06-30 04:27:11,OIS00013,GNRHCC,5165.73,5119.67
7626F563,2090,764SW79600786,2026-06-30 04:27:11,OIS00013,GNRHCC,5192.39,5122.77
7626F563,2090,764SW79600787,2026-06-30 04:27:11,OIS00013,GNRHCC,5168.8,5113.61
7626F563,2090,764SW79600788,2026-06-30 04:27:11,OIS00013,GNRHCC,5174.45,5110.44
7626F563,2090,764SW79600789,2026-06-30 04:27:11,OIS00013,GNRHCC,5178.2,5142.21
7626F563,2090,764SW79600790,2026-06-30 04:27:11,OIS00013,GNRHCC,5167.5,5099.54
7626F563,2090,764SW79600791,2026-06-30 04:27:11,OIS00013,GNRHCC,5177.58,5129.6
7626F563,2090,764SW79600792,2026-06-30 04:27:11,OIS00013,GNRHCC,5184.51,5144.52
7626F563,2090,764SW79600793,2026-06-30 04:27:11,OIS00013,GNRHCC,5174.7,5126.25
7626F563,2090,764SW79600794,2026-06-30 04:27:11,OIS00013,GNRHCC,5188.65,5119.52
7626F563,2090,764SW79600795,2026-06-30 04:27:11,OIS00013,GNRHCC,5175.91,5120.37
7626F563,2090,764SW79600796,2026-06-30 04:27:11,OIS00013,GNRHCC,5183.11,5113.73
7626F563,2090,764SW79600797,2026-06-30 04:27:11,OIS00013,GNRHCC,5157.91,5098.64
7626F563,2090,764SW79600798,2026-06-30 04:27:11,OIS00013,GNRHCC,5178.38,5114.57
7626F563,2090,764SW79600799,2026-06-30 04:27:11,OIS00013,GNRHCC,5192.93,5120.31
7626F563,2090,764SW79600800,2026-06-30 04:27:11,OIS00013,GNRHCC,5159.55,5125.69
7626F563,2090,764SW79600801,2026-06-30 04:27:11,OIS00013,GNRHCC,5166.25,5107.42
7626F563,2090,764SW79600802,2026-06-30 04:27:11,OIS00013,GNRHCC,5175.53,5109.32
7626F563,2090,764SW79600803,2026-06-30 04:27:11,OIS00013,GNRHCC,5180.96,5097.93
7626F563,2090,764SW79600804,2026-06-30 04:27:11,OIS00013,GNRHCC,5193.57,5134.87
7626F563,2090,764SW79600805,2026-06-30 04:27:11,OIS00013,GNRHCC,5191.22,5121.04
7626F563,2090,764SW79600806,2026-06-30 04:27:11,OIS00013,GNRHCC,5182.66,5123.05
7626F563,2090,764SW79600807,2026-06-30 04:27:11,OIS00013,GNRHCC,5158.3,5118.61
7626F563,2090,764SW79600808,2026-06-30 04:27:11,OIS00013,GNRHCC,5158.96,5129.22
7626F563,2090,764SW79600809,2026-06-30 04:27:11,OIS00013,GNRHCC,5142.37,5090.86
7626F563,2090,764SW79600810,2026-06-30 04:27:11,OIS00013,GNRHCC,5159.28,5120.16
7626F563,2090,764SW79600811,2026-06-30 04:27:11,OIS00013,GNRHCC,5138.9,5110.09
7626F563,2090,764SW79600812,2026-06-30 04:27:11,OIS00013,GNRHCC,5139.8,5102.07
7626F563,2090,764SW79600813,2026-06-30 04:27:11,OIS00013,GNRHCC,5151.19,5129.78
7626F563,2090,764SW79600814,2026-06-30 04:27:11,OIS00013,GNRHCC,5155.49,5093.2
7626F563,2090,764SW79600815,2026-06-30 04:27:11,OIS00013,GNRHCC,5182.5,5125.18
7626F563,2090,764SW79600816,2026-06-30 04:27:11,OIS00013,GNRHCC,5184.29,5135.79
7626F563,2090,764SW79600817,2026-06-30 04:27:11,OIS00013,GNRHCC,5159.67,5120.31
7626F563,2090,764SW79600818,2026-06-30 04:27:11,OIS00013,GNRHCC,5172.76,5127.41
7626F563,2090,764SW79600819,2026-06-30 04:27:11,OIS00013,GNRHCC,5184.18,5129.91
7626F563,2090,764SW79600820,2026-06-30 04:27:11,OIS00013,GNRHCC,5149.18,5139.94
7626F563,2090,764SW79600821,2026-06-30 04:27:11,OIS00013,GNRHCC,5174.15,5138.34
7626F563,2090,764SW79600822,2026-06-30 04:27:11,OIS00013,GNRHCC,5163.3,5117.85
7626F563,2090,764SW79600823,2026-06-30 04:27:11,OIS00013,GNRHCC,5173.86,5134.52
7626F563,2090,764SW79600824,2026-06-30 04:27:11,OIS00013,GNRHCC,5183.35,5132.46
7626F563,2090,764SW79600825,2026-06-30 04:27:11,OIS00013,GNRHCC,5138.16,5110.03
7626F563,2090,764SW79600826,2026-06-30 04:27:11,OIS00013,GNRHCC,5177.93,5125.63
7626F563,2090,764SW79600827,2026-06-30 04:27:11,OIS00013,GNRHCC,5176.19,5118.15
7626F563,2090,764SW79600828,2026-06-30 04:27:11,OIS00013,GNRHCC,5161.53,5117.74
7626F563,2090,764SW79600829,2026-06-30 04:27:11,OIS00013,GNRHCC,5190.1,5126.04
7626F563,2090,764SW79600830,2026-06-30 04:27:11,OIS00013,GNRHCC,5204.8,5136.27
7626F563,2090,764SW79600831,2026-06-30 04:27:11,OIS00013,GNRHCC,5171.98,5115.53
7626F563,2090,764SW79600832,2026-06-30 04:27:11,OIS00013,GNRHCC,5186.15,5121.23
7626F563,2090,764SW79600833,2026-06-30 04:27:11,OIS00013,GNRHCC,5153.09,5120.95
7626F563,2090,764SW79600834,2026-06-30 04:27:11,OIS00013,GNRHCC,5163.74,5100.26
7626F563,2090,764SW79600835,2026-06-30 04:27:11,OIS00013,GNRHCC,5170.77,5081.65
7626F563,2090,764SW79600836,2026-06-30 04:27:11,OIS00013,GNRHCC,5176.12,5114.04
7626F563,2090,764SW79600837,2026-06-30 04:27:11,OIS00013,GNRHCC,5152.57,5072.14
7626F563,2090,764SW79600838,2026-06-30 04:27:11,OIS00013,GNRHCC,5186.95,5132.64
7626F563,2090,764SW79600839,2026-06-30 04:27:11,OIS00013,GNRHCC,5174.69,5082.85
7626F563,2090,764SW79600840,2026-06-30 04:27:11,OIS00013,GNRHCC,5174.43,5101.85
7626F563,2090,764SW79600841,2026-06-30 04:27:11,OIS00013,GNRHCC,5161.74,5101.65
7626F563,2090,764SW79600842,2026-06-30 04:27:11,OIS00013,GNRHCC,5146.95,5137.35
7626F563,2090,764SW79600843,2026-06-30 04:27:11,OIS00013,GNRHCC,5155.09,5127.45
7626F563,2090,764SW79600844,2026-06-30 04:27:11,OIS00013,GNRHCC,5165.8,5127.89
7626F563,2090,764SW79600885,2026-06-30 04:27:11,OIS00013,GNRHCC,5161.79,5081.69
7626F563,2090,764SW79600886,2026-06-30 04:27:11,OIS00013,GNRHCC,5160.47,5142.78
7626F563,2090,764SW79600887,2026-06-30 04:27:11,OIS00013,GNRHCC,5145.96,5129.6
7626F563,2090,764SW79600888,2026-06-30 04:27:11,OIS00013,GNRHCC,5168.13,5134.29
7626F563,2090,764SW79600889,2026-06-30 04:27:11,OIS00013,GNRHCC,5185.65,5115.74
7626F563,2090,764SW79600890,2026-06-30 04:27:11,OIS00013,GNRHCC,5157.41,5113.83
7626F563,2090,764SW79600891,2026-06-30 04:27:11,OIS00013,GNRHCC,5158.37,5100.6
7626F563,2090,764SW79600892,2026-06-30 04:27:11,OIS00013,GNRHCC,5197.78,5121.71
7626F563,2090,764SW79600893,2026-06-30 04:27:11,OIS00013,GNRHCC,5158.26,5144.09
7626F563,2090,764SW79600894,2026-06-30 04:27:11,OIS00013,GNRHCC,5166.07,5128
7626F563,2090,764SW79600895,2026-06-30 04:27:11,OIS00013,GNRHCC,5164.07,5108.54
7626F563,2090,764SW79600896,2026-06-30 04:27:11,OIS00013,GNRHCC,5155.99,5090.89
7626F563,2090,764SW79600897,2026-06-30 04:27:11,OIS00013,GNRHCC,5174.81,5131.34
7626F563,2090,764SW79600898,2026-06-30 04:27:11,OIS00013,GNRHCC,5192.93,5146.32
7626F563,2090,764SW79600899,2026-06-30 04:27:11,OIS00013,GNRHCC,5162.73,5135.88
7626F563,2090,764SW79600900,2026-06-30 04:27:11,OIS00013,GNRHCC,5156.74,5095.19
7626F563,2090,764SW79600901,2026-06-30 04:27:11,OIS00013,GNRHCC,5168.23,5110.31
7626F563,2090,764SW79600902,2026-06-30 04:27:11,OIS00013,GNRHCC,5165.07,5146.7
7626F563,2090,764SW79600903,2026-06-30 04:27:11,OIS00013,GNRHCC,5145.83,5095.03
7626F563,2090,764SW79600904,2026-06-30 04:27:11,OIS00013,GNRHCC,5160.38,5099.6
7626F563,2090,764SW79600905,2026-06-30 04:27:11,OIS00013,GNRHCC,5181.77,5124.63
7626F563,2090,764SW79600906,2026-06-30 04:27:11,OIS00013,GNRHCC,5166.43,5134.92
7626F563,2090,764SW79600907,2026-06-30 04:27:11,OIS00013,GNRHCC,5176.92,5136.7
7626F563,2090,764SW79600908,2026-06-30 04:27:11,OIS00013,GNRHCC,5174.21,5135.77
7626F563,2090,764SW79600909,2026-06-30 04:27:11,OIS00013,GNRHCC,5184.2,5149.65
7626F563,2090,764SW79600910,2026-06-30 04:27:11,OIS00013,GNRHCC,5170.24,5122.27
7626F563,2090,764SW79600911,2026-06-30 04:27:11,OIS00013,GNRHCC,5187,5133.85
7626F563,2090,764SW79600912,2026-06-30 04:27:11,OIS00013,GNRHCC,5188.13,5136.94
7626F563,2090,764SW79600913,2026-06-30 04:27:11,OIS00013,GNRHCC,5173.19,5123.53
7626F563,2090,764SW79600914,2026-06-30 04:27:11,OIS00013,GNRHCC,5177.28,5115.33
7626F563,2090,764SW79600915,2026-06-30 04:27:11,OIS00013,GNRHCC,5193.54,5135.63
7626F563,2090,764SW79600916,2026-06-30 04:27:11,OIS00013,GNRHCC,5147.23,5126.2
7626F563,2090,764SW79600917,2026-06-30 04:27:11,OIS00013,GNRHCC,5173.37,5122.58
7626F563,2090,764SW79600918,2026-06-30 04:27:11,OIS00013,GNRHCC,5163.79,5138.91
7626F563,2090,764SW79600919,2026-06-30 04:27:11,OIS00013,GNRHCC,5175.19,5136.77
7626F563,2090,764SW79600920,2026-06-30 04:27:11,OIS00013,GNRHCC,5179.89,5132.3
7626F563,2090,764SW79600921,2026-06-30 04:27:11,OIS00013,GNRHCC,5185.39,5126.34
7626F563,2090,764SW79600922,2026-06-30 04:27:11,OIS00013,GNRHCC,5187.81,5150.14
7626F563,2090,764SW79600923,2026-06-30 04:27:11,OIS00013,GNRHCC,5184.1,5148.01
7626F563,2090,764SW79600924,2026-06-30 04:27:11,OIS00013,GNRHCC,5183.87,5139.53
7626F563,2090,764SW79600945,2026-06-30 04:27:11,OIS00013,GNRHCC,5164.24,5115.21
7626F563,2090,764SW79600946,2026-06-30 04:27:11,OIS00013,GNRHCC,5177.39,5115.32
7626F563,2090,764SW79600947,2026-06-30 04:27:11,OIS00013,GNRHCC,5182.86,5124.89
7626F563,2090,764SW79600948,2026-06-30 04:27:11,OIS00013,GNRHCC,5193.85,5121.92
7626F563,2090,764SW79600949,2026-06-30 04:27:11,OIS00013,GNRHCC,5169.12,5127.56
7626F563,2090,764SW79600950,2026-06-30 04:27:11,OIS00013,GNRHCC,5150.55,5123.17
7626F563,2090,764SW79600951,2026-06-30 04:27:11,OIS00013,GNRHCC,5162.67,5131.61
7626F563,2090,764SW79600952,2026-06-30 04:27:11,OIS00013,GNRHCC,5171.8,5127.49
7626F563,2090,764SW79600953,2026-06-30 04:27:11,OIS00013,GNRHCC,5161.43,5103.33
7626F563,2090,764SW79600954,2026-06-30 04:27:11,OIS00013,GNRHCC,5178.63,5103.74
7626F563,2090,764SW79600955,2026-06-30 04:27:11,OIS00013,GNRHCC,5166.58,5125.11
7626F563,2090,764SW79600956,2026-06-30 04:27:11,OIS00013,GNRHCC,5159.73,5105.41
7626F563,2090,764SW79600957,2026-06-30 04:27:11,OIS00013,GNRHCC,5145.54,5129.79
7626F563,2090,764SW79600958,2026-06-30 04:27:11,OIS00013,GNRHCC,5151.16,5131.29
7626F563,2090,764SW79600959,2026-06-30 04:27:11,OIS00013,GNRHCC,5141.49,5132.75
7626F563,2090,764SW79600960,2026-06-30 04:27:11,OIS00013,GNRHCC,5148.21,5110.13
7626F563,2090,764SW79600961,2026-06-30 04:27:11,OIS00013,GNRHCC,5177.48,5144.47
7626F563,2090,764SW79600962,2026-06-30 04:27:11,OIS00013,GNRHCC,5175.01,5124.93
7626F563,2090,764SW79600963,2026-06-30 04:27:11,OIS00013,GNRHCC,5180.39,5121.59
7626F563,2090,764SW79600964,2026-06-30 04:27:11,OIS00013,GNRHCC,5164.51,5145.69
7626F563,2090,764SW79600965,2026-06-30 04:27:11,OIS00013,GNRHCC,5180.93,5108.6
7626F563,2090,764SW79600966,2026-06-30 04:27:11,OIS00013,GNRHCC,5184.85,5131.88
7626F563,2090,764SW79600967,2026-06-30 04:27:11,OIS00013,GNRHCC,5174.66,5112.08
7626F563,2090,764SW79600968,2026-06-30 04:27:11,OIS00013,GNRHCC,5160.71,5116.09
7626F563,2090,764SW79600969,2026-06-30 04:27:11,OIS00013,GNRHCC,5165.5,5123.02
7626F563,2090,764SW79600970,2026-06-30 04:27:11,OIS00013,GNRHCC,5156.11,5115.4
7626F563,2090,764SW79600971,2026-06-30 04:27:11,OIS00013,GNRHCC,5169.31,5128.95
7626F563,2090,764SW79600972,2026-06-30 04:27:11,OIS00013,GNRHCC,5173.17,5113.44
7626F563,2090,764SW79600973,2026-06-30 04:27:11,OIS00013,GNRHCC,5179.88,5132.97
7626F563,2090,764SW79600974,2026-06-30 04:27:11,OIS00013,GNRHCC,5167.33,5099.07
7626F563,2090,764SW79600975,2026-06-30 04:27:11,OIS00013,GNRHCC,5187.01,5132.25
7626F563,2090,764SW79600976,2026-06-30 04:27:11,OIS00013,GNRHCC,5179.07,5131.57
7626F563,2090,764SW79600977,2026-06-30 04:27:11,OIS00013,GNRHCC,5190.63,5143.07
7626F563,2090,764SW79600978,2026-06-30 04:27:11,OIS00013,GNRHCC,5184.48,5135.35
7626F563,2090,764SW79600979,2026-06-30 04:27:11,OIS00013,GNRHCC,5162.98,5111.98
7626F563,2090,764SW79600980,2026-06-30 04:27:11,OIS00013,GNRHCC,5181.04,5124.3
7626F563,2090,764SW79600981,2026-06-30 04:27:11,OIS00013,GNRHCC,5170.47,5095.33
7626F563,2090,764SW79600982,2026-06-30 04:27:11,OIS00013,GNRHCC,5173.92,5128.44
7626F563,2090,764SW79600983,2026-06-30 04:27:11,OIS00013,GNRHCC,5170.15,5102.47
7626F563,2090,764SW79600984,2026-06-30 04:27:11,OIS00013,GNRHCC,5195.18,5113.67
7626F563,2090,764SW79600985,2026-06-30 04:27:11,OIS00013,GNRHCC,5171.24,5100.02
7626F563,2090,764SW79600986,2026-06-30 04:27:11,OIS00013,GNRHCC,5181.22,5129.27
7626F563,2090,764SW79600987,2026-06-30 04:27:11,OIS00013,GNRHCC,5174.81,5118.9
7626F563,2090,764SW79600988,2026-06-30 04:27:11,OIS00013,GNRHCC,5172.26,5109.69
7626F563,2090,764SW79600989,2026-06-30 04:27:11,OIS00013,GNRHCC,5173.41,5111.43
7626F563,2090,764SW79600990,2026-06-30 04:27:11,OIS00013,GNRHCC,5184.7,5125.3
7626F563,2090,764SW79600991,2026-06-30 04:27:11,OIS00013,GNRHCC,5169.64,5128.34
7626F563,2090,764SW79600992,2026-06-30 04:27:11,OIS00013,GNRHCC,5179.9,5109.7
7626F563,2090,764SW79600993,2026-06-30 04:27:11,OIS00013,GNRHCC,5186.43,5123.01
7626F563,2090,764SW79600994,2026-06-30 04:27:11,OIS00013,GNRHCC,5164.71,5092.83
7626F563,2090,764SW79600995,2026-06-30 04:27:11,OIS00013,GNRHCC,5177.6,5126.81
7626F563,2090,764SW79600996,2026-06-30 04:27:11,OIS00013,GNRHCC,5183.88,5133.04
7626F563,2090,764SW79600997,2026-06-30 04:27:11,OIS00013,GNRHCC,5166.58,5132.46
7626F563,2090,764SW79600998,2026-06-30 04:27:11,OIS00013,GNRHCC,5171.93,5129.77
7626F563,2090,764SW79600999,2026-06-30 04:27:11,OIS00013,GNRHCC,5159.11,5115.37
7626F563,2090,764SW79601000,2026-06-30 04:27:11,OIS00013,GNRHCC,5163.04,5111.36
7626F563,2090,764SW79601001,2026-06-30 04:27:11,OIS00013,GNRHCC,5189.77,5113.25
7626F563,2090,764SW79601002,2026-06-30 04:27:11,OIS00013,GNRHCC,5193.91,5136.39
7626F563,2090,764SW79601003,2026-06-30 04:27:11,OIS00013,GNRHCC,5162.91,5107.6
7626F563,2090,764SW79601004,2026-06-30 04:27:11,OIS00013,GNRHCC,5177.83,5122.37
7626F563,2090,764SW79601005,2026-06-30 04:27:11,OIS00013,GNRHCC,5165.07,5108.35
7626F563,2090,764SW79601006,2026-06-30 04:27:11,OIS00013,GNRHCC,5164.53,5119.71
7626F563,2090,764SW79601007,2026-06-30 04:27:11,OIS00013,GNRHCC,5174.16,5117.11
7626F563,2090,764SW79601008,2026-06-30 04:27:11,OIS00013,GNRHCC,5151.42,5129.11
7626F563,2090,764SW79601009,2026-06-30 04:27:11,OIS00013,GNRHCC,5151.87,5092.23
7626F563,2090,764SW79601010,2026-06-30 04:27:11,OIS00013,GNRHCC,5155.88,5142.4
7626F563,2090,764SW79601011,2026-06-30 04:27:11,OIS00013,GNRHCC,5169.18,5111.81
7626F563,2090,764SW79601012,2026-06-30 04:27:11,OIS00013,GNRHCC,5178.66,5122.49
7626F563,2090,764SW79601013,2026-06-30 04:27:11,OIS00013,GNRHCC,5183.62,5100.67
7626F563,2090,764SW79601014,2026-06-30 04:27:11,OIS00013,GNRHCC,5189.45,5124.2
7626F563,2090,764SW79601015,2026-06-30 04:27:11,OIS00013,GNRHCC,5142.05,5101.87
7626F563,2090,764SW79601016,2026-06-30 04:27:11,OIS00013,GNRHCC,5172.44,5123.27
7626F563,2090,764SW79601017,2026-06-30 04:27:11,OIS00013,GNRHCC,5136.14,5108.22
7626F563,2090,764SW79601018,2026-06-30 04:27:11,OIS00013,GNRHCC,5169.21,5109.31
7626F563,2090,764SW79601019,2026-06-30 04:27:11,OIS00013,GNRHCC,5141.92,5085.36
7626F563,2090,764SW79601020,2026-06-30 04:27:11,OIS00013,GNRHCC,5157.27,5139.39
7626F563,2090,764SW79601021,2026-06-30 04:27:11,OIS00013,GNRHCC,5175.99,5080.42
7626F563,2090,764SW79601022,2026-06-30 04:27:11,OIS00013,GNRHCC,5168.43,5134.6
7626F563,2090,764SW79601023,2026-06-30 04:27:11,OIS00013,GNRHCC,5171.16,5136.5
7626F563,2090,764SW79601024,2026-06-30 04:27:11,OIS00013,GNRHCC,5147.34,5124.26
7626F563,2090,764SW79601045,2026-06-30 04:27:11,OIS00013,GNRHCC,5182.99,5146.49
7626F563,2090,764SW79601046,2026-06-30 04:27:11,OIS00013,GNRHCC,5186.22,5119.08
7626F563,2090,764SW79601047,2026-06-30 04:27:11,OIS00013,GNRHCC,5167.9,5101
7626F563,2090,764SW79601048,2026-06-30 04:27:11,OIS00013,GNRHCC,5185.5,5151.59
7626F563,2090,764SW79601049,2026-06-30 04:27:11,OIS00013,GNRHCC,5168.57,5117.96
7626F563,2090,764SW79601050,2026-06-30 04:27:11,OIS00013,GNRHCC,5171.78,5140.37
7626F563,2090,764SW79601051,2026-06-30 04:27:11,OIS00013,GNRHCC,5170.62,5116.76
7626F563,2090,764SW79601052,2026-06-30 04:27:11,OIS00013,GNRHCC,5174.09,5123.89
7626F563,2090,764SW79601053,2026-06-30 04:27:11,OIS00013,GNRHCC,5176.34,5082.35
7626F563,2090,764SW79601054,2026-06-30 04:27:11,OIS00013,GNRHCC,5196.09,5122.36
7626F563,2090,764SW79601055,2026-06-30 04:27:11,OIS00013,GNRHCC,5164.92,5122.49
7626F563,2090,764SW79601056,2026-06-30 04:27:11,OIS00013,GNRHCC,5164.65,5112.04
7626F563,2090,764SW79601057,2026-06-30 04:27:11,OIS00013,GNRHCC,5132.85,5101.8
7626F563,2090,764SW79601058,2026-06-30 04:27:11,OIS00013,GNRHCC,5164.33,5130.51
7626F563,2090,764SW79601059,2026-06-30 04:27:11,OIS00013,GNRHCC,5185.59,5111.02
7626F563,2090,764SW79601060,2026-06-30 04:27:11,OIS00013,GNRHCC,5177.55,5122.43
7626F563,2090,764SW79601061,2026-06-30 04:27:11,OIS00013,GNRHCC,5172.14,5092.04
7626F563,2090,764SW79601062,2026-06-30 04:27:11,OIS00013,GNRHCC,5151.21,5108.67
7626F563,2090,764SW79601063,2026-06-30 04:27:11,OIS00013,GNRHCC,5203,5101.37
7626F563,2090,764SW79601064,2026-06-30 04:27:11,OIS00013,GNRHCC,5170.05,5097.28
7626F563,2090,764SW79601065,2026-06-30 04:27:11,OIS00013,GNRHCC,5163.6,5086.08
7626F563,2090,764SW79601066,2026-06-30 04:27:11,OIS00013,GNRHCC,5161.76,5115.85
7626F563,2090,764SW79601067,2026-06-30 04:27:11,OIS00013,GNRHCC,5168.32,5138.12
7626F563,2090,764SW79601068,2026-06-30 04:27:11,OIS00013,GNRHCC,5163.71,5082.75
7626F563,2090,764SW79601069,2026-06-30 04:27:11,OIS00013,GNRHCC,5152.69,5111.89
7626F563,2090,764SW79601070,2026-06-30 04:27:11,OIS00013,GNRHCC,5166.11,5120.78
7626F563,2090,764SW79601071,2026-06-30 04:27:11,OIS00013,GNRHCC,5181.88,5110.1
7626F563,2090,764SW79601072,2026-06-30 04:27:11,OIS00013,GNRHCC,5186.36,5123
7626F563,2090,764SW79601073,2026-06-30 04:27:11,OIS00013,GNRHCC,5162.05,5123.58
7626F563,2090,764SW79601074,2026-06-30 04:27:11,OIS00013,GNRHCC,5164.52,5122.54
7626F563,2090,764SW79601075,2026-06-30 04:27:11,OIS00013,GNRHCC,5173.32,5123.64
7626F563,2090,764SW79601076,2026-06-30 04:27:11,OIS00013,GNRHCC,5162.25,5135.61
7626F563,2090,764SW79601077,2026-06-30 04:27:11,OIS00013,GNRHCC,5182.64,5137.46
7626F563,2090,764SW79601078,2026-06-30 04:27:11,OIS00013,GNRHCC,5174.37,5128.22
7626F563,2090,764SW79601079,2026-06-30 04:27:11,OIS00013,GNRHCC,5171.94,5141.9
7626F563,2090,764SW79601080,2026-06-30 04:27:11,OIS00013,GNRHCC,5183.64,5116.77
7626F563,2090,764SW79601081,2026-06-30 04:27:11,OIS00013,GNRHCC,5179.85,5113.85
7626F563,2090,764SW79601082,2026-06-30 04:27:11,OIS00013,GNRHCC,5174.89,5124.51
7626F563,2090,764SW79601083,2026-06-30 04:27:11,OIS00013,GNRHCC,5160.24,5119.98
7626F563,2090,764SW79601084,2026-06-30 04:27:11,OIS00013,GNRHCC,5159.69,5104.36
7626F563,2090,764SW79601125,2026-06-30 04:27:11,OIS00013,GNRHCC,5163.42,5097.4
7626F563,2090,764SW79601126,2026-06-30 04:27:11,OIS00013,GNRHCC,5171.57,5121.88
7626F563,2090,764SW79601127,2026-06-30 04:27:11,OIS00013,GNRHCC,5157.38,5131.99
7626F563,2090,764SW79601128,2026-06-30 04:27:11,OIS00013,GNRHCC,5164.3,5135.54
7626F563,2090,764SW79601129,2026-06-30 04:27:11,OIS00013,GNRHCC,5164.76,5122.19
7626F563,2090,764SW79601130,2026-06-30 04:27:11,OIS00013,GNRHCC,5158.46,5085.02
7626F563,2090,764SW79601131,2026-06-30 04:27:11,OIS00013,GNRHCC,5165.67,5104.88
7626F563,2090,764SW79601132,2026-06-30 04:27:11,OIS00013,GNRHCC,5147.3,5100.14
7626F563,2090,764SW79601133,2026-06-30 04:27:11,OIS00013,GNRHCC,5175.06,5128.99
7626F563,2090,764SW79601134,2026-06-30 04:27:11,OIS00013,GNRHCC,5182.3,5127.21
7626F563,2090,764SW79601135,2026-06-30 04:27:11,OIS00013,GNRHCC,5167.93,5105.12
7626F563,2090,764SW79601136,2026-06-30 04:27:11,OIS00013,GNRHCC,5175.56,5117.19
7626F563,2090,764SW79601137,2026-06-30 04:27:11,OIS00013,GNRHCC,5157.99,5117.56
7626F563,2090,764SW79601138,2026-06-30 04:27:11,OIS00013,GNRHCC,5152.99,5118.28
7626F563,2090,764SW79601139,2026-06-30 04:27:11,OIS00013,GNRHCC,5174.34,5117.26
7626F563,2090,764SW79601140,2026-06-30 04:27:11,OIS00013,GNRHCC,5134.19,5114.97
7626F563,2090,764SW79601141,2026-06-30 04:27:11,OIS00013,GNRHCC,5177.29,5123.37
7626F563,2090,764SW79601142,2026-06-30 04:27:11,OIS00013,GNRHCC,5180.86,5121.73
7626F563,2090,764SW79601143,2026-06-30 04:27:11,OIS00013,GNRHCC,5165.34,5103.23
7626F563,2090,764SW79601144,2026-06-30 04:27:11,OIS00013,GNRHCC,5181.43,5109.67
7626F563,2090,764SW79601145,2026-06-30 04:27:11,OIS00013,GNRHCC,5168.33,5129.65
7626F563,2090,764SW79601146,2026-06-30 04:27:11,OIS00013,GNRHCC,5158.6,5108.89
7626F563,2090,764SW79601147,2026-06-30 04:27:11,OIS00013,GNRHCC,5163.97,5097.56
7626F563,2090,764SW79601148,2026-06-30 04:27:11,OIS00013,GNRHCC,5169.74,5097.36
7626F563,2090,764SW79601149,2026-06-30 04:27:11,OIS00013,GNRHCC,5160.72,5105.04
7626F563,2090,764SW79601150,2026-06-30 04:27:11,OIS00013,GNRHCC,5154.11,5128.79
7626F563,2090,764SW79601151,2026-06-30 04:27:11,OIS00013,GNRHCC,5164.43,5117.71
7626F563,2090,764SW79601152,2026-06-30 04:27:11,OIS00013,GNRHCC,5156.37,5095.42
7626F563,2090,764SW79601153,2026-06-30 04:27:11,OIS00013,GNRHCC,5145.52,5110.64
7626F563,2090,764SW79601154,2026-06-30 04:27:11,OIS00013,GNRHCC,5185.02,5128.76
7626F563,2090,764SW79601155,2026-06-30 04:27:11,OIS00013,GNRHCC,5176.47,5120.73
7626F563,2090,764SW79601156,2026-06-30 04:27:11,OIS00013,GNRHCC,5157.77,5139.92
7626F563,2090,764SW79601157,2026-06-30 04:27:11,OIS00013,GNRHCC,5168.66,5112.26
7626F563,2090,764SW79601158,2026-06-30 04:27:11,OIS00013,GNRHCC,5180.94,5094.2
7626F563,2090,764SW79601159,2026-06-30 04:27:11,OIS00013,GNRHCC,5186.92,5135.74
7626F563,2090,764SW79601160,2026-06-30 04:27:11,OIS00013,GNRHCC,5165.75,5118.03
7626F563,2090,764SW79601161,2026-06-30 04:27:11,OIS00013,GNRHCC,5168.77,5100.55
7626F563,2090,764SW79601162,2026-06-30 04:27:11,OIS00013,GNRHCC,5166.6,5132.43
7626F563,2090,764SW79601163,2026-06-30 04:27:11,OIS00013,GNRHCC,5193.83,5142.72
7626F563,2090,764SW79601164,2026-06-30 04:27:11,OIS00013,GNRHCC,5176.83,5126.67
7626F563,2090,764SW79601177,2026-06-30 04:27:11,OIS00013,GNRHCC,5151.71,5116.82
7626F563,2090,764SW79601178,2026-06-30 04:27:11,OIS00013,GNRHCC,5152.34,5119.23
7626F563,2090,764SW79601179,2026-06-30 04:27:11,OIS00013,GNRHCC,5170.88,5116.51
7626F563,2090,764SW79601180,2026-06-30 04:27:11,OIS00013,GNRHCC,5168.72,5116.61
7626F563,2090,764SW79601181,2026-06-30 04:27:11,OIS00013,GNRHCC,5174.88,5122.24
7626F563,2090,764SW79601182,2026-06-30 04:27:11,OIS00013,GNRHCC,5185.11,5125.37
7626F563,2090,764SW79601183,2026-06-30 04:27:11,OIS00013,GNRHCC,5184.25,5121.81
7626F563,2090,764SW79601184,2026-06-30 04:27:11,OIS00013,GNRHCC,5158.06,5101.89
7626F563,2090,764SW79601185,2026-06-30 04:27:11,OIS00013,GNRHCC,5189,5117.78
7626F563,2090,764SW79601186,2026-06-30 04:27:11,OIS00013,GNRHCC,5189.82,5138.66
7626F563,2090,764SW79601187,2026-06-30 04:27:11,OIS00013,GNRHCC,5185.5,5122.65
7626F563,2090,764SW79601188,2026-06-30 04:27:11,OIS00013,GNRHCC,5206.66,5146.4
7626F563,2090,764SW79601189,2026-06-30 04:27:11,OIS00013,GNRHCC,5142.01,5102.68
7626F563,2090,764SW79601190,2026-06-30 04:27:11,OIS00013,GNRHCC,5169.69,5117.88
7626F563,2090,764SW79601191,2026-06-30 04:27:11,OIS00013,GNRHCC,5148.15,5093.56
7626F563,2090,764SW79601192,2026-06-30 04:27:11,OIS00013,GNRHCC,5175.69,5119.39
7626F563,2090,764SW79601193,2026-06-30 04:27:11,OIS00013,GNRHCC,5170.93,5114.2
7626F563,2090,764SW79601194,2026-06-30 04:27:11,OIS00013,GNRHCC,5179.5,5132.38
7626F563,2090,764SW79601195,2026-06-30 04:27:11,OIS00013,GNRHCC,5145.16,5103.84
7626F563,2090,764SW79601196,2026-06-30 04:27:11,OIS00013,GNRHCC,5182.63,5124.75
7626F563,2090,764SW79601197,2026-06-30 04:27:11,OIS00013,GNRHCC,5159.57,5125.8
7626F563,2090,764SW79601198,2026-06-30 04:27:11,OIS00013,GNRHCC,5169.95,5113.43
7626F563,2090,764SW79601199,2026-06-30 04:27:11,OIS00013,GNRHCC,5177.97,5130.74
7626F563,2090,764SW79601200,2026-06-30 04:27:11,OIS00013,GNRHCC,5162.75,5114.01
7626F563,2090,764SW79601201,2026-06-30 04:27:11,OIS00013,GNRHCC,5153.54,5127.56
7626F563,2090,764SW79601202,2026-06-30 04:27:11,OIS00013,GNRHCC,5150.16,5101.47
7626F563,2090,764SW79601203,2026-06-30 04:27:11,OIS00013,GNRHCC,5134.18,5100.91
7626F563,2090,764SW79601204,2026-06-30 04:27:11,OIS00013,GNRHCC,5143.53,5116.99
7626F747,2090,76BQ736600174,2026-06-30 08:23:09,OIS00014,GNRUCC,3876.83,3813.15
7626F747,2090,76BQ736600175,2026-06-30 08:23:09,OIS00014,GNRUCC,3874.48,3794.72
7626F747,2090,76BQ736600176,2026-06-30 08:23:09,OIS00014,GNRUCC,3881.26,3792.86
7626F747,2090,76BQ736600177,2026-06-30 08:23:09,OIS00014,GNRUCC,3868.61,3795.86
7626F747,2090,76BQ736600178,2026-06-30 08:23:09,OIS00014,GNRUCC,3888.85,3802.23
7626F747,2090,76BQ736600179,2026-06-30 08:23:09,OIS00014,GNRUCC,3884.31,3797.38
7626F747,2090,76BQ736600180,2026-06-30 08:23:09,OIS00014,GNRUCC,3882.06,3811.87
7626F747,2090,76BQ736600181,2026-06-30 08:23:09,OIS00014,GNRUCC,3871.28,3807.09
7626F747,2090,76BQ736600182,2026-06-30 08:23:09,OIS00014,GNRUCC,3869.63,3794.13
7626F747,2090,76BQ736600201,2026-06-30 08:23:09,OIS00014,GNRUCC,3884.4,3801.84
7626F747,2090,76BQ736600202,2026-06-30 08:23:09,OIS00014,GNRUCC,3889.37,3806.53
7626F747,2090,76BQ736600203,2026-06-30 08:23:09,OIS00014,GNRUCC,3870.67,3780.85
7626F747,2090,76BQ736600204,2026-06-30 08:23:09,OIS00014,GNRUCC,3862.74,3806.5
7626F747,2090,76BQ736600205,2026-06-30 08:23:09,OIS00014,GNRUCC,3858.48,3783.91
7626F747,2090,76BQ736600206,2026-06-30 08:23:09,OIS00014,GNRUCC,3880.42,3803.33
7626F747,2090,76BQ736600234,2026-06-30 08:23:09,OIS00014,GNRUCC,3881.52,3815.61
7626F747,2090,76BQ736600235,2026-06-30 08:23:09,OIS00014,GNRUCC,3886.57,3799.96
7626F747,2090,76BQ736600236,2026-06-30 08:23:09,OIS00014,GNRUCC,3881.14,3779.22
7626F747,2090,76BQ736600237,2026-06-30 08:23:09,OIS00014,GNRUCC,3869.79,3786.06
7626F747,2090,76BQ736600238,2026-06-30 08:23:09,OIS00014,GNRUCC,3870.93,3773.29
7626F747,2090,76BQ736600239,2026-06-30 08:23:09,OIS00014,GNRUCC,3866.17,3778.19
7626F747,2090,76BQ736600240,2026-06-30 08:23:09,OIS00014,GNRUCC,3858.69,3812.83
7626F747,2090,76BQ736600241,2026-06-30 08:23:09,OIS00014,GNRUCC,3870.58,3798.48
7626F747,2090,76BQ736600242,2026-06-30 08:23:09,OIS00014,GNRUCC,3868.17,3791.7
7626F747,2090,76BQ736600243,2026-06-30 08:23:09,OIS00014,GNRUCC,3874.94,3793.42
7626F747,2090,76BQ736600244,2026-06-30 08:23:09,OIS00014,GNRUCC,3872.95,3782.02
7626F747,2090,76BQ736600245,2026-06-30 08:23:09,OIS00014,GNRUCC,3876.02,3793.75
7626F747,2090,76BQ736600264,2026-06-30 08:23:09,OIS00014,GNRUCC,3852.86,3824.33
7626F747,2090,76BQ736600265,2026-06-30 08:23:09,OIS00014,GNRUCC,3881.6,3813.21
7626F747,2090,76BQ736600266,2026-06-30 08:23:09,OIS00014,GNRUCC,3888.64,3814.33
7626F747,2090,76BQ736600267,2026-06-30 08:23:09,OIS00014,GNRUCC,3862.05,3815.9
7626F747,2090,76BQ736600268,2026-06-30 08:23:09,OIS00014,GNRUCC,3881.73,3809.09
7626F747,2090,76BQ736600269,2026-06-30 08:23:09,OIS00014,GNRUCC,3858.9,3793.23
7626F747,2090,76BQ736600270,2026-06-30 08:23:09,OIS00014,GNRUCC,3871.92,3795.5
7626F747,2090,76BQ736600271,2026-06-30 08:23:09,OIS00014,GNRUCC,3875.39,3788.28
7626F747,2090,76BQ736600272,2026-06-30 08:23:09,OIS00014,GNRUCC,3871.26,3797.88
7626F747,2090,76BQ736600273,2026-06-30 08:23:09,OIS00014,GNRUCC,3891.96,3811.62
7626F747,2090,76BQ736600274,2026-06-30 08:23:09,OIS00014,GNRUCC,3875,3797.55
7626F747,2090,76BQ736600275,2026-06-30 08:23:09,OIS00014,GNRUCC,3878.18,3790.18
7626F747,2090,76BQ736600282,2026-06-30 08:23:09,OIS00014,GNRUCC,3882.45,3823.3
7626F747,2090,76BQ736600283,2026-06-30 08:23:09,OIS00014,GNRUCC,3883.02,3805.73
7626F747,2090,76BQ736600284,2026-06-30 08:23:09,OIS00014,GNRUCC,3875.62,3804.95
7626F747,2090,76BQ736600285,2026-06-30 08:23:09,OIS00014,GNRUCC,3870.59,3798.78
7626F747,2090,76BQ736600286,2026-06-30 08:23:09,OIS00014,GNRUCC,3873.26,3794.22
7626F747,2090,76BQ736600287,2026-06-30 08:23:09,OIS00014,GNRUCC,3877.79,3788.5
7626F747,2090,76BQ736600288,2026-06-30 08:23:09,OIS00014,GNRUCC,3876.18,3803.59
7626F747,2090,76BQ736600289,2026-06-30 08:23:09,OIS00014,GNRUCC,3875.29,3799.6
7626F747,2090,76BQ736600290,2026-06-30 08:23:09,OIS00014,GNRUCC,3879.62,3794.97
7626F747,2090,76BQ736600291,2026-06-30 08:23:09,OIS00014,GNRUCC,3867.71,3805.35
7626F747,2090,76BQ736600292,2026-06-30 08:23:09,OIS00014,GNRUCC,3889.39,3801.95
7626F747,2090,76BQ736600293,2026-06-30 08:23:09,OIS00014,GNRUCC,3878.4,3796.96
7626F747,2090,76BQ736600294,2026-06-30 08:23:09,OIS00014,GNRUCC,3874.33,3801.29
7626F747,2090,76BQ736600295,2026-06-30 08:23:09,OIS00014,GNRUCC,3869.77,3781.86
7626F747,2090,76BQ736600296,2026-06-30 08:23:09,OIS00014,GNRUCC,3881.91,3781.22
7626F747,2090,76BQ736600297,2026-06-30 08:23:09,OIS00014,GNRUCC,3876.75,3789.49
7626F747,2090,76BQ736600298,2026-06-30 08:23:09,OIS00014,GNRUCC,3858.93,3773.17
7626F747,2090,76BQ736600299,2026-06-30 08:23:09,OIS00014,GNRUCC,3883.07,3786.41
7626F747,2090,76BQ736600300,2026-06-30 08:23:09,OIS00014,GNRUCC,3882.38,3797.7
7626F747,2090,76BQ736600301,2026-06-30 08:23:09,OIS00014,GNRUCC,3873.67,3784.14
7626F747,2090,76BQ736600302,2026-06-30 08:23:09,OIS00014,GNRUCC,3868.32,3777.39
7626F747,2090,76BQ736600303,2026-06-30 08:23:09,OIS00014,GNRUCC,3874.89,3803.01
7626F747,2090,76BQ736600304,2026-06-30 08:23:09,OIS00014,GNRUCC,3884.47,3775.4
7626F747,2090,76BQ736600305,2026-06-30 08:23:09,OIS00014,GNRUCC,3890.48,3789.03
7626F747,2090,76BQ736600306,2026-06-30 08:23:09,OIS00014,GNRUCC,3887.07,3810.26
7626F747,2090,76BQ736600307,2026-06-30 08:23:09,OIS00014,GNRUCC,3877.01,3789.18
7626F747,2090,76BQ736600308,2026-06-30 08:23:09,OIS00014,GNRUCC,3876.15,3804.23
7626F747,2090,76BQ736600309,2026-06-30 08:23:09,OIS00014,GNRUCC,3881.1,3806.84
7626F747,2090,76BQ736600310,2026-06-30 08:23:09,OIS00014,GNRUCC,3868.94,3791.71
7626F747,2090,76BQ736600311,2026-06-30 08:23:09,OIS00014,GNRUCC,3883.36,3788.43
7626F747,2090,76BQ736600312,2026-06-30 08:23:09,OIS00014,GNRUCC,3873.19,3786.06
7626F747,2090,76BQ736600313,2026-06-30 08:23:09,OIS00014,GNRUCC,3875.94,3786.31
7626F747,2090,76BQ736600314,2026-06-30 08:23:09,OIS00014,GNRUCC,3883.72,3797.97
7626F747,2090,76BQ736600315,2026-06-30 08:23:09,OIS00014,GNRUCC,3874.55,3797.76
7626F747,2090,76BQ736600316,2026-06-30 08:23:09,OIS00014,GNRUCC,3874.11,3807.71
7626F747,2090,76BQ736600317,2026-06-30 08:23:09,OIS00014,GNRUCC,3869.38,3796.43
7626F747,2090,76BQ736600360,2026-06-30 08:23:09,OIS00014,GNRUCC,3870.41,3804.52
7626F747,2090,76BQ736600361,2026-06-30 08:23:09,OIS00014,GNRUCC,3882.45,3792.18
7626F747,2090,76BQ736600362,2026-06-30 08:23:09,OIS00014,GNRUCC,3887.54,3796.71
7626F747,2090,76BQ736600363,2026-06-30 08:23:09,OIS00014,GNRUCC,3867.75,3808.48
7626F747,2090,76BQ736600364,2026-06-30 08:23:09,OIS00014,GNRUCC,3878.91,3792.93
7626F747,2090,76BQ736600365,2026-06-30 08:23:09,OIS00014,GNRUCC,3872.69,3789.11
7626F747,2090,76MJ787700001,2026-06-30 08:23:09,OIS00014,GNRUCC,3892.84,3808.98
7626F747,2090,76MJ787700002,2026-06-30 08:23:09,OIS00014,GNRUCC,3888.27,3806.59
7626F747,2090,76MJ787700003,2026-06-30 08:23:09,OIS00014,GNRUCC,3871.77,3801.82
7626F747,2090,76MJ787700004,2026-06-30 08:23:09,OIS00014,GNRUCC,3888.49,3806.75
7626F747,2090,76MJ787700005,2026-06-30 08:23:09,OIS00014,GNRUCC,3901.7,3795.25
7626F747,2090,76MJ787700006,2026-06-30 08:23:09,OIS00014,GNRUCC,3889.84,3790.63
7626F747,2090,76MJ787700007,2026-06-30 08:23:09,OIS00014,GNRUCC,3870.19,3819.22
7626F747,2090,76MJ787700008,2026-06-30 08:23:09,OIS00014,GNRUCC,3876.17,3794.92
7626F747,2090,76MJ787700009,2026-06-30 08:23:09,OIS00014,GNRUCC,3881.62,3800.22
7626F747,2090,76MJ787700010,2026-06-30 08:23:09,OIS00014,GNRUCC,3866.93,3787.13
7626F747,2090,76MJ787700011,2026-06-30 08:23:09,OIS00014,GNRUCC,3877.57,3783.34
7626F747,2090,76MJ787700012,2026-06-30 08:23:09,OIS00014,GNRUCC,3856.46,3782.96
7626F747,2090,76MJ787700013,2026-06-30 08:23:09,OIS00014,GNRUCC,3862.86,3796.43
7626F747,2090,76MJ787700014,2026-06-30 08:23:09,OIS00014,GNRUCC,3885.65,3803.27
7626F747,2090,76MJ787700015,2026-06-30 08:23:09,OIS00014,GNRUCC,3865.88,3783.84
7626F747,2090,76MJ787700016,2026-06-30 08:23:09,OIS00014,GNRUCC,3876.71,3786.92
7626F747,2090,76MJ787700017,2026-06-30 08:23:09,OIS00014,GNRUCC,3871.81,3781.27
7626F747,2090,76MJ787700018,2026-06-30 08:23:09,OIS00014,GNRUCC,3867.09,3765.58
7626F747,2090,76MJ787700019,2026-06-30 08:23:09,OIS00014,GNRUCC,3863.4,3790.4
7626F747,2090,76MJ787700020,2026-06-30 08:23:09,OIS00014,GNRUCC,3868.93,3781.59
7626F747,2090,76MJ787700021,2026-06-30 08:23:09,OIS00014,GNRUCC,3861.03,3767.39
7626F747,2090,76MJ787700022,2026-06-30 08:23:09,OIS00014,GNRUCC,3881.55,3798.46
7626F747,2090,76MJ787700023,2026-06-30 08:23:09,OIS00014,GNRUCC,3872.6,3781.2
7626F747,2090,76MJ787700024,2026-06-30 08:23:09,OIS00014,GNRUCC,3876.56,3798.4
7626F747,2090,76MJ787700025,2026-06-30 08:23:09,OIS00014,GNRUCC,3893.69,3819
7626F747,2090,76MJ787700026,2026-06-30 08:23:09,OIS00014,GNRUCC,3885.06,3807.03
7626F747,2090,76MJ787700027,2026-06-30 08:23:09,OIS00014,GNRUCC,3892.23,3794.67
7626F747,2090,76MJ787700028,2026-06-30 08:23:09,OIS00014,GNRUCC,3870.96,3818.39
7626F747,2090,76MJ787700029,2026-06-30 08:23:09,OIS00014,GNRUCC,3874.85,3795.36
7626F747,2090,76MJ787700030,2026-06-30 08:23:09,OIS00014,GNRUCC,3889.24,3793.4
7626F747,2090,76MJ787700031,2026-06-30 08:23:09,OIS00014,GNRUCC,3863.45,3786.44
7626F747,2090,76MJ787700032,2026-06-30 08:23:09,OIS00014,GNRUCC,3870.74,3800.03
7626F747,2090,76MJ787700033,2026-06-30 08:23:09,OIS00014,GNRUCC,3876.59,3792.51
7626F747,2090,76MJ787700034,2026-06-30 08:23:09,OIS00014,GNRUCC,3876.17,3777.22
7626F747,2090,76MJ787700035,2026-06-30 08:23:09,OIS00014,GNRUCC,3862,3766.81
7626F747,2090,76MJ787700036,2026-06-30 08:23:09,OIS00014,GNRUCC,3858.59,3768.44
7626F747,2090,76MJ787700037,2026-06-30 08:23:09,OIS00014,GNRUCC,3861.5,3774.98
7626F747,2090,76MJ787700038,2026-06-30 08:23:09,OIS00014,GNRUCC,3862.41,3790.82
7626F747,2090,76MJ787700039,2026-06-30 08:23:09,OIS00014,GNRUCC,3863.78,3780.44
7626F747,2090,76MJ787700040,2026-06-30 08:23:09,OIS00014,GNRUCC,3862.48,3784.52
7626F747,2090,76MJ787700041,2026-06-30 08:23:09,OIS00014,GNRUCC,3861.59,3770.98
7626F747,2090,76MJ787700042,2026-06-30 08:23:09,OIS00014,GNRUCC,3858.45,3767.55
7626F747,2090,76MJ787700043,2026-06-30 08:23:09,OIS00014,GNRUCC,3862.31,3791.07
7626F747,2090,76MJ787700044,2026-06-30 08:23:09,OIS00014,GNRUCC,3887.98,3782.6
7626F747,2090,76MJ787700045,2026-06-30 08:23:09,OIS00014,GNRUCC,3872.34,3780.08
7626F747,2090,76MJ787700046,2026-06-30 08:23:09,OIS00014,GNRUCC,3875.66,3809.9
7626F747,2090,76MJ787700047,2026-06-30 08:23:09,OIS00014,GNRUCC,3868.7,3790.56
7626F747,2090,76MJ787700048,2026-06-30 08:23:09,OIS00014,GNRUCC,3880.79,3786.92
7626F747,2090,76MJ787700049,2026-06-30 08:23:09,OIS00014,GNRUCC,3857.27,3804.4
7626F747,2090,76MJ787700050,2026-06-30 08:23:09,OIS00014,GNRUCC,3858.65,3789.33
7626F747,2090,76MJ787700051,2026-06-30 08:23:09,OIS00014,GNRUCC,3884.68,3802.97
7626F747,2090,76MJ787700052,2026-06-30 08:23:09,OIS00014,GNRUCC,3867.47,3791.89
7626F747,2090,76MJ787700053,2026-06-30 08:23:09,OIS00014,GNRUCC,3895.5,3786.55
7626F747,2090,76MJ787700054,2026-06-30 08:23:09,OIS00014,GNRUCC,3885.81,3783.45
7626F747,2090,76MJ787700055,2026-06-30 08:23:09,OIS00014,GNRUCC,3870.15,3781.83
7626F747,2090,76MJ787700056,2026-06-30 08:23:09,OIS00014,GNRUCC,3873.94,3783.4
7626F747,2090,76MJ787700057,2026-06-30 08:23:09,OIS00014,GNRUCC,3888.4,3785.47
7626F747,2090,76MJ787700058,2026-06-30 08:23:09,OIS00014,GNRUCC,3874.55,3804.39
7626F747,2090,76MJ787700059,2026-06-30 08:23:09,OIS00014,GNRUCC,3877.89,3783.01
7626F747,2090,76MJ787700060,2026-06-30 08:23:09,OIS00014,GNRUCC,3875.3,3789.38
7626F747,2090,76MJ787700061,2026-06-30 08:23:09,OIS00014,GNRUCC,3874.87,3786.14
7626F747,2090,76MJ787700062,2026-06-30 08:23:09,OIS00014,GNRUCC,3872.9,3785.45
7626F747,2090,76MJ787700063,2026-06-30 08:23:09,OIS00014,GNRUCC,3878.49,3788.7
7626F747,2090,76MJ787700064,2026-06-30 08:23:09,OIS00014,GNRUCC,3868.53,3773.07
7626F747,2090,76MJ787700065,2026-06-30 08:23:09,OIS00014,GNRUCC,3870.95,3791.84
7626F747,2090,76MJ787700066,2026-06-30 08:23:09,OIS00014,GNRUCC,3869.4,3790.64
7626F747,2090,76MJ787700067,2026-06-30 08:23:09,OIS00014,GNRUCC,3883.78,3815.5
7626F747,2090,76MJ787700068,2026-06-30 08:23:09,OIS00014,GNRUCC,3879.06,3799.18
7626F747,2090,76MJ787700069,2026-06-30 08:23:09,OIS00014,GNRUCC,3869.52,3790.88
7626F747,2090,76MJ787700070,2026-06-30 08:23:09,OIS00014,GNRUCC,3880.88,3786.98
7626F747,2090,76MJ787700071,2026-06-30 08:23:09,OIS00014,GNRUCC,3880.88,3781.95
7626F747,2090,76MJ787700072,2026-06-30 08:23:09,OIS00014,GNRUCC,3877.7,3784.03
7626F747,2090,76MJ787700073,2026-06-30 08:23:09,OIS00014,GNRUCC,3883.78,3808.45
7626F747,2090,76MJ787700074,2026-06-30 08:23:09,OIS00014,GNRUCC,3882.15,3795.21
7626F747,2090,76MJ787700075,2026-06-30 08:23:09,OIS00014,GNRUCC,3881.8,3788.6
7626F747,2090,76MJ787700076,2026-06-30 08:23:09,OIS00014,GNRUCC,3878.7,3803.38
7626F747,2090,76MJ787700077,2026-06-30 08:23:09,OIS00014,GNRUCC,3887,3788.93
7626F747,2090,76MJ787700078,2026-06-30 08:23:09,OIS00014,GNRUCC,3867.29,3774.54
7626F747,2090,76MJ787700079,2026-06-30 08:23:09,OIS00014,GNRUCC,3881.69,3810.39
7626F747,2090,76MJ787700080,2026-06-30 08:23:09,OIS00014,GNRUCC,3868.28,3790.98
7626F747,2090,76MJ787700081,2026-06-30 08:23:09,OIS00014,GNRUCC,3878.31,3781.71
7626F747,2090,76MJ787700082,2026-06-30 08:23:09,OIS00014,GNRUCC,3870.01,3788.79
7626F747,2090,76MJ787700083,2026-06-30 08:23:09,OIS00014,GNRUCC,3879.87,3801.94
7626F747,2090,76MJ787700084,2026-06-30 08:23:09,OIS00014,GNRUCC,3870.56,3774.66
7626F747,2090,76MJ787700085,2026-06-30 08:23:09,OIS00014,GNRUCC,3882.59,3810.32
7626F747,2090,76MJ787700086,2026-06-30 08:23:09,OIS00014,GNRUCC,3891.3,3803.85
7626F747,2090,76MJ787700087,2026-06-30 08:23:09,OIS00014,GNRUCC,3884.87,3780.33
7626F747,2090,76MJ787700088,2026-06-30 08:23:09,OIS00014,GNRUCC,3879.14,3803.83
7626F747,2090,76MJ787700089,2026-06-30 08:23:09,OIS00014,GNRUCC,3887.93,3797.91
7626F747,2090,76MJ787700090,2026-06-30 08:23:09,OIS00014,GNRUCC,3873.74,3788.76
7626F747,2090,76MJ787700091,2026-06-30 08:23:09,OIS00014,GNRUCC,3874.67,3815.71
7626F747,2090,76MJ787700092,2026-06-30 08:23:09,OIS00014,GNRUCC,3880.43,3805.38
7626F747,2090,76MJ787700093,2026-06-30 08:23:09,OIS00014,GNRUCC,3868.25,3787.35
7626F747,2090,76MJ787700094,2026-06-30 08:23:09,OIS00014,GNRUCC,3887.03,3819.57
7626F747,2090,76MJ787700095,2026-06-30 08:23:09,OIS00014,GNRUCC,3860.14,3788.86
7626F747,2090,76MJ787700096,2026-06-30 08:23:09,OIS00014,GNRUCC,3877.26,3782
7626F747,2090,76MJ787700097,2026-06-30 08:23:09,OIS00014,GNRUCC,3881.59,3808.8
7626F747,2090,76MJ787700098,2026-06-30 08:23:09,OIS00014,GNRUCC,3879.56,3799.56
7626F747,2090,76MJ787700099,2026-06-30 08:23:09,OIS00014,GNRUCC,3881.64,3798.1
7626F747,2090,76MJ787700100,2026-06-30 08:23:09,OIS00014,GNRUCC,3870.96,3798.53
7626F747,2090,76MJ787700101,2026-06-30 08:23:09,OIS00014,GNRUCC,3894.55,3805.57
7626F747,2090,76MJ787700102,2026-06-30 08:23:09,OIS00014,GNRUCC,3891.71,3793.1
7626F747,2090,76MJ787700103,2026-06-30 08:23:09,OIS00014,GNRUCC,3889.03,3821.18
7626F747,2090,76MJ787700104,2026-06-30 08:23:09,OIS00014,GNRUCC,3875.83,3792.46
7626F747,2090,76MJ787700105,2026-06-30 08:23:09,OIS00014,GNRUCC,3885.12,3800.28
7626F747,2090,76MJ787700106,2026-06-30 08:23:09,OIS00014,GNRUCC,3881.47,3823.34
7626F747,2090,76MJ787700107,2026-06-30 08:23:09,OIS00014,GNRUCC,3887.44,3804.08
7626F747,2090,76MJ787700108,2026-06-30 08:23:09,OIS00014,GNRUCC,3886.52,3799.98
7626F747,2090,76MJ787700109,2026-06-30 08:23:09,OIS00014,GNRUCC,3876.23,3805.76
7626F747,2090,76MJ787700110,2026-06-30 08:23:09,OIS00014,GNRUCC,3871.16,3796.97
7626F747,2090,76MJ787700111,2026-06-30 08:23:09,OIS00014,GNRUCC,3858.94,3778.61
7626F747,2090,76MJ787700112,2026-06-30 08:23:09,OIS00014,GNRUCC,3867.68,3819.28
7626F747,2090,76MJ787700113,2026-06-30 08:23:09,OIS00014,GNRUCC,3879.25,3800.11
7626F747,2090,76MJ787700114,2026-06-30 08:23:09,OIS00014,GNRUCC,3882.25,3798.67
7626F747,2090,76MJ787700115,2026-06-30 08:23:09,OIS00014,GNRUCC,3873.5,3788.04
7626F747,2090,76MJ787700116,2026-06-30 08:23:09,OIS00014,GNRUCC,3887.06,3791.6
7626F747,2090,76MJ787700117,2026-06-30 08:23:09,OIS00014,GNRUCC,3884.37,3791.18
7626F747,2090,76MJ787700118,2026-06-30 08:23:09,OIS00014,GNRUCC,3883.48,3820.89
7626F747,2090,76MJ787700119,2026-06-30 08:23:09,OIS00014,GNRUCC,3886.85,3804.22
7626F747,2090,76MJ787700120,2026-06-30 08:23:09,OIS00014,GNRUCC,3876.28,3807.2
7626F747,2090,76MJ787700121,2026-06-30 08:23:09,OIS00014,GNRUCC,3872.97,3794.94
7626F747,2090,76MJ787700122,2026-06-30 08:23:09,OIS00014,GNRUCC,3875.96,3802.46
7626F747,2090,76MJ787700123,2026-06-30 08:23:09,OIS00014,GNRUCC,3875.7,3788.43
7626F747,2090,76MJ787700124,2026-06-30 08:23:09,OIS00014,GNRUCC,3877.87,3790.14
7626F747,2090,76MJ787700125,2026-06-30 08:23:09,OIS00014,GNRUCC,3878.22,3789.67
7626F747,2090,76MJ787700126,2026-06-30 08:23:09,OIS00014,GNRUCC,3871.93,3789.37
7626F747,2090,76MJ787700127,2026-06-30 08:23:09,OIS00014,GNRUCC,3883.99,3805.59
7626F747,2090,76MJ787700128,2026-06-30 08:23:09,OIS00014,GNRUCC,3880.09,3804.01
7626F747,2090,76MJ787700129,2026-06-30 08:23:09,OIS00014,GNRUCC,3873.64,3787.12
7626F747,2090,76MJ787700130,2026-06-30 08:23:09,OIS00014,GNRUCC,3883.35,3809.54
7626F747,2090,76MJ787700131,2026-06-30 08:23:09,OIS00014,GNRUCC,3886.47,3798.08
7626F747,2090,76MJ787700132,2026-06-30 08:23:09,OIS00014,GNRUCC,3879.91,3782.46
7626F747,2090,76MJ787700133,2026-06-30 08:23:09,OIS00014,GNRUCC,3870.92,3825.27
7626F747,2090,76MJ787700134,2026-06-30 08:23:09,OIS00014,GNRUCC,3882.99,3806.65
7626F747,2090,76MJ787700135,2026-06-30 08:23:09,OIS00014,GNRUCC,3891.11,3811.7
7626F747,2090,76MJ787700136,2026-06-30 08:23:09,OIS00014,GNRUCC,3879.75,3805.45
7626F747,2090,76MJ787700137,2026-06-30 08:23:09,OIS00014,GNRUCC,3886.04,3801.51
7626F747,2090,76MJ787700138,2026-06-30 08:23:09,OIS00014,GNRUCC,3883.64,3799.38
7626F747,2090,76MJ787700139,2026-06-30 08:23:09,OIS00014,GNRUCC,3870.98,3819.38
7626F747,2090,76MJ787700140,2026-06-30 08:23:09,OIS00014,GNRUCC,3881.84,3800.71
7626F747,2090,76MJ787700141,2026-06-30 08:23:09,OIS00014,GNRUCC,3883.38,3803.21
7626F747,2090,76MJ787700142,2026-06-30 08:23:09,OIS00014,GNRUCC,3897.83,3793.97
7626F747,2090,76MJ787700143,2026-06-30 08:23:09,OIS00014,GNRUCC,3883.66,3802.54
7626F747,2090,76MJ787700144,2026-06-30 08:23:09,OIS00014,GNRUCC,3882.98,3791.02
7626F747,2090,76MJ787700145,2026-06-30 08:23:09,OIS00014,GNRUCC,3884.71,3809.16
7626F747,2090,76MJ787700146,2026-06-30 08:23:09,OIS00014,GNRUCC,3886.04,3807
7626F747,2090,76MJ787700147,2026-06-30 08:23:09,OIS00014,GNRUCC,3871.97,3779.56
7626F747,2090,76MJ787700148,2026-06-30 08:23:09,OIS00014,GNRUCC,3881.11,3812.69
7626F747,2090,76MJ787700149,2026-06-30 08:23:09,OIS00014,GNRUCC,3877.46,3789.12
7626F747,2090,76MJ787700150,2026-06-30 08:23:09,OIS00014,GNRUCC,3875.12,3780.71
7626F747,2090,76MJ787700151,2026-06-30 08:23:09,OIS00014,GNRUCC,3879.49,3783.65
7626F747,2090,76MJ787700152,2026-06-30 08:23:09,OIS00014,GNRUCC,3875,3799.5
7626F747,2090,76MJ787700153,2026-06-30 08:23:09,OIS00014,GNRUCC,3865.42,3788.23
7626F747,2090,76MJ787700154,2026-06-30 08:23:09,OIS00014,GNRUCC,3874.99,3798.08
7626F747,2090,76MJ787700155,2026-06-30 08:23:09,OIS00014,GNRUCC,3890.48,3779.74
7626F747,2090,76MJ787700156,2026-06-30 08:23:09,OIS00014,GNRUCC,3857.38,3779.83
7626F747,2090,76MJ787700157,2026-06-30 08:23:09,OIS00014,GNRUCC,3884.39,3819.23
7626F747,2090,76MJ787700158,2026-06-30 08:23:09,OIS00014,GNRUCC,3889.37,3798.05
7626F747,2090,76MJ787700159,2026-06-30 08:23:09,OIS00014,GNRUCC,3887.32,3797.22
7626F747,2090,76MJ787700160,2026-06-30 08:23:09,OIS00014,GNRUCC,3882.08,3818.36
7626F747,2090,76MJ787700161,2026-06-30 08:23:09,OIS00014,GNRUCC,3869.91,3804.3
7626F747,2090,76MJ787700162,2026-06-30 08:23:09,OIS00014,GNRUCC,3876.8,3800.74
7626F747,2090,76MJ787700163,2026-06-30 08:23:09,OIS00014,GNRUCC,3864.99,3806.87
7626F747,2090,76MJ787700164,2026-06-30 08:23:09,OIS00014,GNRUCC,3868.51,3796.14
7626F747,2090,76MJ787700165,2026-06-30 08:23:09,OIS00014,GNRUCC,3864.59,3791.33
7626F747,2090,76MJ787700166,2026-06-30 08:23:09,OIS00014,GNRUCC,3878.43,3792.88
7626F747,2090,76MJ787700167,2026-06-30 08:23:09,OIS00014,GNRUCC,3886.44,3786.15
7626F747,2090,76MJ787700168,2026-06-30 08:23:09,OIS00014,GNRUCC,3878.61,3784.22
7626F747,2090,76MJ787700214,2026-06-30 08:23:09,OIS00014,GNRUCC,3883.31,3784.56
7626F747,2090,76MJ787700215,2026-06-30 08:23:09,OIS00014,GNRUCC,3877,3776.46
7626F747,2090,76MJ787700216,2026-06-30 08:23:09,OIS00014,GNRUCC,3891.26,3787.98
7626F747,2090,76MJ787700217,2026-06-30 08:23:09,OIS00014,GNRUCC,3878.74,3803.01
7626F747,2090,76MJ787700218,2026-06-30 08:23:09,OIS00014,GNRUCC,3880.6,3797.22
7626F747,2090,76MJ787700219,2026-06-30 08:23:09,OIS00014,GNRUCC,3871.86,3797.07
7626F747,2090,76MJ787700220,2026-06-30 08:23:09,OIS00014,GNRUCC,3876.75,3809.28
7626F747,2090,76MJ787700221,2026-06-30 08:23:09,OIS00014,GNRUCC,3875.23,3804.17
7626F747,2090,76MJ787700222,2026-06-30 08:23:09,OIS00014,GNRUCC,3884.43,3795.61
7626F747,2090,76MJ787700223,2026-06-30 08:23:09,OIS00014,GNRUCC,3878.27,3815.75
7626F747,2090,76MJ787700224,2026-06-30 08:23:09,OIS00014,GNRUCC,3874.44,3793.14
7626F747,2090,76MJ787700225,2026-06-30 08:23:09,OIS00014,GNRUCC,3879.22,3808.79
7626F747,2090,76MJ787700235,2026-06-30 08:23:09,OIS00014,GNRUCC,3876.23,3814.87
7626F747,2090,76MJ787700236,2026-06-30 08:23:09,OIS00014,GNRUCC,3898.92,3806.88
7626F747,2090,76MJ787700237,2026-06-30 08:23:09,OIS00014,GNRUCC,3886.47,3799.27
7626F747,2090,76MJ787700238,2026-06-30 08:23:09,OIS00014,GNRUCC,3875.99,3816.65
7626F747,2090,76MJ787700239,2026-06-30 08:23:09,OIS00014,GNRUCC,3887.57,3805.84
7626F747,2090,76MJ787700240,2026-06-30 08:23:09,OIS00014,GNRUCC,3881.33,3799.14
7626F747,2090,76MJ787700241,2026-06-30 08:23:09,OIS00014,GNRUCC,3883.35,3818.94
7626F747,2090,76MJ787700242,2026-06-30 08:23:09,OIS00014,GNRUCC,3879.13,3800.04
7626F747,2090,76MJ787700243,2026-06-30 08:23:09,OIS00014,GNRUCC,3876.86,3802.09
7626F747,2090,76MJ787700244,2026-06-30 08:23:09,OIS00014,GNRUCC,3876.51,3823.32
7626F747,2090,76MJ787700245,2026-06-30 08:23:09,OIS00014,GNRUCC,3895.79,3800.56
7626F747,2090,76MJ787700246,2026-06-30 08:23:09,OIS00014,GNRUCC,3879.63,3808.2
7626F747,2090,76MJ787700247,2026-06-30 08:23:09,OIS00014,GNRUCC,3886.56,3797.47
7626F747,2090,76MJ787700248,2026-06-30 08:23:09,OIS00014,GNRUCC,3862.55,3780.16
7626F747,2090,76MJ787700249,2026-06-30 08:23:09,OIS00014,GNRUCC,3862.78,3779.25
7626F747,2090,76MJ787700250,2026-06-30 08:23:09,OIS00014,GNRUCC,3890.9,3800.2
7626F747,2090,76MJ787700251,2026-06-30 08:23:09,OIS00014,GNRUCC,3895.97,3792.62
7626F747,2090,76MJ787700252,2026-06-30 08:23:09,OIS00014,GNRUCC,3873.65,3799.08
7626F747,2090,76MJ787700253,2026-06-30 08:23:09,OIS00014,GNRUCC,3883.05,3800.38
7626F747,2090,76MJ787700254,2026-06-30 08:23:09,OIS00014,GNRUCC,3897.79,3801.12
7626F747,2090,76MJ787700255,2026-06-30 08:23:09,OIS00014,GNRUCC,3882.91,3791.7
7626F747,2090,76MJ787700256,2026-06-30 08:23:09,OIS00014,GNRUCC,3871.75,3798.15
7626F747,2090,76MJ787700257,2026-06-30 08:23:09,OIS00014,GNRUCC,3874.63,3791.05
7626F747,2090,76MJ787700258,2026-06-30 08:23:09,OIS00014,GNRUCC,3887.97,3796.09
7626F747,2090,76MJ787700268,2026-06-30 08:23:09,OIS00014,GNRUCC,3869.67,3803.56
7626F747,2090,76MJ787700269,2026-06-30 08:23:09,OIS00014,GNRUCC,3884.83,3785.5
7626F747,2090,76MJ787700270,2026-06-30 08:23:09,OIS00014,GNRUCC,3895.23,3797.79
7626F747,2090,76MJ787700271,2026-06-30 08:23:09,OIS00014,GNRUCC,3860.02,3780.1
7626F747,2090,76MJ787700272,2026-06-30 08:23:09,OIS00014,GNRUCC,3868.29,3795.61
7626F747,2090,76MJ787700273,2026-06-30 08:23:09,OIS00014,GNRUCC,3859.52,3792.41
7626F747,2090,76MJ787700274,2026-06-30 08:23:09,OIS00014,GNRUCC,3869.13,3783.38
7626F747,2090,76MJ787700275,2026-06-30 08:23:09,OIS00014,GNRUCC,3880.23,3785.72
7626F747,2090,76MJ787700276,2026-06-30 08:23:09,OIS00014,GNRUCC,3872.57,3802.85
7626F747,2090,76MJ787700277,2026-06-30 08:23:09,OIS00014,GNRUCC,3872.15,3802.43
7626F747,2090,76MJ787700278,2026-06-30 08:23:09,OIS00014,GNRUCC,3887.29,3784.58
7626F747,2090,76MJ787700279,2026-06-30 08:23:09,OIS00014,GNRUCC,3867.76,3783
7626F747,2090,76MJ787700280,2026-06-30 08:23:09,OIS00014,GNRUCC,3872.25,3797.61
7626F747,2090,76MJ787700281,2026-06-30 08:23:09,OIS00014,GNRUCC,3874.6,3796.98
7626F747,2090,76MJ787700282,2026-06-30 08:23:09,OIS00014,GNRUCC,3886.31,3786.54
7626F747,2090,76MJ787700283,2026-06-30 08:23:09,OIS00014,GNRUCC,3856.79,3798.66
7626F747,2090,76MJ787700284,2026-06-30 08:23:09,OIS00014,GNRUCC,3870.68,3790.17
7626F747,2090,76MJ787700285,2026-06-30 08:23:09,OIS00014,GNRUCC,3887.24,3800.33
7626F747,2090,76MJ787700286,2026-06-30 08:23:09,OIS00014,GNRUCC,3876.67,3810.7
7626F747,2090,76MJ787700287,2026-06-30 08:23:09,OIS00014,GNRUCC,3887.31,3794.43
7626F747,2090,76MJ787700288,2026-06-30 08:23:09,OIS00014,GNRUCC,3890.27,3797.03
7626F747,2090,76MJ787700289,2026-06-30 08:23:09,OIS00014,GNRUCC,3879.41,3802.73
7626F747,2090,76MJ787700290,2026-06-30 08:23:09,OIS00014,GNRUCC,3871.68,3790.18
7626F747,2090,76MJ787700291,2026-06-30 08:23:09,OIS00014,GNRUCC,3869.51,3773.61
7626F747,2090,76MJ787700292,2026-06-30 08:23:09,OIS00014,GNRUCC,3877.87,3793.42
7626F747,2090,76MJ787700293,2026-06-30 08:23:09,OIS00014,GNRUCC,3866.53,3784.68
7626F747,2090,76MJ787700294,2026-06-30 08:23:09,OIS00014,GNRUCC,3885.43,3794.28
7626F747,2090,76MJ787700295,2026-06-30 08:23:09,OIS00014,GNRUCC,3873.1,3815.04
7626F747,2090,76MJ787700296,2026-06-30 08:23:09,OIS00014,GNRUCC,3870.12,3782.14
7626F747,2090,76MJ787700297,2026-06-30 08:23:09,OIS00014,GNRUCC,3890.22,3803.15
7626F747,2090,76MJ787700298,2026-06-30 08:23:09,OIS00014,GNRUCC,3881.66,3808.37
7626F747,2090,76MJ787700299,2026-06-30 08:23:09,OIS00014,GNRUCC,3886.39,3808.4
7626F747,2090,76MJ787700300,2026-06-30 08:23:09,OIS00014,GNRUCC,3893.7,3790.94
7626F747,2090,76MJ787700334,2026-06-30 08:23:09,OIS00014,GNRUCC,3884.6,3809.48
7626F747,2090,76MJ787700335,2026-06-30 08:23:09,OIS00014,GNRUCC,3892.57,3807.72
7626F747,2090,76MJ787700336,2026-06-30 08:23:09,OIS00014,GNRUCC,3896.3,3803.43
7626F747,2090,76MJ787700400,2026-06-30 08:23:09,OIS00014,GNRUCC,3878.97,3811.74
7626F747,2090,76MJ787700401,2026-06-30 08:23:09,OIS00014,GNRUCC,3878.58,3795.73
7626F747,2090,76MJ787700402,2026-06-30 08:23:09,OIS00014,GNRUCC,3875.88,3799.93
7626F747,2090,76MJ787700403,2026-06-30 08:23:09,OIS00014,GNRUCC,3880.01,3798.87
7626F747,2090,76MJ787700404,2026-06-30 08:23:09,OIS00014,GNRUCC,3878.71,3787.39
7626F747,2090,76MJ787700405,2026-06-30 08:23:09,OIS00014,GNRUCC,3893.75,3788.16
7626F747,2090,76MJ787700406,2026-06-30 08:23:09,OIS00014,GNRUCC,3878.05,3821.38
7626F747,2090,76MJ787700407,2026-06-30 08:23:09,OIS00014,GNRUCC,3864.16,3787.62
7626F747,2090,76MJ787700408,2026-06-30 08:23:09,OIS00014,GNRUCC,3889.76,3790.76
7626F747,2090,76MJ787700409,2026-06-30 08:23:09,OIS00014,GNRUCC,3875.31,3826.04
7626F747,2090,76MJ787700410,2026-06-30 08:23:09,OIS00014,GNRUCC,3887.94,3807.24
7626F747,2090,76MJ787700411,2026-06-30 08:23:09,OIS00014,GNRUCC,3874.74,3803.2
7626F747,2090,76MJ787700412,2026-06-30 08:23:09,OIS00014,GNRUCC,3877.66,3817.73
7626F747,2090,76MJ787700413,2026-06-30 08:23:09,OIS00014,GNRUCC,3890.16,3789.72
7626F747,2090,76MJ787700414,2026-06-30 08:23:09,OIS00014,GNRUCC,3854.12,3786.88
7627D332,2090,76TT625300361,2026-06-30 06:14:31,OIS00013,GNRHCC,5211.08,5130.35
7627D332,2090,76TT625300362,2026-06-30 06:14:31,OIS00013,GNRHCC,5201.26,5138.94
7627D332,2090,76TT625300364,2026-06-30 06:14:31,OIS00013,GNRHCC,5182.63,5102.89
7627D332,2090,76TT625300365,2026-06-30 06:14:31,OIS00013,GNRHCC,5165.4,5123.07
7627D332,2090,76TT625300366,2026-06-30 06:14:31,OIS00013,GNRHCC,5194.58,5118.43
7627D332,2090,76TT625300367,2026-06-30 06:14:31,OIS00013,GNRHCC,5179.33,5140.94
7627D332,2090,76TT625300368,2026-06-30 06:14:31,OIS00013,GNRHCC,5159.96,5120.72
7627D332,2090,76TT625300441,2026-06-30 06:14:31,OIS00013,GNRHCC,5171.79,5108.32
7627D332,2090,76TT625300442,2026-06-30 06:14:31,OIS00013,GNRHCC,5179.24,5127.67
7627D332,2090,76TT625300443,2026-06-30 06:14:31,OIS00013,GNRHCC,5194.14,5146.77
7627D332,2090,76TT625300444,2026-06-30 06:14:31,OIS00013,GNRHCC,5194.37,5136.54
7627D332,2090,76TT625300445,2026-06-30 06:14:31,OIS00013,GNRHCC,5183.42,5124.29
7627D332,2090,76TT625300446,2026-06-30 06:14:31,OIS00013,GNRHCC,5185.86,5132.38
7627D332,2090,76TT625300447,2026-06-30 06:14:31,OIS00013,GNRHCC,5204.22,5139.3
7627D332,2090,76TT625300448,2026-06-30 06:14:31,OIS00013,GNRHCC,5184.02,5124.91
7627D332,2090,76TT625300449,2026-06-30 06:14:31,OIS00013,GNRHCC,5186.38,5144.55
7627D332,2090,76TT625300450,2026-06-30 06:14:31,OIS00013,GNRHCC,5203.86,5132.43
7627D332,2090,76TT625300451,2026-06-30 06:14:31,OIS00013,GNRHCC,5193.16,5136.16
7627D332,2090,76TT625300452,2026-06-30 06:14:31,OIS00013,GNRHCC,5188.66,5130.77
7627D332,2090,76TT625300453,2026-06-30 06:14:31,OIS00013,GNRHCC,5185.94,5118.89
7627D332,2090,76TT625300454,2026-06-30 06:14:31,OIS00013,GNRHCC,5184.33,5150.58
7627D332,2090,76TT625300455,2026-06-30 06:14:31,OIS00013,GNRHCC,5193.43,5133.52
7627D332,2090,76TT625300456,2026-06-30 06:14:31,OIS00013,GNRHCC,5199.02,5134.65
7627D332,2090,76TT625300457,2026-06-30 06:14:31,OIS00013,GNRHCC,5165.63,5149.16
7627D332,2090,76TT625300458,2026-06-30 06:14:31,OIS00013,GNRHCC,5193.65,5160.88
7627D332,2090,76TT625300459,2026-06-30 06:14:31,OIS00013,GNRHCC,5201.84,5124
7627D332,2090,76TT625300460,2026-06-30 06:14:31,OIS00013,GNRHCC,5196.78,5120.5
7627D332,2090,76TT625300481,2026-06-30 06:14:31,OIS00013,GNRHCC,5199.22,5131.9
7627D332,2090,76TT625300482,2026-06-30 06:14:31,OIS00013,GNRHCC,5199.92,5147.21
7627D332,2090,76TT625300483,2026-06-30 06:14:31,OIS00013,GNRHCC,5190.02,5155
7627D332,2090,76TT625300484,2026-06-30 06:14:31,OIS00013,GNRHCC,5176.05,5138.86
7627D332,2090,76TT625300485,2026-06-30 06:14:31,OIS00013,GNRHCC,5193.98,5129.32
7627D332,2090,76TT625300486,2026-06-30 06:14:31,OIS00013,GNRHCC,5196.61,5139.08
7627D332,2090,76TT625300487,2026-06-30 06:14:31,OIS00013,GNRHCC,5186.3,5130.17
7627D332,2090,76TT625300488,2026-06-30 06:14:31,OIS00013,GNRHCC,5179.94,5138.86
7627D332,2090,76TT625300489,2026-06-30 06:14:31,OIS00013,GNRHCC,5195.21,5133.53
7627D332,2090,76TT625300490,2026-06-30 06:14:31,OIS00013,GNRHCC,5175.39,5134.7
7627D332,2090,76TT625300491,2026-06-30 06:14:31,OIS00013,GNRHCC,5189.07,5120.94
7627D332,2090,76TT625300492,2026-06-30 06:14:31,OIS00013,GNRHCC,5189.8,5135.46
7627D332,2090,76TT625300493,2026-06-30 06:14:31,OIS00013,GNRHCC,5195.44,5134.42
7627D332,2090,76TT625300494,2026-06-30 06:14:31,OIS00013,GNRHCC,5175.59,5114.57
7627D332,2090,76TT625300495,2026-06-30 06:14:31,OIS00013,GNRHCC,5200.62,5120.81
7627D332,2090,76TT625300496,2026-06-30 06:14:31,OIS00013,GNRHCC,5197.19,5127.4
7627D332,2090,76TT625300497,2026-06-30 06:14:31,OIS00013,GNRHCC,5194.43,5139.69
7627D332,2090,76TT625300498,2026-06-30 06:14:31,OIS00013,GNRHCC,5171.46,5132.47
7627D332,2090,76TT625300499,2026-06-30 06:14:31,OIS00013,GNRHCC,5199.9,5151.93
7627D332,2090,76TT625300500,2026-06-30 06:14:31,OIS00013,GNRHCC,5198.57,5145.63
7627D332,2090,76TT625300501,2026-06-30 06:14:31,OIS00013,GNRHCC,5186.09,5119
7627D332,2090,76TT625300502,2026-06-30 06:14:31,OIS00013,GNRHCC,5199.82,5126.72
7627D332,2090,76TT625300503,2026-06-30 06:14:31,OIS00013,GNRHCC,5209.04,5134.32
7627D332,2090,76TT625300504,2026-06-30 06:14:31,OIS00013,GNRHCC,5185.79,5124.66
7627D332,2090,76TT625300505,2026-06-30 06:14:31,OIS00013,GNRHCC,5195.81,5151.77
7627D332,2090,76TT625300506,2026-06-30 06:14:31,OIS00013,GNRHCC,5194.87,5148.05
7627D332,2090,76TT625300507,2026-06-30 06:14:31,OIS00013,GNRHCC,5167.95,5156.84
7627D332,2090,76TT625300508,2026-06-30 06:14:31,OIS00013,GNRHCC,5176.62,5155.56
7627D332,2090,76TT625300509,2026-06-30 06:14:31,OIS00013,GNRHCC,5178.38,5127.32
7627D332,2090,76TT625300510,2026-06-30 06:14:31,OIS00013,GNRHCC,5185.49,5139.91
7627D332,2090,76TT625300511,2026-06-30 06:14:31,OIS00013,GNRHCC,5175.9,5128.1
7627D332,2090,76TT625300512,2026-06-30 06:14:31,OIS00013,GNRHCC,5170.43,5117.35
7627D332,2090,76TT625300513,2026-06-30 06:14:31,OIS00013,GNRHCC,5196.4,5122.12
7627D332,2090,76TT625300514,2026-06-30 06:14:31,OIS00013,GNRHCC,5196.35,5117.22
7627D332,2090,76TT625300515,2026-06-30 06:14:31,OIS00013,GNRHCC,5212.54,5142.1
7627D332,2090,76TT625300516,2026-06-30 06:14:31,OIS00013,GNRHCC,5197.61,5134.26
7627D332,2090,76TT625300517,2026-06-30 06:14:31,OIS00013,GNRHCC,5193.86,5145.9
7627D332,2090,76TT625300518,2026-06-30 06:14:31,OIS00013,GNRHCC,5183.18,5134.59
7627D332,2090,76TT625300519,2026-06-30 06:14:31,OIS00013,GNRHCC,5207.01,5128.91
7627D332,2090,76TT625300520,2026-06-30 06:14:31,OIS00013,GNRHCC,5191.32,5112.61
7627D332,2090,76TT625300541,2026-06-30 06:14:31,OIS00013,GNRHCC,5180.87,5162.13
7627D332,2090,76TT625300542,2026-06-30 06:14:31,OIS00013,GNRHCC,5190.62,5141.95
7627D332,2090,76TT625300543,2026-06-30 06:14:31,OIS00013,GNRHCC,5170.66,5133.26
7627D332,2090,76TT625300544,2026-06-30 06:14:31,OIS00013,GNRHCC,5193.33,5139.69
7627D332,2090,76TT625300545,2026-06-30 06:14:31,OIS00013,GNRHCC,5195.31,5132.61
7627D332,2090,76TT625300546,2026-06-30 06:14:31,OIS00013,GNRHCC,5190.22,5138.91
7627D332,2090,76TT625300547,2026-06-30 06:14:31,OIS00013,GNRHCC,5189.98,5135.37
7627D332,2090,76TT625300548,2026-06-30 06:14:31,OIS00013,GNRHCC,5186.74,5125.08
7627D332,2090,76TT625300549,2026-06-30 06:14:31,OIS00013,GNRHCC,5178.16,5097.96
7627D332,2090,76TT625300550,2026-06-30 06:14:31,OIS00013,GNRHCC,5195.21,5113.72
7627D332,2090,76TT625300551,2026-06-30 06:14:31,OIS00013,GNRHCC,5191.91,5130.28
7627D332,2090,76TT625300552,2026-06-30 06:14:31,OIS00013,GNRHCC,5195.89,5133.38
7627D332,2090,76TT625300553,2026-06-30 06:14:31,OIS00013,GNRHCC,5205.39,5146.78
7627D332,2090,76TT625300554,2026-06-30 06:14:31,OIS00013,GNRHCC,5183.76,5121.72
7627D332,2090,76TT625300555,2026-06-30 06:14:31,OIS00013,GNRHCC,5187.67,5122.01
7627D332,2090,76TT625300556,2026-06-30 06:14:31,OIS00013,GNRHCC,5199.27,5137.73
7627D332,2090,76TT625300557,2026-06-30 06:14:31,OIS00013,GNRHCC,5186.9,5121.33
7627D332,2090,76TT625300558,2026-06-30 06:14:31,OIS00013,GNRHCC,5185.41,5128.39
7627D332,2090,76TT625300559,2026-06-30 06:14:31,OIS00013,GNRHCC,5179.3,5141.92
7627D332,2090,76TT625300560,2026-06-30 06:14:31,OIS00013,GNRHCC,5178.99,5153.44
7627D332,2090,76TT625300561,2026-06-30 06:14:31,OIS00013,GNRHCC,5204.48,5131.07
7627D332,2090,76TT625300562,2026-06-30 06:14:31,OIS00013,GNRHCC,5182.01,5145.14
7627D332,2090,76TT625300563,2026-06-30 06:14:31,OIS00013,GNRHCC,5179.75,5145.2
7627D332,2090,76TT625300564,2026-06-30 06:14:31,OIS00013,GNRHCC,5182.94,5151.54
7627D332,2090,76TT625300565,2026-06-30 06:14:31,OIS00013,GNRHCC,5176.02,5124.73
7627D332,2090,76TT625300566,2026-06-30 06:14:31,OIS00013,GNRHCC,5186.74,5140.33
7627D332,2090,76TT625300567,2026-06-30 06:14:31,OIS00013,GNRHCC,5194.69,5134.12
7627D332,2090,76TT625300568,2026-06-30 06:14:31,OIS00013,GNRHCC,5182.23,5107.81
7627D332,2090,76TT625300569,2026-06-30 06:14:31,OIS00013,GNRHCC,5201.61,5129.38
7627D332,2090,76TT625300570,2026-06-30 06:14:31,OIS00013,GNRHCC,5203.08,5091.51
7627D332,2090,76TT625300571,2026-06-30 06:14:31,OIS00013,GNRHCC,5186.62,5134.77
7627D332,2090,76TT625300572,2026-06-30 06:14:31,OIS00013,GNRHCC,5178.34,5129.26
7627D332,2090,76TT625300573,2026-06-30 06:14:31,OIS00013,GNRHCC,5182.67,5119.76
7627D332,2090,76TT625300574,2026-06-30 06:14:31,OIS00013,GNRHCC,5160.47,5136.89
7627D332,2090,76TT625300575,2026-06-30 06:14:31,OIS00013,GNRHCC,5166.44,5137.24
7627D332,2090,76TT625300576,2026-06-30 06:14:31,OIS00013,GNRHCC,5194.44,5159.28
7627D332,2090,76TT625300577,2026-06-30 06:14:31,OIS00013,GNRHCC,5185.85,5148.33
7627D332,2090,76TT625300578,2026-06-30 06:14:31,OIS00013,GNRHCC,5194.3,5150.29
7627D332,2090,76TT625300579,2026-06-30 06:14:31,OIS00013,GNRHCC,5204.5,5131.06
7627D332,2090,76TT625300580,2026-06-30 06:14:31,OIS00013,GNRHCC,5204.46,5131.79
7627D332,2090,76TT625300601,2026-06-30 06:14:31,OIS00013,GNRHCC,5171.01,5125.46
7627D332,2090,76TT625300602,2026-06-30 06:14:31,OIS00013,GNRHCC,5192.61,5126.57
7627D332,2090,76TT625300603,2026-06-30 06:14:31,OIS00013,GNRHCC,5172.52,5127.06
7627D332,2090,76TT625300604,2026-06-30 06:14:31,OIS00013,GNRHCC,5195.86,5140.95
7627D332,2090,76TT625300605,2026-06-30 06:14:31,OIS00013,GNRHCC,5192.1,5152.39
7627D332,2090,76TT625300606,2026-06-30 06:14:31,OIS00013,GNRHCC,5186.73,5128.17
7627D332,2090,76TT625300607,2026-06-30 06:14:31,OIS00013,GNRHCC,5173.94,5132.59
7627D332,2090,76TT625300608,2026-06-30 06:14:31,OIS00013,GNRHCC,5189.87,5153.08
7627D332,2090,76TT625300609,2026-06-30 06:14:31,OIS00013,GNRHCC,5190.5,5141.53
7627D332,2090,76TT625300610,2026-06-30 06:14:31,OIS00013,GNRHCC,5165.08,5131.77
7627D332,2090,76TT625300611,2026-06-30 06:14:31,OIS00013,GNRHCC,5183.54,5113.45
7627D332,2090,76TT625300612,2026-06-30 06:14:31,OIS00013,GNRHCC,5175.85,5138.4
7627D332,2090,76TT625300613,2026-06-30 06:14:31,OIS00013,GNRHCC,5169.62,5139.86
7627D332,2090,76TT625300614,2026-06-30 06:14:31,OIS00013,GNRHCC,5185.24,5132.49
7627D332,2090,76TT625300615,2026-06-30 06:14:31,OIS00013,GNRHCC,5187.07,5149.76
7627D332,2090,76TT625300616,2026-06-30 06:14:31,OIS00013,GNRHCC,5170,5112.99
7627D332,2090,76TT625300617,2026-06-30 06:14:31,OIS00013,GNRHCC,5209.71,5145.23
7627D332,2090,76TT625300618,2026-06-30 06:14:31,OIS00013,GNRHCC,5196.98,5130.86
7627D332,2090,76TT625300619,2026-06-30 06:14:31,OIS00013,GNRHCC,5182.93,5111.94
7627D332,2090,76TT625300620,2026-06-30 06:14:31,OIS00013,GNRHCC,5192.21,5135.03
7627D332,2090,76TT625300621,2026-06-30 06:14:31,OIS00013,GNRHCC,5210.19,5156.94
7627D332,2090,76TT625300622,2026-06-30 06:14:31,OIS00013,GNRHCC,5180.65,5134.01
7627D332,2090,76TT625300623,2026-06-30 06:14:31,OIS00013,GNRHCC,5187.59,5128.06
7627D332,2090,76TT625300624,2026-06-30 06:14:31,OIS00013,GNRHCC,5181.27,5132.1
7627D332,2090,76TT625300625,2026-06-30 06:14:31,OIS00013,GNRHCC,5178.81,5130.94
7627D332,2090,76TT625300626,2026-06-30 06:14:31,OIS00013,GNRHCC,5181.25,5150.97
7627D332,2090,76TT625300627,2026-06-30 06:14:31,OIS00013,GNRHCC,5171.53,5122.81
7627D332,2090,76TT625300628,2026-06-30 06:14:31,OIS00013,GNRHCC,5188.32,5136.59
7627D332,2090,76TT625300629,2026-06-30 06:14:31,OIS00013,GNRHCC,5172.89,5142.04
7627D332,2090,76TT625300630,2026-06-30 06:14:31,OIS00013,GNRHCC,5188.97,5144.87
7627D332,2090,76TT625300631,2026-06-30 06:14:31,OIS00013,GNRHCC,5179.88,5123.11
7627D332,2090,76TT625300632,2026-06-30 06:14:31,OIS00013,GNRHCC,5144.64,5127.92
7627D332,2090,76TT625300633,2026-06-30 06:14:31,OIS00013,GNRHCC,5188.63,5126.85
7627D332,2090,76TT625300634,2026-06-30 06:14:31,OIS00013,GNRHCC,5194.83,5126.31
7627D332,2090,76TT625300635,2026-06-30 06:14:31,OIS00013,GNRHCC,5189.12,5129.67
7627D332,2090,76TT625300636,2026-06-30 06:14:31,OIS00013,GNRHCC,5171.51,5111.3
7627D332,2090,76TT625300641,2026-06-30 06:14:31,OIS00013,GNRHCC,5161.85,5147.22
7627D332,2090,76TT625300642,2026-06-30 06:14:31,OIS00013,GNRHCC,5188.59,5152.62
7627D332,2090,76TT625300643,2026-06-30 06:14:31,OIS00013,GNRHCC,5168.23,5138.08
7627D332,2090,76TT625300644,2026-06-30 06:14:31,OIS00013,GNRHCC,5185.49,5148.32
7627D332,2090,76TT625300645,2026-06-30 06:14:31,OIS00013,GNRHCC,5177.29,5137.83
7627D332,2090,76TT625300646,2026-06-30 06:14:31,OIS00013,GNRHCC,5178.82,5141.18
7627D332,2090,76TT625300647,2026-06-30 06:14:31,OIS00013,GNRHCC,5184.55,5119.78
7627D332,2090,76TT625300648,2026-06-30 06:14:31,OIS00013,GNRHCC,5184.86,5117.8
7627D332,2090,76TT625300649,2026-06-30 06:14:31,OIS00013,GNRHCC,5172.16,5130.26
7627D332,2090,76TT625300650,2026-06-30 06:14:31,OIS00013,GNRHCC,5193.62,5154.13
7627D332,2090,76TT625300651,2026-06-30 06:14:31,OIS00013,GNRHCC,5197.32,5136.2
7627D332,2090,76TT625300652,2026-06-30 06:14:31,OIS00013,GNRHCC,5180.56,5128.65
7627D332,2090,76TT625300653,2026-06-30 06:14:31,OIS00013,GNRHCC,5207.24,5146.68
7627D332,2090,76TT625300654,2026-06-30 06:14:31,OIS00013,GNRHCC,5200.28,5143.8
7627D332,2090,76TT625300655,2026-06-30 06:14:31,OIS00013,GNRHCC,5191.71,5131.21
7627D332,2090,76TT625300656,2026-06-30 06:14:31,OIS00013,GNRHCC,5179.89,5139.86
7627D332,2090,76TT625300657,2026-06-30 06:14:31,OIS00013,GNRHCC,5192.29,5110.61
7627D332,2090,76TT625300658,2026-06-30 06:14:31,OIS00013,GNRHCC,5211.31,5147.54
7627D332,2090,76TT625300659,2026-06-30 06:14:31,OIS00013,GNRHCC,5190.5,5150.41
7627D332,2090,76TT625300660,2026-06-30 06:14:31,OIS00013,GNRHCC,5189.77,5096.38
7627D332,2090,76TT625300661,2026-06-30 06:14:31,OIS00013,GNRHCC,5188.24,5157.29
7627D332,2090,76TT625300662,2026-06-30 06:14:31,OIS00013,GNRHCC,5186.57,5139.59
7627D332,2090,76TT625300663,2026-06-30 06:14:31,OIS00013,GNRHCC,5191.28,5141.32
7627D332,2090,76TT625300664,2026-06-30 06:14:31,OIS00013,GNRHCC,5175.1,5154.5
7627D332,2090,76TT625300665,2026-06-30 06:14:31,OIS00013,GNRHCC,5207,5124.46
7627D332,2090,76TT625300666,2026-06-30 06:14:31,OIS00013,GNRHCC,5188.91,5135.24
7627D332,2090,76TT625300667,2026-06-30 06:14:31,OIS00013,GNRHCC,5193.36,5149.06
7627D332,2090,76TT625300668,2026-06-30 06:14:31,OIS00013,GNRHCC,5188.84,5138.69
7627D332,2090,76TT625300669,2026-06-30 06:14:31,OIS00013,GNRHCC,5184.65,5151.68
7627D332,2090,76TT625300670,2026-06-30 06:14:31,OIS00013,GNRHCC,5198.08,5141.39
7627D332,2090,76TT625300671,2026-06-30 06:14:31,OIS00013,GNRHCC,5193.67,5139.15
7627D332,2090,76TT625300672,2026-06-30 06:14:31,OIS00013,GNRHCC,5191.1,5133.35
7627D332,2090,76TT625300673,2026-06-30 06:14:31,OIS00013,GNRHCC,5188.82,5139.24
7627D332,2090,76TT625300674,2026-06-30 06:14:31,OIS00013,GNRHCC,5163.07,5142.72
7627D332,2090,76TT625300675,2026-06-30 06:14:31,OIS00013,GNRHCC,5210.46,5142.75
7627D332,2090,76TT625300676,2026-06-30 06:14:31,OIS00013,GNRHCC,5197.4,5154.33
7627D332,2090,76TT625300677,2026-06-30 06:14:31,OIS00013,GNRHCC,5190.61,5134.6
7627D332,2090,76TT625300678,2026-06-30 06:14:31,OIS00013,GNRHCC,5174.03,5111.52
7627D332,2090,76TT625300679,2026-06-30 06:14:31,OIS00013,GNRHCC,5184.85,5126.07
7627D332,2090,76TT625300680,2026-06-30 06:14:31,OIS00013,GNRHCC,5186.24,5126.29
7627D332,2090,76TT625300681,2026-06-30 06:14:31,OIS00013,GNRHCC,5177.75,5150.53
7627D332,2090,76TT625300682,2026-06-30 06:14:31,OIS00013,GNRHCC,5193.5,5117.78
7627D332,2090,76TT625300683,2026-06-30 06:14:31,OIS00013,GNRHCC,5173.24,5134.5
7627D332,2090,76TT625300684,2026-06-30 06:14:31,OIS00013,GNRHCC,5180.32,5153.6
7627D332,2090,76TT625300685,2026-06-30 06:14:31,OIS00013,GNRHCC,5195.27,5158.79
7627D332,2090,76TT625300686,2026-06-30 06:14:31,OIS00013,GNRHCC,5212.01,5157.87
7627D332,2090,76TT625300687,2026-06-30 06:14:31,OIS00013,GNRHCC,5214.42,5150.35
7627D332,2090,76TT625300688,2026-06-30 06:14:31,OIS00013,GNRHCC,5195.63,5110.7
7627D332,2090,76TT625300689,2026-06-30 06:14:31,OIS00013,GNRHCC,5208.96,5125.72
7627D332,2090,76TT625300690,2026-06-30 06:14:31,OIS00013,GNRHCC,5187.66,5138.63
7627D332,2090,76TT625300691,2026-06-30 06:14:31,OIS00013,GNRHCC,5181.02,5142.21
7627D332,2090,76TT625300692,2026-06-30 06:14:31,OIS00013,GNRHCC,5177.79,5117.25
7627D332,2090,76TT625300693,2026-06-30 06:14:31,OIS00013,GNRHCC,5185.48,5135.95
7627D332,2090,76TT625300694,2026-06-30 06:14:31,OIS00013,GNRHCC,5184.28,5153.62
7627D332,2090,76TT625300695,2026-06-30 06:14:31,OIS00013,GNRHCC,5193.06,5128.18
7627D332,2090,76TT625300696,2026-06-30 06:14:31,OIS00013,GNRHCC,5196.28,5138.35
7627D332,2090,76TT625300697,2026-06-30 06:14:31,OIS00013,GNRHCC,5179.91,5129.74
7627D332,2090,76TT625300698,2026-06-30 06:14:31,OIS00013,GNRHCC,5184.34,5133.01
7627D332,2090,76TT625300699,2026-06-30 06:14:31,OIS00013,GNRHCC,5190.64,5122.79
7627D332,2090,76TT625300700,2026-06-30 06:14:31,OIS00013,GNRHCC,5182.77,5134.68
7627D332,2090,76TT625300701,2026-06-30 06:14:31,OIS00013,GNRHCC,5172.22,5139.83
7627D332,2090,76TT625300702,2026-06-30 06:14:31,OIS00013,GNRHCC,5179.87,5130.34
7627D332,2090,76TT625300703,2026-06-30 06:14:31,OIS00013,GNRHCC,5182.08,5140.41
7627D332,2090,76TT625300704,2026-06-30 06:14:31,OIS00013,GNRHCC,5178.61,5130.1
7627D332,2090,76TT625300705,2026-06-30 06:14:31,OIS00013,GNRHCC,5198.86,5130.12
7627D332,2090,76TT625300706,2026-06-30 06:14:31,OIS00013,GNRHCC,5186.33,5141.56
7627D332,2090,76TT625300707,2026-06-30 06:14:31,OIS00013,GNRHCC,5190.57,5108.9
7627D332,2090,76TT625300708,2026-06-30 06:14:31,OIS00013,GNRHCC,5202.19,5119.61
7627D332,2090,76TT625300709,2026-06-30 06:14:31,OIS00013,GNRHCC,5174.63,5109.01
7627D332,2090,76TT625300710,2026-06-30 06:14:31,OIS00013,GNRHCC,5185.73,5098.91
7627D332,2090,76TT625300711,2026-06-30 06:14:31,OIS00013,GNRHCC,5196.02,5125.66
7627D332,2090,76TT625300712,2026-06-30 06:14:31,OIS00013,GNRHCC,5191.05,5124.2
7627D332,2090,76TT625300713,2026-06-30 06:14:31,OIS00013,GNRHCC,5183.77,5126.85
7627D332,2090,76TT625300714,2026-06-30 06:14:31,OIS00013,GNRHCC,5177.48,5118.26
7627D332,2090,76TT625300715,2026-06-30 06:14:31,OIS00013,GNRHCC,5180.58,5142.83
7627D332,2090,76TT625300716,2026-06-30 06:14:31,OIS00013,GNRHCC,5183.68,5155.55
7627D332,2090,76TT625300717,2026-06-30 06:14:31,OIS00013,GNRHCC,5186.67,5138.32
7627D332,2090,76TT625300718,2026-06-30 06:14:31,OIS00013,GNRHCC,5180.58,5137.6
7627D332,2090,76TT625300719,2026-06-30 06:14:31,OIS00013,GNRHCC,5198.11,5138.6
7627D332,2090,76TT625300720,2026-06-30 06:14:31,OIS00013,GNRHCC,5189.87,5127.82
7627D332,2090,76TT625300721,2026-06-30 06:14:31,OIS00013,GNRHCC,5194.24,5132.46
7627D332,2090,76TT625300722,2026-06-30 06:14:31,OIS00013,GNRHCC,5174.92,5127.17
7627D332,2090,76TT625300723,2026-06-30 06:14:31,OIS00013,GNRHCC,5170.94,5112.39
7627D332,2090,76TT625300724,2026-06-30 06:14:31,OIS00013,GNRHCC,5197.74,5144.8
7627D332,2090,76TT625300725,2026-06-30 06:14:31,OIS00013,GNRHCC,5184.72,5110.25
7627D332,2090,76TT625300726,2026-06-30 06:14:31,OIS00013,GNRHCC,5171.41,5116.36
7627D332,2090,76TT625300727,2026-06-30 06:14:31,OIS00013,GNRHCC,5171.54,5124.23
7627D332,2090,76TT625300728,2026-06-30 06:14:31,OIS00013,GNRHCC,5193.61,5135.77
7627D332,2090,76TT625300729,2026-06-30 06:14:31,OIS00013,GNRHCC,5181.51,5126.51
7627D332,2090,76TT625300730,2026-06-30 06:14:31,OIS00013,GNRHCC,5203.52,5160
7627D332,2090,76TT625300731,2026-06-30 06:14:31,OIS00013,GNRHCC,5184.25,5140.13
7627D332,2090,76TT625300732,2026-06-30 06:14:31,OIS00013,GNRHCC,5180.23,5147.59
7627D332,2090,76TT625300733,2026-06-30 06:14:31,OIS00013,GNRHCC,5195.36,5133.76
7627D332,2090,76TT625300734,2026-06-30 06:14:31,OIS00013,GNRHCC,5194.41,5134.71
7627D332,2090,76TT625300735,2026-06-30 06:14:31,OIS00013,GNRHCC,5173.95,5122.92
7627D332,2090,76TT625300736,2026-06-30 06:14:31,OIS00013,GNRHCC,5219.59,5153.87
7627D332,2090,76TT625300737,2026-06-30 06:14:31,OIS00013,GNRHCC,5200.12,5122.92
7627D332,2090,76TT625300738,2026-06-30 06:14:31,OIS00013,GNRHCC,5174.99,5148.77
7627D332,2090,76TT625300739,2026-06-30 06:14:31,OIS00013,GNRHCC,5199.2,5144.39
7627D332,2090,76TT625300740,2026-06-30 06:14:31,OIS00013,GNRHCC,5200.05,5149.17
7627D332,2090,76TT625300741,2026-06-30 06:14:31,OIS00013,GNRHCC,5160.51,5102.07
7627D332,2090,76TT625300742,2026-06-30 06:14:31,OIS00013,GNRHCC,5177.56,5128.96
7627D332,2090,76TT625300743,2026-06-30 06:14:31,OIS00013,GNRHCC,5184.91,5138.78
7627D332,2090,76TT625300744,2026-06-30 06:14:31,OIS00013,GNRHCC,5196.36,5135.98
7627D332,2090,76TT625300745,2026-06-30 06:14:31,OIS00013,GNRHCC,5196,5130.92
7627D332,2090,76TT625300746,2026-06-30 06:14:31,OIS00013,GNRHCC,5167.21,5114.6
7627D332,2090,76TT625300747,2026-06-30 06:14:31,OIS00013,GNRHCC,5194.28,5132.47
7627D332,2090,76TT625300748,2026-06-30 06:14:31,OIS00013,GNRHCC,5190.98,5110.43
7627D332,2090,76TT625300749,2026-06-30 06:14:31,OIS00013,GNRHCC,5197.79,5141.75
7627D332,2090,76TT625300750,2026-06-30 06:14:31,OIS00013,GNRHCC,5191.95,5134.99
7627D332,2090,76TT625300751,2026-06-30 06:14:31,OIS00013,GNRHCC,5179.46,5120.82
7627D332,2090,76TT625300752,2026-06-30 06:14:31,OIS00013,GNRHCC,5193.12,5138.39
7627D332,2090,76TT625300753,2026-06-30 06:14:31,OIS00013,GNRHCC,5183.36,5132.43
7627D332,2090,76TT625300754,2026-06-30 06:14:31,OIS00013,GNRHCC,5188.18,5119.75
7627D332,2090,76TT625300755,2026-06-30 06:14:31,OIS00013,GNRHCC,5185.06,5139.47
7627D332,2090,76TT625300756,2026-06-30 06:14:31,OIS00013,GNRHCC,5202.66,5137.91
7627D332,2090,76TT625300757,2026-06-30 06:14:31,OIS00013,GNRHCC,5161.48,5136.34
7627D332,2090,76TT625300758,2026-06-30 06:14:31,OIS00013,GNRHCC,5174.89,5139.67
7627D332,2090,76TT625300759,2026-06-30 06:14:31,OIS00013,GNRHCC,5167.74,5127.68
7627D332,2090,76TT625300760,2026-06-30 06:14:31,OIS00013,GNRHCC,5184.85,5145.06
7627D332,2090,76TT625300761,2026-06-30 06:14:31,OIS00013,GNRHCC,5187.01,5143.04
7627D332,2090,76TT625300762,2026-06-30 06:14:31,OIS00013,GNRHCC,5202.46,5124.82
7627D332,2090,76TT625300763,2026-06-30 06:14:31,OIS00013,GNRHCC,5176.44,5124.88
7627D332,2090,76TT625300764,2026-06-30 06:14:31,OIS00013,GNRHCC,5194.24,5136.28
7627D332,2090,76TT625300765,2026-06-30 06:14:31,OIS00013,GNRHCC,5188.59,5137.81
7627D332,2090,76TT625300766,2026-06-30 06:14:31,OIS00013,GNRHCC,5181.56,5132.07
7627D332,2090,76TT625300767,2026-06-30 06:14:31,OIS00013,GNRHCC,5193.64,5135.15
7627D332,2090,76TT625300768,2026-06-30 06:14:31,OIS00013,GNRHCC,5185.72,5157.88
7627D332,2090,76TT625300769,2026-06-30 06:14:31,OIS00013,GNRHCC,5194.18,5136.83
7627D332,2090,76TT625300770,2026-06-30 06:14:31,OIS00013,GNRHCC,5186.28,5122.68
7627D332,2090,76TT625300771,2026-06-30 06:14:31,OIS00013,GNRHCC,5197.52,5157.05
7627D332,2090,76TT625300772,2026-06-30 06:14:31,OIS00013,GNRHCC,5177.22,5119.63
7627D332,2090,76TT625300773,2026-06-30 06:14:31,OIS00013,GNRHCC,5204.35,5138.08
7627D332,2090,76TT625300774,2026-06-30 06:14:31,OIS00013,GNRHCC,5197.36,5151.95
7627D332,2090,76TT625300775,2026-06-30 06:14:31,OIS00013,GNRHCC,5209.28,5148.34
7627D332,2090,76TT625300776,2026-06-30 06:14:31,OIS00013,GNRHCC,5200.74,5150.7
7627D332,2090,76TT625300777,2026-06-30 06:14:31,OIS00013,GNRHCC,5198.83,5149.44
7627D332,2090,76TT625300778,2026-06-30 06:14:31,OIS00013,GNRHCC,5198.51,5132.85
7627D332,2090,76TT625300779,2026-06-30 06:14:31,OIS00013,GNRHCC,5199.39,5138.85
7627D332,2090,76TT625300780,2026-06-30 06:14:31,OIS00013,GNRHCC,5205.8,5144.45
7627D332,2090,76TT625300781,2026-06-30 06:14:31,OIS00013,GNRHCC,5196.91,5123.87
7627D332,2090,76TT625300782,2026-06-30 06:14:31,OIS00013,GNRHCC,5205.56,5142.29
7627D332,2090,76TT625300783,2026-06-30 06:14:31,OIS00013,GNRHCC,5196.74,5138.9
7627D332,2090,76TT625300784,2026-06-30 06:14:31,OIS00013,GNRHCC,5187.88,5114.71
7627D332,2090,76TT625300785,2026-06-30 06:14:31,OIS00013,GNRHCC,5189.69,5134.43
7627D332,2090,76TT625300786,2026-06-30 06:14:31,OIS00013,GNRHCC,5210.82,5131.29
7627D332,2090,76TT625300787,2026-06-30 06:14:31,OIS00013,GNRHCC,5203.81,5126.18
7627D332,2090,76TT625300788,2026-06-30 06:14:31,OIS00013,GNRHCC,5195.81,5143.09
7627D332,2090,76TT625300789,2026-06-30 06:14:31,OIS00013,GNRHCC,5176.76,5129.13
7627D332,2090,76TT625300790,2026-06-30 06:14:31,OIS00013,GNRHCC,5204.23,5141.69
7627D332,2090,76TT625300791,2026-06-30 06:14:31,OIS00013,GNRHCC,5177.86,5145.27
7627D332,2090,76TT625300792,2026-06-30 06:14:31,OIS00013,GNRHCC,5180.49,5126.57
7627D332,2090,76TT625300793,2026-06-30 06:14:31,OIS00013,GNRHCC,5186.95,5148.76
7627D332,2090,76TT625300794,2026-06-30 06:14:31,OIS00013,GNRHCC,5148.75,5126.51
7627D332,2090,76TT625300795,2026-06-30 06:14:31,OIS00013,GNRHCC,5181.83,5130.13
7627D332,2090,76TT625300796,2026-06-30 06:14:31,OIS00013,GNRHCC,5209.46,5140.68
7627D332,2090,76TT625300797,2026-06-30 06:14:31,OIS00013,GNRHCC,5189.76,5131.9
7627D332,2090,76TT625300798,2026-06-30 06:14:31,OIS00013,GNRHCC,5180.38,5119.93
7627D332,2090,76TT625300799,2026-06-30 06:14:31,OIS00013,GNRHCC,5195.58,5151.01
7627D332,2090,76TT625300800,2026-06-30 06:14:31,OIS00013,GNRHCC,5192.52,5126.57
7627D332,2090,76TT625300801,2026-06-30 06:14:31,OIS00013,GNRHCC,5211.37,5135.27
7627D332,2090,76TT625300802,2026-06-30 06:14:31,OIS00013,GNRHCC,5191.49,5136.63
7627D332,2090,76TT625300803,2026-06-30 06:14:31,OIS00013,GNRHCC,5191.02,5135.9
7627D332,2090,76TT625300804,2026-06-30 06:14:31,OIS00013,GNRHCC,5194.64,5133.17
7627D332,2090,76TT625300805,2026-06-30 06:14:31,OIS00013,GNRHCC,5193.06,5135.82
7627D332,2090,76TT625300806,2026-06-30 06:14:31,OIS00013,GNRHCC,5178.66,5132.59
7627D332,2090,76TT625300807,2026-06-30 06:14:31,OIS00013,GNRHCC,5202.85,5145.16
7627D332,2090,76TT625300808,2026-06-30 06:14:31,OIS00013,GNRHCC,5183.76,5111.45
7627D332,2090,76TT625300809,2026-06-30 06:14:31,OIS00013,GNRHCC,5195.23,5141.53
7627D332,2090,76TT625300810,2026-06-30 06:14:31,OIS00013,GNRHCC,5197,5140.71
7627D332,2090,76TT625300811,2026-06-30 06:14:31,OIS00013,GNRHCC,5181.39,5120.29
7627D332,2090,76TT625300812,2026-06-30 06:14:31,OIS00013,GNRHCC,5190.01,5138.52
7627D332,2090,76TT625300813,2026-06-30 06:14:31,OIS00013,GNRHCC,5182.67,5142.64
7627D332,2090,76TT625300814,2026-06-30 06:14:31,OIS00013,GNRHCC,5173.56,5114.93
7627D332,2090,76TT625300815,2026-06-30 06:14:31,OIS00013,GNRHCC,5177.02,5148.95
7627D332,2090,76TT625300816,2026-06-30 06:14:31,OIS00013,GNRHCC,5177.39,5129.53
7627D332,2090,76TT625300817,2026-06-30 06:14:31,OIS00013,GNRHCC,5169.94,5133.59
7627D332,2090,76TT625300818,2026-06-30 06:14:31,OIS00013,GNRHCC,5188.92,5146.08
7627D332,2090,76TT625300819,2026-06-30 06:14:31,OIS00013,GNRHCC,5174.42,5148.36
7627D332,2090,76TT625300820,2026-06-30 06:14:31,OIS00013,GNRHCC,5188.71,5149.26
7627D332,2090,76TT625300821,2026-06-30 06:14:31,OIS00013,GNRHCC,5178.09,5153.43
7627D332,2090,76TT625300822,2026-06-30 06:14:31,OIS00013,GNRHCC,5181.56,5126.24
7627D332,2090,76TT625300823,2026-06-30 06:14:31,OIS00013,GNRHCC,5200.04,5139.12
7627D332,2090,76TT625300824,2026-06-30 06:14:31,OIS00013,GNRHCC,5183.17,5152.05
7627D332,2090,76TT625300825,2026-06-30 06:14:31,OIS00013,GNRHCC,5196.13,5151.04
7627D332,2090,76TT625300826,2026-06-30 06:14:31,OIS00013,GNRHCC,5201.25,5136.58
7627D332,2090,76TT625300827,2026-06-30 06:14:31,OIS00013,GNRHCC,5196.13,5140.84
7627D332,2090,76TT625300828,2026-06-30 06:14:31,OIS00013,GNRHCC,5192.2,5129.36
7627D332,2090,76TT625300829,2026-06-30 06:14:31,OIS00013,GNRHCC,5155.84,5112.98
7627D332,2090,76TT625300830,2026-06-30 06:14:31,OIS00013,GNRHCC,5194.01,5138.09
7627D332,2090,76TT625300831,2026-06-30 06:14:31,OIS00013,GNRHCC,5210.53,5148.63
7627D332,2090,76TT625300832,2026-06-30 06:14:31,OIS00013,GNRHCC,5196.67,5148.53
7627D332,2090,76TT625300833,2026-06-30 06:14:31,OIS00013,GNRHCC,5183.05,5143.34
7627D332,2090,76TT625300834,2026-06-30 06:14:31,OIS00013,GNRHCC,5199.29,5147.25
7627D332,2090,76TT625300835,2026-06-30 06:14:31,OIS00013,GNRHCC,5181.38,5130.26
7627D332,2090,76TT625300836,2026-06-30 06:14:31,OIS00013,GNRHCC,5178.6,5153.37
7627D332,2090,76TT625300837,2026-06-30 06:14:31,OIS00013,GNRHCC,5189.35,5149.06
7627D332,2090,76TT625300838,2026-06-30 06:14:31,OIS00013,GNRHCC,5196.16,5142.56
7627D332,2090,76TT625300839,2026-06-30 06:14:31,OIS00013,GNRHCC,5186.03,5129.94
7627D332,2090,76TT625300840,2026-06-30 06:14:31,OIS00013,GNRHCC,5190.14,5124.62
7627D332,2090,76TT625300849,2026-06-30 06:14:31,OIS00013,GNRHCC,5174.88,5114.9
7627D332,2090,76TT625300850,2026-06-30 06:14:31,OIS00013,GNRHCC,5192.37,5111.9
7627D332,2090,76TT625300851,2026-06-30 06:14:31,OIS00013,GNRHCC,5198.12,5129.7
7627D332,2090,76TT625300852,2026-06-30 06:14:31,OIS00013,GNRHCC,5189.21,5147.39
7627D332,2090,76TT625300853,2026-06-30 06:14:31,OIS00013,GNRHCC,5173.57,5128.5
7627D332,2090,76TT625300854,2026-06-30 06:14:31,OIS00013,GNRHCC,5190.92,5140.86
7627D332,2090,76TT625300855,2026-06-30 06:14:31,OIS00013,GNRHCC,5178.09,5141.51
7627D332,2090,76TT625300856,2026-06-30 06:14:31,OIS00013,GNRHCC,5194.62,5142.88
7627D332,2090,76TT625300857,2026-06-30 06:14:31,OIS00013,GNRHCC,5195.4,5140.69
7627D332,2090,76TT625300858,2026-06-30 06:14:31,OIS00013,GNRHCC,5199.3,5128.23
7627D332,2090,76TT625300859,2026-06-30 06:14:31,OIS00013,GNRHCC,5211.01,5144.61
7627D332,2090,76TT625300860,2026-06-30 06:14:31,OIS00013,GNRHCC,5184.77,5143.49
7627D332,2090,76TT625300889,2026-06-30 06:14:31,OIS00013,GNRHCC,5174.14,5126.75
7627D332,2090,76TT625300890,2026-06-30 06:14:31,OIS00013,GNRHCC,5178.48,5156.46
7627D332,2090,76TT625300891,2026-06-30 06:14:31,OIS00013,GNRHCC,5168.55,5131.53
7627D332,2090,76TT625300892,2026-06-30 06:14:31,OIS00013,GNRHCC,5178.35,5111.47
7627D332,2090,76TT625300893,2026-06-30 06:14:31,OIS00013,GNRHCC,5159.04,5135.83
7627D332,2090,76TT625300894,2026-06-30 06:14:31,OIS00013,GNRHCC,5191.71,5137.93
7627D332,2090,76TT625300895,2026-06-30 06:14:31,OIS00013,GNRHCC,5163.72,5139.59
7627D332,2090,76TT625300896,2026-06-30 06:14:31,OIS00013,GNRHCC,5186.29,5144
7627D332,2090,76TT625300897,2026-06-30 06:14:31,OIS00013,GNRHCC,5170.99,5122.44
7627D332,2090,76TT625300898,2026-06-30 06:14:31,OIS00013,GNRHCC,5205.15,5126.95
7627D332,2090,76TT625300899,2026-06-30 06:14:31,OIS00013,GNRHCC,5178.15,5129.18
7627D332,2090,76TT625300900,2026-06-30 06:14:31,OIS00013,GNRHCC,5181.82,5136.38
7627D332,2090,76TT625300901,2026-06-30 06:14:31,OIS00013,GNRHCC,5211.64,5158.13
7627D332,2090,76TT625300902,2026-06-30 06:14:31,OIS00013,GNRHCC,5212.41,5136.94
7627D332,2090,76TT625300903,2026-06-30 06:14:31,OIS00013,GNRHCC,5204.69,5138.58
7627D332,2090,76TT625300904,2026-06-30 06:14:31,OIS00013,GNRHCC,5198.99,5145.63
7627D332,2090,76TT625300905,2026-06-30 06:14:31,OIS00013,GNRHCC,5181.62,5134.36
7627D332,2090,76TT625300906,2026-06-30 06:14:31,OIS00013,GNRHCC,5195.7,5143.56
7627D332,2090,76TT625300907,2026-06-30 06:14:31,OIS00013,GNRHCC,5188.89,5117.08
7627D332,2090,76TT625300908,2026-06-30 06:14:31,OIS00013,GNRHCC,5170.09,5120.58
7627D332,2090,76TT625300909,2026-06-30 06:14:31,OIS00013,GNRHCC,5184.01,5141.06
7627D332,2090,76TT625300910,2026-06-30 06:14:31,OIS00013,GNRHCC,5191.85,5148.99
7627D332,2090,76TT625300911,2026-06-30 06:14:31,OIS00013,GNRHCC,5202.54,5149.02
7627D332,2090,76TT625300912,2026-06-30 06:14:31,OIS00013,GNRHCC,5184.55,5142.51
7627D332,2090,76TT625300913,2026-06-30 06:14:31,OIS00013,GNRHCC,5167.98,5106.08
7627D332,2090,76TT625300914,2026-06-30 06:14:31,OIS00013,GNRHCC,5188.23,5141.11
7627D332,2090,76TT625300915,2026-06-30 06:14:31,OIS00013,GNRHCC,5208.44,5137.02
7627D332,2090,76TT625300916,2026-06-30 06:14:31,OIS00013,GNRHCC,5191.83,5129.14
7627D332,2090,76TT625300917,2026-06-30 06:14:31,OIS00013,GNRHCC,5181.58,5134.35
7627D332,2090,76TT625300918,2026-06-30 06:14:31,OIS00013,GNRHCC,5162.46,5140.36
7627D332,2090,76TT625300919,2026-06-30 06:14:31,OIS00013,GNRHCC,5171.61,5126.29
7627D332,2090,76TT625300920,2026-06-30 06:14:31,OIS00013,GNRHCC,5194,5132.2
7627D332,2090,76TT625301081,2026-06-30 06:14:31,OIS00013,GNRHCC,5172.12,5147.1
7627D332,2090,76TT625301082,2026-06-30 06:14:31,OIS00013,GNRHCC,5160.47,5133.94
7627D332,2090,76TT625301083,2026-06-30 06:14:31,OIS00013,GNRHCC,5176.61,5144.13
7627D332,2090,76TT625301084,2026-06-30 06:14:31,OIS00013,GNRHCC,5175.7,5149.31
7627D332,2090,76TT625301085,2026-06-30 06:14:31,OIS00013,GNRHCC,5179.13,5139.24
7627D332,2090,76TT625301086,2026-06-30 06:14:31,OIS00013,GNRHCC,5187.86,5130.11
7627D332,2090,76TT625301087,2026-06-30 06:14:31,OIS00013,GNRHCC,5191.65,5133.22
7627D332,2090,76TT625301088,2026-06-30 06:14:31,OIS00013,GNRHCC,5194.84,5133.43
7627D332,2090,76TT625301141,2026-06-30 06:14:31,OIS00013,GNRHCC,5179.19,5108.09
7627D332,2090,76TT625301142,2026-06-30 06:14:31,OIS00013,GNRHCC,5193.14,5123.6
7627D332,2090,76TT625301143,2026-06-30 06:14:31,OIS00013,GNRHCC,5183.17,5134.55
7627D332,2090,76TT625301144,2026-06-30 06:14:31,OIS00013,GNRHCC,5174.02,5110.21
7627D332,2090,76TT625301145,2026-06-30 06:14:31,OIS00013,GNRHCC,5147.66,5141.54
7627D332,2090,76TT625301146,2026-06-30 06:14:31,OIS00013,GNRHCC,5180.94,5141.33
7627D332,2090,76TT625301147,2026-06-30 06:14:31,OIS00013,GNRHCC,5182.88,5162.2
7627D332,2090,76TT625301148,2026-06-30 06:14:31,OIS00013,GNRHCC,5171.46,5151.63
7627D332,2090,76TT625301149,2026-06-30 06:14:31,OIS00013,GNRHCC,5186.29,5139.22
7627D332,2090,76TT625301150,2026-06-30 06:14:31,OIS00013,GNRHCC,5178.39,5145.07
7627D332,2090,76TT625301151,2026-06-30 06:14:31,OIS00013,GNRHCC,5195.89,5140.56
7627D332,2090,76TT625301152,2026-06-30 06:14:31,OIS00013,GNRHCC,5196.97,5141.26
7627D332,2090,76TT625301153,2026-06-30 06:14:31,OIS00013,GNRHCC,5182.9,5135.57
7627D332,2090,76TT625301154,2026-06-30 06:14:31,OIS00013,GNRHCC,5202.76,5125.2
7627D332,2090,76TT625301155,2026-06-30 06:14:31,OIS00013,GNRHCC,5185.48,5149.98
7627D332,2090,76TT625301156,2026-06-30 06:14:31,OIS00013,GNRHCC,5185.08,5147.58
7627D332,2090,76TT625301157,2026-06-30 06:14:31,OIS00013,GNRHCC,5182.86,5122.83
7627D332,2090,76TT625301158,2026-06-30 06:14:31,OIS00013,GNRHCC,5204.29,5148.46
7627D332,2090,76TT625301159,2026-06-30 06:14:31,OIS00013,GNRHCC,5177.32,5163.02
7627D332,2090,76TT625301160,2026-06-30 06:14:31,OIS00013,GNRHCC,5185.58,5151.88
7627D332,2090,76TT625301329,2026-06-30 06:14:31,OIS00013,GNRHCC,5184.78,5144.01
7627D332,2090,76TT625301330,2026-06-30 06:14:31,OIS00013,GNRHCC,5182.83,5134.2
7627D332,2090,76TT625301331,2026-06-30 06:14:31,OIS00013,GNRHCC,5188.79,5137.17
7627D332,2090,76TT625301332,2026-06-30 06:14:31,OIS00013,GNRHCC,5165.69,5118.65
7627D332,2090,76TT625301333,2026-06-30 06:14:31,OIS00013,GNRHCC,5196.33,5117.94
7627D332,2090,76TT625301334,2026-06-30 06:14:31,OIS00013,GNRHCC,5183.55,5153.38
7627D332,2090,76TT625301335,2026-06-30 06:14:31,OIS00013,GNRHCC,5186.07,5147.73
7627D332,2090,76TT625301336,2026-06-30 06:14:31,OIS00013,GNRHCC,5205.9,5136.44
7627D332,2090,76TT625301337,2026-06-30 06:14:31,OIS00013,GNRHCC,5174.24,5125.99
7627D332,2090,76TT625301338,2026-06-30 06:14:31,OIS00013,GNRHCC,5180.18,5124.97
7627D332,2090,76TT625301339,2026-06-30 06:14:31,OIS00013,GNRHCC,5170.77,5121.86
7627D332,2090,76TT625301340,2026-06-30 06:14:31,OIS00013,GNRHCC,5196.21,5134.48
7627D332,2090,76TT625301341,2026-06-30 06:14:31,OIS00013,GNRHCC,5189.57,5128.78
7627D332,2090,76TT625301342,2026-06-30 06:14:31,OIS00013,GNRHCC,5174.27,5145.2
7627D332,2090,76TT625301343,2026-06-30 06:14:31,OIS00013,GNRHCC,5181.67,5134.17
7627D332,2090,76TT625301344,2026-06-30 06:14:31,OIS00013,GNRHCC,5178.13,5126.43
7627D332,2090,76TT625301345,2026-06-30 06:14:31,OIS00013,GNRHCC,5195.07,5130.07
7627D332,2090,76TT625301346,2026-06-30 06:14:31,OIS00013,GNRHCC,5171.15,5097.03
7627D332,2090,76TT625301347,2026-06-30 06:14:31,OIS00013,GNRHCC,5181.58,5127.4
7627D332,2090,76TT625301348,2026-06-30 06:14:31,OIS00013,GNRHCC,5199.08,5133.85
7627D332,2090,76TT625301349,2026-06-30 06:14:31,OIS00013,GNRHCC,5180.2,5137.68
7627D332,2090,76TT625301350,2026-06-30 06:14:31,OIS00013,GNRHCC,5180.31,5138.08
7627D332,2090,76TT625301351,2026-06-30 06:14:31,OIS00013,GNRHCC,5179.31,5139.96
7627D332,2090,76TT625301352,2026-06-30 06:14:31,OIS00013,GNRHCC,5182.66,5154.67
7627D332,2090,76TT625301353,2026-06-30 06:14:31,OIS00013,GNRHCC,5201.02,5154.25
7627D332,2090,76TT625301354,2026-06-30 06:14:31,OIS00013,GNRHCC,5190.48,5160.35
7627D332,2090,76TT625301355,2026-06-30 06:14:31,OIS00013,GNRHCC,5173.88,5123.24
7627D332,2090,76TT625301356,2026-06-30 06:14:31,OIS00013,GNRHCC,5162.69,5137.79
7627D332,2090,76TT625301357,2026-06-30 06:14:31,OIS00013,GNRHCC,5206.36,5150.19
7627D332,2090,76TT625301358,2026-06-30 06:14:31,OIS00013,GNRHCC,5202.45,5144.24
7627D332,2090,76TT625301359,2026-06-30 06:14:31,OIS00013,GNRHCC,5199.82,5138.08
7627D332,2090,76TT625301360,2026-06-30 06:14:31,OIS00013,GNRHCC,5198.52,5142.43
